URL,Version,Status,OIDs,Name,Title,Description,Uses,Used,Sources
https://clinyqai.github.io/open-nursing-core-ig/ValueSet/goal-evaluation-valueset,1.0.0,active,,GoalEvaluationValueSet,Goal Evaluation Value Set,"","StructureDefinition/onc-goal-evaluation","SCT"
https://clinyqai.github.io/open-nursing-core-ig/ValueSet/housing-status-vs,1.0.0,active,,HousingStatusVS,Housing Status Value Set,"",,"SCT"
https://clinyqai.github.io/open-nursing-core-ig/ValueSet/nursing-intervention-valueset,1.0.0,active,,NursingInterventionValueSet,Nursing Intervention Value Set,"","StructureDefinition/onc-nursing-intervention","SCT"
https://clinyqai.github.io/open-nursing-core-ig/ValueSet/nursing-problem-valueset,1.0.0,active,,NursingProblemValueSet,Nursing Problem Value Set,"","StructureDefinition/onc-nursing-problem","SCT"
https://clinyqai.github.io/open-nursing-core-ig/ValueSet/onc-monk-scale-vs,1.0.0,active,,ONCMonkScaleVS,Monk Skin Tone Scale ValueSet,"","StructureDefinition/onc-monk-skintone-observation","Internal"
https://clinyqai.github.io/open-nursing-core-ig/ValueSet/problem-category-valueset,1.0.0,active,,ProblemCategoryValueSet,Problem Category Value Set,"","StructureDefinition/onc-nursing-problem","Internal"
https://clinyqai.github.io/open-nursing-core-ig/ValueSet/skintone-vs,1.0.0,active,,SkinToneVS,Fitzpatrick Skin Tone Value Set,"","StructureDefinition/onc-skintone-observation","SCT"
