{
  "resourceType" : "Bundle",
  "id" : "ac0413c4-c997-4325-8316-cb02aeaaaf7f",
  "meta" : {
    "lastUpdated" : "2025-12-26T14:29:21.906+00:00"
  },
  "type" : "collection",
  "entry" : [{
    "fullUrl" : "https://clinyqai.github.io/open-nursing-core-ig/ValueSet/acvpu-vs",
    "resource" : {
      "resourceType" : "ValueSet",
      "text" : {
        "status" : "generated",
        "div" : "<div xmlns=\"http://www.w3.org/1999/xhtml\" data-fhir=\"generated\"><p class=\"res-header-id\"/><p style=\"border: black 1px dotted; background-color: #EEEEEE; padding: 8px; margin-bottom: 8px\">Expansion from tx.fhir.org based on SNOMED CT International edition 01-Feb 2025<span class=\"copy-text-inline\"><button data-clipboard-text=\"http://snomed.info/sct|http://snomed.info/sct/900000000000207008/version/20250201\" title=\"Click to Copy URL\" class=\"btn-copy\"> </button></span></p><p>This value set contains 5 concepts</p><table class=\"codes\" data-fhir=\"generated\"><tr><td><b>System</b></td><td style=\"white-space:nowrap\"><b>Code</b></td><td><b>Display (en)</b></td><td><b>JSON</b></td><td><b>XML</b></td></tr><tr><td><a name=\"x-http://snomed.info/sct-248234008\"> </a><code>http://snomed.info/sct</code></td><td style=\"white-space:nowrap\">\u00a0\u00a0<a href=\"http://snomed.info/id/248234008\">248234008</a></td><td>Mentally alert</td><td><span class=\"copy-text-inline\"><button data-clipboard-text=\"{&quot;system&quot;: &quot;http://snomed.info/sct&quot;, &quot;version&quot;: &quot;http://snomed.info/sct/900000000000207008/version/20250201&quot;, &quot;code&quot;: &quot;248234008&quot;, &quot;display&quot;: &quot;Mentally alert&quot;}\" title=\"Click to Copy as Coding\" class=\"btn-copy\"> </button></span></td><td><span class=\"copy-text-inline\"><button data-clipboard-text=\"&lt;coding&gt;&lt;system value=&quot;http://snomed.info/sct&quot;&gt;&lt;version value=&quot;http://snomed.info/sct/900000000000207008/version/20250201&quot;&gt;&lt;code value=&quot;248234008&quot;&gt;&lt;display value=&quot;Mentally alert&quot;&gt;&lt;/coding&gt;\" title=\"Click to Copy as Coding\" class=\"btn-copy\"> </button></span></td></tr><tr><td><a name=\"x-http://snomed.info/sct-300202002\"> </a><code>http://snomed.info/sct</code></td><td style=\"white-space:nowrap\">\u00a0\u00a0<a href=\"http://snomed.info/id/300202002\">300202002</a></td><td>Responds to voice</td><td><span class=\"copy-text-inline\"><button data-clipboard-text=\"{&quot;system&quot;: &quot;http://snomed.info/sct&quot;, &quot;version&quot;: &quot;http://snomed.info/sct/900000000000207008/version/20250201&quot;, &quot;code&quot;: &quot;300202002&quot;, &quot;display&quot;: &quot;Responds to voice&quot;}\" title=\"Click to Copy as Coding\" class=\"btn-copy\"> </button></span></td><td><span class=\"copy-text-inline\"><button data-clipboard-text=\"&lt;coding&gt;&lt;system value=&quot;http://snomed.info/sct&quot;&gt;&lt;version value=&quot;http://snomed.info/sct/900000000000207008/version/20250201&quot;&gt;&lt;code value=&quot;300202002&quot;&gt;&lt;display value=&quot;Responds to voice&quot;&gt;&lt;/coding&gt;\" title=\"Click to Copy as Coding\" class=\"btn-copy\"> </button></span></td></tr><tr><td><a name=\"x-http://snomed.info/sct-450847001\"> </a><code>http://snomed.info/sct</code></td><td style=\"white-space:nowrap\">\u00a0\u00a0<a href=\"http://snomed.info/id/450847001\">450847001</a></td><td>Responds to pain (finding)</td><td><span class=\"copy-text-inline\"><button data-clipboard-text=\"{&quot;system&quot;: &quot;http://snomed.info/sct&quot;, &quot;version&quot;: &quot;http://snomed.info/sct/900000000000207008/version/20250201&quot;, &quot;code&quot;: &quot;450847001&quot;, &quot;display&quot;: &quot;Responds to pain (finding)&quot;}\" title=\"Click to Copy as Coding\" class=\"btn-copy\"> </button></span></td><td><span class=\"copy-text-inline\"><button data-clipboard-text=\"&lt;coding&gt;&lt;system value=&quot;http://snomed.info/sct&quot;&gt;&lt;version value=&quot;http://snomed.info/sct/900000000000207008/version/20250201&quot;&gt;&lt;code value=&quot;450847001&quot;&gt;&lt;display value=&quot;Responds to pain (finding)&quot;&gt;&lt;/coding&gt;\" title=\"Click to Copy as Coding\" class=\"btn-copy\"> </button></span></td></tr><tr><td><a name=\"x-http://snomed.info/sct-422768004\"> </a><code>http://snomed.info/sct</code></td><td style=\"white-space:nowrap\">\u00a0\u00a0<a href=\"http://snomed.info/id/422768004\">422768004</a></td><td>Unresponsive (finding)</td><td><span class=\"copy-text-inline\"><button data-clipboard-text=\"{&quot;system&quot;: &quot;http://snomed.info/sct&quot;, &quot;version&quot;: &quot;http://snomed.info/sct/900000000000207008/version/20250201&quot;, &quot;code&quot;: &quot;422768004&quot;, &quot;display&quot;: &quot;Unresponsive (finding)&quot;}\" title=\"Click to Copy as Coding\" class=\"btn-copy\"> </button></span></td><td><span class=\"copy-text-inline\"><button data-clipboard-text=\"&lt;coding&gt;&lt;system value=&quot;http://snomed.info/sct&quot;&gt;&lt;version value=&quot;http://snomed.info/sct/900000000000207008/version/20250201&quot;&gt;&lt;code value=&quot;422768004&quot;&gt;&lt;display value=&quot;Unresponsive (finding)&quot;&gt;&lt;/coding&gt;\" title=\"Click to Copy as Coding\" class=\"btn-copy\"> </button></span></td></tr><tr><td><a name=\"x-http://snomed.info/sct-130987000\"> </a><code>http://snomed.info/sct</code></td><td style=\"white-space:nowrap\">\u00a0\u00a0<a href=\"http://snomed.info/id/130987000\">130987000</a></td><td>Acute confusion</td><td><span class=\"copy-text-inline\"><button data-clipboard-text=\"{&quot;system&quot;: &quot;http://snomed.info/sct&quot;, &quot;version&quot;: &quot;http://snomed.info/sct/900000000000207008/version/20250201&quot;, &quot;code&quot;: &quot;130987000&quot;, &quot;display&quot;: &quot;Acute confusion&quot;}\" title=\"Click to Copy as Coding\" class=\"btn-copy\"> </button></span></td><td><span class=\"copy-text-inline\"><button data-clipboard-text=\"&lt;coding&gt;&lt;system value=&quot;http://snomed.info/sct&quot;&gt;&lt;version value=&quot;http://snomed.info/sct/900000000000207008/version/20250201&quot;&gt;&lt;code value=&quot;130987000&quot;&gt;&lt;display value=&quot;Acute confusion&quot;&gt;&lt;/coding&gt;\" title=\"Click to Copy as Coding\" class=\"btn-copy\"> </button></span></td></tr></table></div>"
      },
      "url" : "https://clinyqai.github.io/open-nursing-core-ig/ValueSet/acvpu-vs",
      "version" : "0.1.0",
      "name" : "ACVPUValueSet",
      "title" : "ACVPU Value Set",
      "status" : "draft",
      "date" : "2025-12-26T14:29:21+00:00",
      "expansion" : {
        "identifier" : "urn:uuid:329488dc-2900-48f1-9cba-d662b0b2ed27",
        "timestamp" : "2025-12-26T14:30:23+00:00",
        "total" : 5,
        "offset" : 0,
        "parameter" : [{
          "name" : "displayLanguage",
          "valueCode" : "en"
        },
        {
          "name" : "count",
          "valueInteger" : 1000
        },
        {
          "name" : "offset",
          "valueInteger" : 0
        },
        {
          "name" : "excludeNested",
          "valueBoolean" : false
        },
        {
          "name" : "used-valueset",
          "valueUri" : "null"
        },
        {
          "name" : "used-codesystem",
          "valueUri" : "http://snomed.info/sct|http://snomed.info/sct/900000000000207008/version/20250201"
        }],
        "contains" : [{
          "system" : "http://snomed.info/sct",
          "code" : "248234008",
          "display" : "Mentally alert"
        },
        {
          "system" : "http://snomed.info/sct",
          "code" : "300202002",
          "display" : "Responds to voice"
        },
        {
          "system" : "http://snomed.info/sct",
          "code" : "450847001",
          "display" : "Responds to pain (finding)"
        },
        {
          "system" : "http://snomed.info/sct",
          "code" : "422768004",
          "display" : "Unresponsive (finding)"
        },
        {
          "system" : "http://snomed.info/sct",
          "code" : "130987000",
          "display" : "Acute confusion"
        }]
      }
    }
  },
  {
    "fullUrl" : "https://clinyqai.github.io/open-nursing-core-ig/ValueSet/goal-evaluation-valueset",
    "resource" : {
      "resourceType" : "ValueSet",
      "text" : {
        "status" : "generated",
        "div" : "<div xmlns=\"http://www.w3.org/1999/xhtml\" data-fhir=\"generated\"><p class=\"res-header-id\"/><p style=\"border: black 1px dotted; background-color: #EEEEEE; padding: 8px; margin-bottom: 8px\">Expansion from tx.fhir.org based on SNOMED CT International edition 01-Feb 2025<span class=\"copy-text-inline\"><button data-clipboard-text=\"http://snomed.info/sct|http://snomed.info/sct/900000000000207008/version/20250201\" title=\"Click to Copy URL\" class=\"btn-copy\"> </button></span></p><p>This value set contains 3 concepts</p><table class=\"codes\" data-fhir=\"generated\"><tr><td><b>System</b></td><td style=\"white-space:nowrap\"><b>Code</b></td><td><b>Display (en)</b></td><td><b>Inactive</b></td><td><b><a href=\"http://hl7.org/fhir/concept-properties#status\">status</a></b></td><td><b>JSON</b></td><td><b>XML</b></td></tr><tr><td><a name=\"x-http://snomed.info/sct-370996005\"> </a><code>http://snomed.info/sct</code></td><td style=\"white-space:nowrap\">\u00a0\u00a0<a href=\"http://snomed.info/id/370996005\">370996005</a></td><td>Patient condition resolved (finding)</td><td/><td/><td><span class=\"copy-text-inline\"><button data-clipboard-text=\"{&quot;system&quot;: &quot;http://snomed.info/sct&quot;, &quot;version&quot;: &quot;http://snomed.info/sct/900000000000207008/version/20250201&quot;, &quot;code&quot;: &quot;370996005&quot;, &quot;display&quot;: &quot;Patient condition resolved (finding)&quot;}\" title=\"Click to Copy as Coding\" class=\"btn-copy\"> </button></span></td><td><span class=\"copy-text-inline\"><button data-clipboard-text=\"&lt;coding&gt;&lt;system value=&quot;http://snomed.info/sct&quot;&gt;&lt;version value=&quot;http://snomed.info/sct/900000000000207008/version/20250201&quot;&gt;&lt;code value=&quot;370996005&quot;&gt;&lt;display value=&quot;Patient condition resolved (finding)&quot;&gt;&lt;/coding&gt;\" title=\"Click to Copy as Coding\" class=\"btn-copy\"> </button></span></td></tr><tr><td><a name=\"x-http://snomed.info/sct-385634002\"> </a><code>http://snomed.info/sct</code></td><td style=\"white-space:nowrap\">\u00a0\u00a0<a href=\"http://snomed.info/id/385634002\">385634002</a></td><td>Change patterns (qualifier value)</td><td/><td/><td><span class=\"copy-text-inline\"><button data-clipboard-text=\"{&quot;system&quot;: &quot;http://snomed.info/sct&quot;, &quot;version&quot;: &quot;http://snomed.info/sct/900000000000207008/version/20250201&quot;, &quot;code&quot;: &quot;385634002&quot;, &quot;display&quot;: &quot;Change patterns (qualifier value)&quot;}\" title=\"Click to Copy as Coding\" class=\"btn-copy\"> </button></span></td><td><span class=\"copy-text-inline\"><button data-clipboard-text=\"&lt;coding&gt;&lt;system value=&quot;http://snomed.info/sct&quot;&gt;&lt;version value=&quot;http://snomed.info/sct/900000000000207008/version/20250201&quot;&gt;&lt;code value=&quot;385634002&quot;&gt;&lt;display value=&quot;Change patterns (qualifier value)&quot;&gt;&lt;/coding&gt;\" title=\"Click to Copy as Coding\" class=\"btn-copy\"> </button></span></td></tr><tr><td><a name=\"x-http://snomed.info/sct-118222006\"> </a><code>http://snomed.info/sct</code></td><td style=\"white-space:nowrap\">\u00a0\u00a0<a href=\"http://snomed.info/id/118222006\">118222006</a></td><td>General finding of observation of patient</td><td>inactive</td><td>inactive</td><td><span class=\"copy-text-inline\"><button data-clipboard-text=\"{&quot;system&quot;: &quot;http://snomed.info/sct&quot;, &quot;version&quot;: &quot;http://snomed.info/sct/900000000000207008/version/20250201&quot;, &quot;code&quot;: &quot;118222006&quot;, &quot;display&quot;: &quot;General finding of observation of patient&quot;}\" title=\"Click to Copy as Coding\" class=\"btn-copy\"> </button></span></td><td><span class=\"copy-text-inline\"><button data-clipboard-text=\"&lt;coding&gt;&lt;system value=&quot;http://snomed.info/sct&quot;&gt;&lt;version value=&quot;http://snomed.info/sct/900000000000207008/version/20250201&quot;&gt;&lt;code value=&quot;118222006&quot;&gt;&lt;display value=&quot;General finding of observation of patient&quot;&gt;&lt;/coding&gt;\" title=\"Click to Copy as Coding\" class=\"btn-copy\"> </button></span></td></tr></table></div>"
      },
      "url" : "https://clinyqai.github.io/open-nursing-core-ig/ValueSet/goal-evaluation-valueset",
      "version" : "0.1.0",
      "name" : "GoalEvaluationValueSet",
      "title" : "Goal Evaluation Value Set",
      "status" : "draft",
      "experimental" : false,
      "date" : "2025-12-26T14:29:21+00:00",
      "expansion" : {
        "identifier" : "urn:uuid:81d17bd6-7604-4d84-b9bd-a36c03dcb2c2",
        "timestamp" : "2025-12-26T14:30:27+00:00",
        "total" : 3,
        "offset" : 0,
        "parameter" : [{
          "name" : "displayLanguage",
          "valueCode" : "en"
        },
        {
          "name" : "count",
          "valueInteger" : 1000
        },
        {
          "name" : "offset",
          "valueInteger" : 0
        },
        {
          "name" : "excludeNested",
          "valueBoolean" : false
        },
        {
          "name" : "used-valueset",
          "valueUri" : "null"
        },
        {
          "name" : "used-codesystem",
          "valueUri" : "http://snomed.info/sct|http://snomed.info/sct/900000000000207008/version/20250201"
        }],
        "property" : [{
          "code" : "status",
          "uri" : "http://hl7.org/fhir/concept-properties#status"
        }],
        "contains" : [{
          "system" : "http://snomed.info/sct",
          "code" : "370996005",
          "display" : "Patient condition resolved (finding)"
        },
        {
          "system" : "http://snomed.info/sct",
          "code" : "385634002",
          "display" : "Change patterns (qualifier value)"
        },
        {
          "system" : "http://snomed.info/sct",
          "inactive" : true,
          "code" : "118222006",
          "display" : "General finding of observation of patient",
          "property" : [{
            "code" : "status",
            "valueCode" : "inactive"
          }]
        }]
      }
    }
  },
  {
    "fullUrl" : "https://clinyqai.github.io/open-nursing-core-ig/ValueSet/housing-status-vs",
    "resource" : {
      "resourceType" : "ValueSet",
      "text" : {
        "status" : "generated",
        "div" : "<div xmlns=\"http://www.w3.org/1999/xhtml\" data-fhir=\"generated\"><p class=\"res-header-id\"/><p style=\"border: black 1px dotted; background-color: #EEEEEE; padding: 8px; margin-bottom: 8px\">Expansion from tx.fhir.org based on SNOMED CT International edition 01-Feb 2025<span class=\"copy-text-inline\"><button data-clipboard-text=\"http://snomed.info/sct|http://snomed.info/sct/900000000000207008/version/20250201\" title=\"Click to Copy URL\" class=\"btn-copy\"> </button></span></p><p>This value set contains 2 concepts</p><table class=\"codes\" data-fhir=\"generated\"><tr><td><b>System</b></td><td style=\"white-space:nowrap\"><b>Code</b></td><td><b>Display (en)</b></td><td><b>JSON</b></td><td><b>XML</b></td></tr><tr><td><a name=\"x-http://snomed.info/sct-266935003\"> </a><code>http://snomed.info/sct</code></td><td style=\"white-space:nowrap\">\u00a0\u00a0<a href=\"http://snomed.info/id/266935003\">266935003</a></td><td>Housing lack</td><td><span class=\"copy-text-inline\"><button data-clipboard-text=\"{&quot;system&quot;: &quot;http://snomed.info/sct&quot;, &quot;version&quot;: &quot;http://snomed.info/sct/900000000000207008/version/20250201&quot;, &quot;code&quot;: &quot;266935003&quot;, &quot;display&quot;: &quot;Housing lack&quot;}\" title=\"Click to Copy as Coding\" class=\"btn-copy\"> </button></span></td><td><span class=\"copy-text-inline\"><button data-clipboard-text=\"&lt;coding&gt;&lt;system value=&quot;http://snomed.info/sct&quot;&gt;&lt;version value=&quot;http://snomed.info/sct/900000000000207008/version/20250201&quot;&gt;&lt;code value=&quot;266935003&quot;&gt;&lt;display value=&quot;Housing lack&quot;&gt;&lt;/coding&gt;\" title=\"Click to Copy as Coding\" class=\"btn-copy\"> </button></span></td></tr><tr><td><a name=\"x-http://snomed.info/sct-224224003\"> </a><code>http://snomed.info/sct</code></td><td style=\"white-space:nowrap\">\u00a0\u00a0<a href=\"http://snomed.info/id/224224003\">224224003</a></td><td>Lives in staffed home</td><td><span class=\"copy-text-inline\"><button data-clipboard-text=\"{&quot;system&quot;: &quot;http://snomed.info/sct&quot;, &quot;version&quot;: &quot;http://snomed.info/sct/900000000000207008/version/20250201&quot;, &quot;code&quot;: &quot;224224003&quot;, &quot;display&quot;: &quot;Lives in staffed home&quot;}\" title=\"Click to Copy as Coding\" class=\"btn-copy\"> </button></span></td><td><span class=\"copy-text-inline\"><button data-clipboard-text=\"&lt;coding&gt;&lt;system value=&quot;http://snomed.info/sct&quot;&gt;&lt;version value=&quot;http://snomed.info/sct/900000000000207008/version/20250201&quot;&gt;&lt;code value=&quot;224224003&quot;&gt;&lt;display value=&quot;Lives in staffed home&quot;&gt;&lt;/coding&gt;\" title=\"Click to Copy as Coding\" class=\"btn-copy\"> </button></span></td></tr></table></div>"
      },
      "url" : "https://clinyqai.github.io/open-nursing-core-ig/ValueSet/housing-status-vs",
      "version" : "0.1.0",
      "name" : "HousingStatusVS",
      "title" : "Housing Status Value Set",
      "status" : "draft",
      "experimental" : false,
      "date" : "2025-12-26T14:29:21+00:00",
      "expansion" : {
        "identifier" : "urn:uuid:7cad4686-b16d-47e3-957f-49b9fd63a9b6",
        "timestamp" : "2025-12-26T14:30:32+00:00",
        "total" : 2,
        "offset" : 0,
        "parameter" : [{
          "name" : "displayLanguage",
          "valueCode" : "en"
        },
        {
          "name" : "count",
          "valueInteger" : 1000
        },
        {
          "name" : "offset",
          "valueInteger" : 0
        },
        {
          "name" : "excludeNested",
          "valueBoolean" : false
        },
        {
          "name" : "used-valueset",
          "valueUri" : "null"
        },
        {
          "name" : "used-codesystem",
          "valueUri" : "http://snomed.info/sct|http://snomed.info/sct/900000000000207008/version/20250201"
        }],
        "contains" : [{
          "system" : "http://snomed.info/sct",
          "code" : "266935003",
          "display" : "Housing lack"
        },
        {
          "system" : "http://snomed.info/sct",
          "code" : "224224003",
          "display" : "Lives in staffed home"
        }]
      }
    }
  },
  {
    "fullUrl" : "https://clinyqai.github.io/open-nursing-core-ig/ValueSet/inspired-oxygen-vs",
    "resource" : {
      "resourceType" : "ValueSet",
      "text" : {
        "status" : "generated",
        "div" : "<div xmlns=\"http://www.w3.org/1999/xhtml\" data-fhir=\"generated\"><p class=\"res-header-id\"/><p style=\"border: black 1px dotted; background-color: #EEEEEE; padding: 8px; margin-bottom: 8px\">Expansion from tx.fhir.org based on SNOMED CT International edition 01-Feb 2025<span class=\"copy-text-inline\"><button data-clipboard-text=\"http://snomed.info/sct|http://snomed.info/sct/900000000000207008/version/20250201\" title=\"Click to Copy URL\" class=\"btn-copy\"> </button></span></p><p>This value set contains 2 concepts</p><table class=\"codes\" data-fhir=\"generated\"><tr><td><b>System</b></td><td style=\"white-space:nowrap\"><b>Code</b></td><td><b>Display (en)</b></td><td><b>JSON</b></td><td><b>XML</b></td></tr><tr><td><a name=\"x-http://snomed.info/sct-722742002\"> </a><code>http://snomed.info/sct</code></td><td style=\"white-space:nowrap\">\u00a0\u00a0<a href=\"http://snomed.info/id/722742002\">722742002</a></td><td>Breathing room air (finding)</td><td><span class=\"copy-text-inline\"><button data-clipboard-text=\"{&quot;system&quot;: &quot;http://snomed.info/sct&quot;, &quot;version&quot;: &quot;http://snomed.info/sct/900000000000207008/version/20250201&quot;, &quot;code&quot;: &quot;722742002&quot;, &quot;display&quot;: &quot;Breathing room air (finding)&quot;}\" title=\"Click to Copy as Coding\" class=\"btn-copy\"> </button></span></td><td><span class=\"copy-text-inline\"><button data-clipboard-text=\"&lt;coding&gt;&lt;system value=&quot;http://snomed.info/sct&quot;&gt;&lt;version value=&quot;http://snomed.info/sct/900000000000207008/version/20250201&quot;&gt;&lt;code value=&quot;722742002&quot;&gt;&lt;display value=&quot;Breathing room air (finding)&quot;&gt;&lt;/coding&gt;\" title=\"Click to Copy as Coding\" class=\"btn-copy\"> </button></span></td></tr><tr><td><a name=\"x-http://snomed.info/sct-371825009\"> </a><code>http://snomed.info/sct</code></td><td style=\"white-space:nowrap\">\u00a0\u00a0<a href=\"http://snomed.info/id/371825009\">371825009</a></td><td>Patient on oxygen (finding)</td><td><span class=\"copy-text-inline\"><button data-clipboard-text=\"{&quot;system&quot;: &quot;http://snomed.info/sct&quot;, &quot;version&quot;: &quot;http://snomed.info/sct/900000000000207008/version/20250201&quot;, &quot;code&quot;: &quot;371825009&quot;, &quot;display&quot;: &quot;Patient on oxygen (finding)&quot;}\" title=\"Click to Copy as Coding\" class=\"btn-copy\"> </button></span></td><td><span class=\"copy-text-inline\"><button data-clipboard-text=\"&lt;coding&gt;&lt;system value=&quot;http://snomed.info/sct&quot;&gt;&lt;version value=&quot;http://snomed.info/sct/900000000000207008/version/20250201&quot;&gt;&lt;code value=&quot;371825009&quot;&gt;&lt;display value=&quot;Patient on oxygen (finding)&quot;&gt;&lt;/coding&gt;\" title=\"Click to Copy as Coding\" class=\"btn-copy\"> </button></span></td></tr></table></div>"
      },
      "url" : "https://clinyqai.github.io/open-nursing-core-ig/ValueSet/inspired-oxygen-vs",
      "version" : "0.1.0",
      "name" : "InspiredOxygenValueSet",
      "title" : "Inspired Oxygen Value Set",
      "status" : "draft",
      "date" : "2025-12-26T14:29:21+00:00",
      "expansion" : {
        "identifier" : "urn:uuid:f0b8bcd5-b284-4b5f-b334-be82fceb8d68",
        "timestamp" : "2025-12-26T14:30:27+00:00",
        "total" : 2,
        "offset" : 0,
        "parameter" : [{
          "name" : "displayLanguage",
          "valueCode" : "en"
        },
        {
          "name" : "count",
          "valueInteger" : 1000
        },
        {
          "name" : "offset",
          "valueInteger" : 0
        },
        {
          "name" : "excludeNested",
          "valueBoolean" : false
        },
        {
          "name" : "used-valueset",
          "valueUri" : "null"
        },
        {
          "name" : "used-codesystem",
          "valueUri" : "http://snomed.info/sct|http://snomed.info/sct/900000000000207008/version/20250201"
        }],
        "contains" : [{
          "system" : "http://snomed.info/sct",
          "code" : "722742002",
          "display" : "Breathing room air (finding)"
        },
        {
          "system" : "http://snomed.info/sct",
          "code" : "371825009",
          "display" : "Patient on oxygen (finding)"
        }]
      }
    }
  },
  {
    "fullUrl" : "https://clinyqai.github.io/open-nursing-core-ig/ValueSet/news2-code-vs",
    "resource" : {
      "resourceType" : "ValueSet",
      "text" : {
        "status" : "generated",
        "div" : "<div xmlns=\"http://www.w3.org/1999/xhtml\" data-fhir=\"generated\"><p class=\"res-header-id\"/><p style=\"border: black 1px dotted; background-color: #EEEEEE; padding: 8px; margin-bottom: 8px\">Expansion performed internally based on <a href=\"CodeSystem-onc-observation-codes.html\">codesystem ONC Observation Codes v0.1.0 (CodeSystem)</a><span class=\"copy-text-inline\"><button data-clipboard-text=\"https://clinyqai.github.io/open-nursing-core-ig/CodeSystem/onc-observation-codes|0.1.0\" title=\"Click to Copy URL\" class=\"btn-copy\"> </button></span></p><p>This value set contains 1 concepts</p><table class=\"codes\" data-fhir=\"generated\"><tr><td><b>System</b></td><td style=\"white-space:nowrap\"><b>Code</b></td><td><b>Display (en)</b></td><td><b>Definition</b></td><td><b>JSON</b></td><td><b>XML</b></td></tr><tr><td><a name=\"x-https://clinyqai.github.io/open-nursing-core-ig/CodeSystem/onc-observation-codes-news2-score\"> </a><code>https://clinyqai.github.io/open-nursing-core-ig/CodeSystem/onc-observation-codes</code></td><td style=\"white-space:nowrap\">\u00a0\u00a0<a href=\"CodeSystem-onc-observation-codes.html#onc-observation-codes-news2-score\">news2-score</a></td><td>NEWS2 Score</td><td>National Early Warning Score 2 Total Score</td><td><span class=\"copy-text-inline\"><button data-clipboard-text=\"{&quot;system&quot;: &quot;https://clinyqai.github.io/open-nursing-core-ig/CodeSystem/onc-observation-codes&quot;, &quot;version&quot;: &quot;0.1.0&quot;, &quot;code&quot;: &quot;news2-score&quot;, &quot;display&quot;: &quot;NEWS2 Score&quot;}\" title=\"Click to Copy as Coding\" class=\"btn-copy\"> </button></span></td><td><span class=\"copy-text-inline\"><button data-clipboard-text=\"&lt;coding&gt;&lt;system value=&quot;https://clinyqai.github.io/open-nursing-core-ig/CodeSystem/onc-observation-codes&quot;&gt;&lt;version value=&quot;0.1.0&quot;&gt;&lt;code value=&quot;news2-score&quot;&gt;&lt;display value=&quot;NEWS2 Score&quot;&gt;&lt;/coding&gt;\" title=\"Click to Copy as Coding\" class=\"btn-copy\"> </button></span></td></tr></table></div>"
      },
      "url" : "https://clinyqai.github.io/open-nursing-core-ig/ValueSet/news2-code-vs",
      "version" : "0.1.0",
      "name" : "NEWS2CodeValueSet",
      "title" : "NEWS2 Code Value Set",
      "status" : "draft",
      "date" : "2025-12-26T14:29:21+00:00",
      "expansion" : {
        "identifier" : "urn:uuid:41088829-0435-4557-8b56-1af93421e2c0",
        "timestamp" : "2025-12-26T14:30:32+00:00",
        "total" : 1,
        "offset" : 0,
        "parameter" : [{
          "name" : "displayLanguage",
          "valueCode" : "en"
        },
        {
          "name" : "count",
          "valueInteger" : 1000
        },
        {
          "name" : "offset",
          "valueInteger" : 0
        },
        {
          "name" : "excludeNested",
          "valueBoolean" : false
        },
        {
          "name" : "used-codesystem",
          "valueUri" : "https://clinyqai.github.io/open-nursing-core-ig/CodeSystem/onc-observation-codes|0.1.0"
        }],
        "contains" : [{
          "system" : "https://clinyqai.github.io/open-nursing-core-ig/CodeSystem/onc-observation-codes",
          "code" : "news2-score",
          "display" : "NEWS2 Score"
        }]
      }
    }
  },
  {
    "fullUrl" : "https://clinyqai.github.io/open-nursing-core-ig/ValueSet/news2-subscore-code-vs",
    "resource" : {
      "resourceType" : "ValueSet",
      "text" : {
        "status" : "generated",
        "div" : "<div xmlns=\"http://www.w3.org/1999/xhtml\" data-fhir=\"generated\"><p class=\"res-header-id\"/><p style=\"border: black 1px dotted; background-color: #EEEEEE; padding: 8px; margin-bottom: 8px\">Expansion performed internally based on <a href=\"CodeSystem-onc-observation-codes.html\">codesystem ONC Observation Codes v0.1.0 (CodeSystem)</a><span class=\"copy-text-inline\"><button data-clipboard-text=\"https://clinyqai.github.io/open-nursing-core-ig/CodeSystem/onc-observation-codes|0.1.0\" title=\"Click to Copy URL\" class=\"btn-copy\"> </button></span></p><p>This value set contains 1 concepts</p><table class=\"codes\" data-fhir=\"generated\"><tr><td><b>System</b></td><td style=\"white-space:nowrap\"><b>Code</b></td><td><b>Display (en)</b></td><td><b>Definition</b></td><td><b>JSON</b></td><td><b>XML</b></td></tr><tr><td><a name=\"x-https://clinyqai.github.io/open-nursing-core-ig/CodeSystem/onc-observation-codes-news2-subscore\"> </a><code>https://clinyqai.github.io/open-nursing-core-ig/CodeSystem/onc-observation-codes</code></td><td style=\"white-space:nowrap\">\u00a0\u00a0<a href=\"CodeSystem-onc-observation-codes.html#onc-observation-codes-news2-subscore\">news2-subscore</a></td><td>NEWS2 Sub-score</td><td>Sub-score for NEWS2 parameter</td><td><span class=\"copy-text-inline\"><button data-clipboard-text=\"{&quot;system&quot;: &quot;https://clinyqai.github.io/open-nursing-core-ig/CodeSystem/onc-observation-codes&quot;, &quot;version&quot;: &quot;0.1.0&quot;, &quot;code&quot;: &quot;news2-subscore&quot;, &quot;display&quot;: &quot;NEWS2 Sub-score&quot;}\" title=\"Click to Copy as Coding\" class=\"btn-copy\"> </button></span></td><td><span class=\"copy-text-inline\"><button data-clipboard-text=\"&lt;coding&gt;&lt;system value=&quot;https://clinyqai.github.io/open-nursing-core-ig/CodeSystem/onc-observation-codes&quot;&gt;&lt;version value=&quot;0.1.0&quot;&gt;&lt;code value=&quot;news2-subscore&quot;&gt;&lt;display value=&quot;NEWS2 Sub-score&quot;&gt;&lt;/coding&gt;\" title=\"Click to Copy as Coding\" class=\"btn-copy\"> </button></span></td></tr></table></div>"
      },
      "url" : "https://clinyqai.github.io/open-nursing-core-ig/ValueSet/news2-subscore-code-vs",
      "version" : "0.1.0",
      "name" : "NEWS2SubscoreCodeValueSet",
      "title" : "NEWS2 Sub-Score Codes",
      "status" : "draft",
      "date" : "2025-12-26T14:29:21+00:00",
      "expansion" : {
        "identifier" : "urn:uuid:56253479-fa5e-4215-9272-86fc4f5b789a",
        "timestamp" : "2025-12-26T14:30:32+00:00",
        "total" : 1,
        "offset" : 0,
        "parameter" : [{
          "name" : "displayLanguage",
          "valueCode" : "en"
        },
        {
          "name" : "count",
          "valueInteger" : 1000
        },
        {
          "name" : "offset",
          "valueInteger" : 0
        },
        {
          "name" : "excludeNested",
          "valueBoolean" : false
        },
        {
          "name" : "used-codesystem",
          "valueUri" : "https://clinyqai.github.io/open-nursing-core-ig/CodeSystem/onc-observation-codes|0.1.0"
        }],
        "contains" : [{
          "system" : "https://clinyqai.github.io/open-nursing-core-ig/CodeSystem/onc-observation-codes",
          "code" : "news2-subscore",
          "display" : "NEWS2 Sub-score"
        }]
      }
    }
  },
  {
    "fullUrl" : "https://clinyqai.github.io/open-nursing-core-ig/ValueSet/nursing-intervention-valueset",
    "resource" : {
      "resourceType" : "ValueSet",
      "text" : {
        "status" : "generated",
        "div" : "<div xmlns=\"http://www.w3.org/1999/xhtml\" data-fhir=\"generated\"><p class=\"res-header-id\"/><p style=\"border: black 1px dotted; background-color: #EEEEEE; padding: 8px; margin-bottom: 8px\">Expansion from tx.fhir.org based on SNOMED CT International edition 01-Feb 2025<span class=\"copy-text-inline\"><button data-clipboard-text=\"http://snomed.info/sct|http://snomed.info/sct/900000000000207008/version/20250201\" title=\"Click to Copy URL\" class=\"btn-copy\"> </button></span></p><p>This value set contains 3 concepts</p><table class=\"codes\" data-fhir=\"generated\"><tr><td><b>System</b></td><td style=\"white-space:nowrap\"><b>Code</b></td><td><b>Display (en)</b></td><td><b>JSON</b></td><td><b>XML</b></td></tr><tr><td><a name=\"x-http://snomed.info/sct-71388002\"> </a><code>http://snomed.info/sct</code></td><td style=\"white-space:nowrap\">\u00a0\u00a0<a href=\"http://snomed.info/id/71388002\">71388002</a></td><td>Procedure</td><td><span class=\"copy-text-inline\"><button data-clipboard-text=\"{&quot;system&quot;: &quot;http://snomed.info/sct&quot;, &quot;version&quot;: &quot;http://snomed.info/sct/900000000000207008/version/20250201&quot;, &quot;code&quot;: &quot;71388002&quot;, &quot;display&quot;: &quot;Procedure&quot;}\" title=\"Click to Copy as Coding\" class=\"btn-copy\"> </button></span></td><td><span class=\"copy-text-inline\"><button data-clipboard-text=\"&lt;coding&gt;&lt;system value=&quot;http://snomed.info/sct&quot;&gt;&lt;version value=&quot;http://snomed.info/sct/900000000000207008/version/20250201&quot;&gt;&lt;code value=&quot;71388002&quot;&gt;&lt;display value=&quot;Procedure&quot;&gt;&lt;/coding&gt;\" title=\"Click to Copy as Coding\" class=\"btn-copy\"> </button></span></td></tr><tr><td><a name=\"x-http://snomed.info/sct-225358003\"> </a><code>http://snomed.info/sct</code></td><td style=\"white-space:nowrap\">\u00a0\u00a0<a href=\"http://snomed.info/id/225358003\">225358003</a></td><td>Wound care</td><td><span class=\"copy-text-inline\"><button data-clipboard-text=\"{&quot;system&quot;: &quot;http://snomed.info/sct&quot;, &quot;version&quot;: &quot;http://snomed.info/sct/900000000000207008/version/20250201&quot;, &quot;code&quot;: &quot;225358003&quot;, &quot;display&quot;: &quot;Wound care&quot;}\" title=\"Click to Copy as Coding\" class=\"btn-copy\"> </button></span></td><td><span class=\"copy-text-inline\"><button data-clipboard-text=\"&lt;coding&gt;&lt;system value=&quot;http://snomed.info/sct&quot;&gt;&lt;version value=&quot;http://snomed.info/sct/900000000000207008/version/20250201&quot;&gt;&lt;code value=&quot;225358003&quot;&gt;&lt;display value=&quot;Wound care&quot;&gt;&lt;/coding&gt;\" title=\"Click to Copy as Coding\" class=\"btn-copy\"> </button></span></td></tr><tr><td><a name=\"x-http://snomed.info/sct-386373004\"> </a><code>http://snomed.info/sct</code></td><td style=\"white-space:nowrap\">\u00a0\u00a0<a href=\"http://snomed.info/id/386373004\">386373004</a></td><td>Nutrition therapy (regime/therapy)</td><td><span class=\"copy-text-inline\"><button data-clipboard-text=\"{&quot;system&quot;: &quot;http://snomed.info/sct&quot;, &quot;version&quot;: &quot;http://snomed.info/sct/900000000000207008/version/20250201&quot;, &quot;code&quot;: &quot;386373004&quot;, &quot;display&quot;: &quot;Nutrition therapy (regime/therapy)&quot;}\" title=\"Click to Copy as Coding\" class=\"btn-copy\"> </button></span></td><td><span class=\"copy-text-inline\"><button data-clipboard-text=\"&lt;coding&gt;&lt;system value=&quot;http://snomed.info/sct&quot;&gt;&lt;version value=&quot;http://snomed.info/sct/900000000000207008/version/20250201&quot;&gt;&lt;code value=&quot;386373004&quot;&gt;&lt;display value=&quot;Nutrition therapy (regime/therapy)&quot;&gt;&lt;/coding&gt;\" title=\"Click to Copy as Coding\" class=\"btn-copy\"> </button></span></td></tr></table></div>"
      },
      "url" : "https://clinyqai.github.io/open-nursing-core-ig/ValueSet/nursing-intervention-valueset",
      "version" : "0.1.0",
      "name" : "NursingInterventionValueSet",
      "title" : "Nursing Intervention Value Set",
      "status" : "draft",
      "experimental" : false,
      "date" : "2025-12-26T14:29:21+00:00",
      "expansion" : {
        "identifier" : "urn:uuid:9bfbbe33-94f7-49fc-a7da-691a89450525",
        "timestamp" : "2025-12-26T14:30:32+00:00",
        "total" : 3,
        "offset" : 0,
        "parameter" : [{
          "name" : "displayLanguage",
          "valueCode" : "en"
        },
        {
          "name" : "count",
          "valueInteger" : 1000
        },
        {
          "name" : "offset",
          "valueInteger" : 0
        },
        {
          "name" : "excludeNested",
          "valueBoolean" : false
        },
        {
          "name" : "used-valueset",
          "valueUri" : "null"
        },
        {
          "name" : "used-codesystem",
          "valueUri" : "http://snomed.info/sct|http://snomed.info/sct/900000000000207008/version/20250201"
        }],
        "contains" : [{
          "system" : "http://snomed.info/sct",
          "code" : "71388002",
          "display" : "Procedure"
        },
        {
          "system" : "http://snomed.info/sct",
          "code" : "225358003",
          "display" : "Wound care"
        },
        {
          "system" : "http://snomed.info/sct",
          "code" : "386373004",
          "display" : "Nutrition therapy (regime/therapy)"
        }]
      }
    }
  },
  {
    "fullUrl" : "https://clinyqai.github.io/open-nursing-core-ig/ValueSet/nursing-problem-valueset",
    "resource" : {
      "resourceType" : "ValueSet",
      "text" : {
        "status" : "generated",
        "div" : "<div xmlns=\"http://www.w3.org/1999/xhtml\" data-fhir=\"generated\"><p class=\"res-header-id\"/><div style=\"border: black 1px dotted; background-color: #EEEEEE; padding: 8px; margin-bottom: 8px\"><p>Expansion from tx.fhir.org based on:</p><ul><li>SNOMED CT International edition 01-Feb 2025<span class=\"copy-text-inline\"><button data-clipboard-text=\"http://snomed.info/sct|http://snomed.info/sct/900000000000207008/version/20250201\" title=\"Click to Copy URL\" class=\"btn-copy\"> </button></span></li><li><a href=\"CodeSystem-onc-observation-codes.html\">codesystem ONC Observation Codes v0.1.0 (CodeSystem)</a><span class=\"copy-text-inline\"><button data-clipboard-text=\"https://clinyqai.github.io/open-nursing-core-ig/CodeSystem/onc-observation-codes|0.1.0\" title=\"Click to Copy URL\" class=\"btn-copy\"> </button></span></li></ul></div><p>This value set contains 4 concepts</p><table class=\"codes\" data-fhir=\"generated\"><tr><td><b>System</b></td><td style=\"white-space:nowrap\"><b>Code</b></td><td><b>Display (en)</b></td><td><b>Definition</b></td><td><b>JSON</b></td><td><b>XML</b></td></tr><tr><td><a name=\"x-http://snomed.info/sct-129839007\"> </a><code>http://snomed.info/sct</code></td><td style=\"white-space:nowrap\">\u00a0\u00a0<a href=\"http://snomed.info/id/129839007\">129839007</a></td><td>At risk for falls</td><td/><td><span class=\"copy-text-inline\"><button data-clipboard-text=\"{&quot;system&quot;: &quot;http://snomed.info/sct&quot;, &quot;version&quot;: &quot;http://snomed.info/sct/900000000000207008/version/20250201&quot;, &quot;code&quot;: &quot;129839007&quot;, &quot;display&quot;: &quot;At risk for falls&quot;}\" title=\"Click to Copy as Coding\" class=\"btn-copy\"> </button></span></td><td><span class=\"copy-text-inline\"><button data-clipboard-text=\"&lt;coding&gt;&lt;system value=&quot;http://snomed.info/sct&quot;&gt;&lt;version value=&quot;http://snomed.info/sct/900000000000207008/version/20250201&quot;&gt;&lt;code value=&quot;129839007&quot;&gt;&lt;display value=&quot;At risk for falls&quot;&gt;&lt;/coding&gt;\" title=\"Click to Copy as Coding\" class=\"btn-copy\"> </button></span></td></tr><tr><td><a name=\"x-http://snomed.info/sct-300893006\"> </a><code>http://snomed.info/sct</code></td><td style=\"white-space:nowrap\">\u00a0\u00a0<a href=\"http://snomed.info/id/300893006\">300893006</a></td><td>Nutritional finding</td><td/><td><span class=\"copy-text-inline\"><button data-clipboard-text=\"{&quot;system&quot;: &quot;http://snomed.info/sct&quot;, &quot;version&quot;: &quot;http://snomed.info/sct/900000000000207008/version/20250201&quot;, &quot;code&quot;: &quot;300893006&quot;, &quot;display&quot;: &quot;Nutritional finding&quot;}\" title=\"Click to Copy as Coding\" class=\"btn-copy\"> </button></span></td><td><span class=\"copy-text-inline\"><button data-clipboard-text=\"&lt;coding&gt;&lt;system value=&quot;http://snomed.info/sct&quot;&gt;&lt;version value=&quot;http://snomed.info/sct/900000000000207008/version/20250201&quot;&gt;&lt;code value=&quot;300893006&quot;&gt;&lt;display value=&quot;Nutritional finding&quot;&gt;&lt;/coding&gt;\" title=\"Click to Copy as Coding\" class=\"btn-copy\"> </button></span></td></tr><tr><td><a name=\"x-http://snomed.info/sct-22253000\"> </a><code>http://snomed.info/sct</code></td><td style=\"white-space:nowrap\">\u00a0\u00a0<a href=\"http://snomed.info/id/22253000\">22253000</a></td><td>Pain</td><td/><td><span class=\"copy-text-inline\"><button data-clipboard-text=\"{&quot;system&quot;: &quot;http://snomed.info/sct&quot;, &quot;version&quot;: &quot;http://snomed.info/sct/900000000000207008/version/20250201&quot;, &quot;code&quot;: &quot;22253000&quot;, &quot;display&quot;: &quot;Pain&quot;}\" title=\"Click to Copy as Coding\" class=\"btn-copy\"> </button></span></td><td><span class=\"copy-text-inline\"><button data-clipboard-text=\"&lt;coding&gt;&lt;system value=&quot;http://snomed.info/sct&quot;&gt;&lt;version value=&quot;http://snomed.info/sct/900000000000207008/version/20250201&quot;&gt;&lt;code value=&quot;22253000&quot;&gt;&lt;display value=&quot;Pain&quot;&gt;&lt;/coding&gt;\" title=\"Click to Copy as Coding\" class=\"btn-copy\"> </button></span></td></tr><tr><td><a name=\"x-https://clinyqai.github.io/open-nursing-core-ig/CodeSystem/onc-observation-codes-risk-falls\"> </a><code>https://clinyqai.github.io/open-nursing-core-ig/CodeSystem/onc-observation-codes</code></td><td style=\"white-space:nowrap\">\u00a0\u00a0<a href=\"CodeSystem-onc-observation-codes.html#onc-observation-codes-risk-falls\">risk-falls</a></td><td>Risk of falls</td><td>Risk of falls diagnosis</td><td><span class=\"copy-text-inline\"><button data-clipboard-text=\"{&quot;system&quot;: &quot;https://clinyqai.github.io/open-nursing-core-ig/CodeSystem/onc-observation-codes&quot;, &quot;version&quot;: &quot;0.1.0&quot;, &quot;code&quot;: &quot;risk-falls&quot;, &quot;display&quot;: &quot;Risk of falls&quot;}\" title=\"Click to Copy as Coding\" class=\"btn-copy\"> </button></span></td><td><span class=\"copy-text-inline\"><button data-clipboard-text=\"&lt;coding&gt;&lt;system value=&quot;https://clinyqai.github.io/open-nursing-core-ig/CodeSystem/onc-observation-codes&quot;&gt;&lt;version value=&quot;0.1.0&quot;&gt;&lt;code value=&quot;risk-falls&quot;&gt;&lt;display value=&quot;Risk of falls&quot;&gt;&lt;/coding&gt;\" title=\"Click to Copy as Coding\" class=\"btn-copy\"> </button></span></td></tr></table></div>"
      },
      "url" : "https://clinyqai.github.io/open-nursing-core-ig/ValueSet/nursing-problem-valueset",
      "version" : "0.1.0",
      "name" : "NursingProblemValueSet",
      "title" : "Nursing Problem Value Set",
      "status" : "draft",
      "experimental" : false,
      "date" : "2025-12-26T14:29:21+00:00",
      "expansion" : {
        "identifier" : "urn:uuid:62190992-fdbf-434d-9af6-055f0f01fb42",
        "timestamp" : "2025-12-26T14:30:30+00:00",
        "total" : 4,
        "offset" : 0,
        "parameter" : [{
          "name" : "displayLanguage",
          "valueCode" : "en"
        },
        {
          "name" : "count",
          "valueInteger" : 1000
        },
        {
          "name" : "offset",
          "valueInteger" : 0
        },
        {
          "name" : "excludeNested",
          "valueBoolean" : false
        },
        {
          "name" : "used-valueset",
          "valueUri" : "null"
        },
        {
          "name" : "used-codesystem",
          "valueUri" : "http://snomed.info/sct|http://snomed.info/sct/900000000000207008/version/20250201"
        },
        {
          "name" : "used-codesystem",
          "valueUri" : "https://clinyqai.github.io/open-nursing-core-ig/CodeSystem/onc-observation-codes|0.1.0"
        }],
        "contains" : [{
          "system" : "http://snomed.info/sct",
          "code" : "129839007",
          "display" : "At risk for falls"
        },
        {
          "system" : "http://snomed.info/sct",
          "code" : "300893006",
          "display" : "Nutritional finding"
        },
        {
          "system" : "http://snomed.info/sct",
          "code" : "22253000",
          "display" : "Pain"
        },
        {
          "system" : "https://clinyqai.github.io/open-nursing-core-ig/CodeSystem/onc-observation-codes",
          "code" : "risk-falls",
          "display" : "Risk of falls"
        }]
      }
    }
  },
  {
    "fullUrl" : "https://clinyqai.github.io/open-nursing-core-ig/ValueSet/onc-monk-scale-vs",
    "resource" : {
      "resourceType" : "ValueSet",
      "text" : {
        "status" : "generated",
        "div" : "<div xmlns=\"http://www.w3.org/1999/xhtml\" data-fhir=\"generated\"><p class=\"res-header-id\"/><p style=\"border: black 1px dotted; background-color: #EEEEEE; padding: 8px; margin-bottom: 8px\">Expansion performed internally based on <a href=\"CodeSystem-onc-monk-scale.html\">codesystem Monk Skin Tone Scale CodeSystem v0.1.0 (CodeSystem)</a><span class=\"copy-text-inline\"><button data-clipboard-text=\"https://clinyqai.github.io/open-nursing-core-ig/CodeSystem/onc-monk-scale|0.1.0\" title=\"Click to Copy URL\" class=\"btn-copy\"> </button></span></p><p>This value set contains 10 concepts</p><table class=\"codes\" data-fhir=\"generated\"><tr><td><b>System</b></td><td style=\"white-space:nowrap\"><b>Code</b></td><td><b>Display (en)</b></td><td><b>JSON</b></td><td><b>XML</b></td></tr><tr><td><a name=\"x-https://clinyqai.github.io/open-nursing-core-ig/CodeSystem/onc-monk-scale-A\"> </a><code>https://clinyqai.github.io/open-nursing-core-ig/CodeSystem/onc-monk-scale</code></td><td style=\"white-space:nowrap\">\u00a0\u00a0<a href=\"CodeSystem-onc-monk-scale.html#onc-monk-scale-A\">A</a></td><td>Light Skin</td><td><span class=\"copy-text-inline\"><button data-clipboard-text=\"{&quot;system&quot;: &quot;https://clinyqai.github.io/open-nursing-core-ig/CodeSystem/onc-monk-scale&quot;, &quot;version&quot;: &quot;0.1.0&quot;, &quot;code&quot;: &quot;A&quot;, &quot;display&quot;: &quot;Light Skin&quot;}\" title=\"Click to Copy as Coding\" class=\"btn-copy\"> </button></span></td><td><span class=\"copy-text-inline\"><button data-clipboard-text=\"&lt;coding&gt;&lt;system value=&quot;https://clinyqai.github.io/open-nursing-core-ig/CodeSystem/onc-monk-scale&quot;&gt;&lt;version value=&quot;0.1.0&quot;&gt;&lt;code value=&quot;A&quot;&gt;&lt;display value=&quot;Light Skin&quot;&gt;&lt;/coding&gt;\" title=\"Click to Copy as Coding\" class=\"btn-copy\"> </button></span></td></tr><tr><td><a name=\"x-https://clinyqai.github.io/open-nursing-core-ig/CodeSystem/onc-monk-scale-B\"> </a><code>https://clinyqai.github.io/open-nursing-core-ig/CodeSystem/onc-monk-scale</code></td><td style=\"white-space:nowrap\">\u00a0\u00a0<a href=\"CodeSystem-onc-monk-scale.html#onc-monk-scale-B\">B</a></td><td>Light-Medium Skin</td><td><span class=\"copy-text-inline\"><button data-clipboard-text=\"{&quot;system&quot;: &quot;https://clinyqai.github.io/open-nursing-core-ig/CodeSystem/onc-monk-scale&quot;, &quot;version&quot;: &quot;0.1.0&quot;, &quot;code&quot;: &quot;B&quot;, &quot;display&quot;: &quot;Light-Medium Skin&quot;}\" title=\"Click to Copy as Coding\" class=\"btn-copy\"> </button></span></td><td><span class=\"copy-text-inline\"><button data-clipboard-text=\"&lt;coding&gt;&lt;system value=&quot;https://clinyqai.github.io/open-nursing-core-ig/CodeSystem/onc-monk-scale&quot;&gt;&lt;version value=&quot;0.1.0&quot;&gt;&lt;code value=&quot;B&quot;&gt;&lt;display value=&quot;Light-Medium Skin&quot;&gt;&lt;/coding&gt;\" title=\"Click to Copy as Coding\" class=\"btn-copy\"> </button></span></td></tr><tr><td><a name=\"x-https://clinyqai.github.io/open-nursing-core-ig/CodeSystem/onc-monk-scale-C\"> </a><code>https://clinyqai.github.io/open-nursing-core-ig/CodeSystem/onc-monk-scale</code></td><td style=\"white-space:nowrap\">\u00a0\u00a0<a href=\"CodeSystem-onc-monk-scale.html#onc-monk-scale-C\">C</a></td><td>Medium Skin</td><td><span class=\"copy-text-inline\"><button data-clipboard-text=\"{&quot;system&quot;: &quot;https://clinyqai.github.io/open-nursing-core-ig/CodeSystem/onc-monk-scale&quot;, &quot;version&quot;: &quot;0.1.0&quot;, &quot;code&quot;: &quot;C&quot;, &quot;display&quot;: &quot;Medium Skin&quot;}\" title=\"Click to Copy as Coding\" class=\"btn-copy\"> </button></span></td><td><span class=\"copy-text-inline\"><button data-clipboard-text=\"&lt;coding&gt;&lt;system value=&quot;https://clinyqai.github.io/open-nursing-core-ig/CodeSystem/onc-monk-scale&quot;&gt;&lt;version value=&quot;0.1.0&quot;&gt;&lt;code value=&quot;C&quot;&gt;&lt;display value=&quot;Medium Skin&quot;&gt;&lt;/coding&gt;\" title=\"Click to Copy as Coding\" class=\"btn-copy\"> </button></span></td></tr><tr><td><a name=\"x-https://clinyqai.github.io/open-nursing-core-ig/CodeSystem/onc-monk-scale-D\"> </a><code>https://clinyqai.github.io/open-nursing-core-ig/CodeSystem/onc-monk-scale</code></td><td style=\"white-space:nowrap\">\u00a0\u00a0<a href=\"CodeSystem-onc-monk-scale.html#onc-monk-scale-D\">D</a></td><td>Medium-Dark Skin</td><td><span class=\"copy-text-inline\"><button data-clipboard-text=\"{&quot;system&quot;: &quot;https://clinyqai.github.io/open-nursing-core-ig/CodeSystem/onc-monk-scale&quot;, &quot;version&quot;: &quot;0.1.0&quot;, &quot;code&quot;: &quot;D&quot;, &quot;display&quot;: &quot;Medium-Dark Skin&quot;}\" title=\"Click to Copy as Coding\" class=\"btn-copy\"> </button></span></td><td><span class=\"copy-text-inline\"><button data-clipboard-text=\"&lt;coding&gt;&lt;system value=&quot;https://clinyqai.github.io/open-nursing-core-ig/CodeSystem/onc-monk-scale&quot;&gt;&lt;version value=&quot;0.1.0&quot;&gt;&lt;code value=&quot;D&quot;&gt;&lt;display value=&quot;Medium-Dark Skin&quot;&gt;&lt;/coding&gt;\" title=\"Click to Copy as Coding\" class=\"btn-copy\"> </button></span></td></tr><tr><td><a name=\"x-https://clinyqai.github.io/open-nursing-core-ig/CodeSystem/onc-monk-scale-E\"> </a><code>https://clinyqai.github.io/open-nursing-core-ig/CodeSystem/onc-monk-scale</code></td><td style=\"white-space:nowrap\">\u00a0\u00a0<a href=\"CodeSystem-onc-monk-scale.html#onc-monk-scale-E\">E</a></td><td>Dark Skin</td><td><span class=\"copy-text-inline\"><button data-clipboard-text=\"{&quot;system&quot;: &quot;https://clinyqai.github.io/open-nursing-core-ig/CodeSystem/onc-monk-scale&quot;, &quot;version&quot;: &quot;0.1.0&quot;, &quot;code&quot;: &quot;E&quot;, &quot;display&quot;: &quot;Dark Skin&quot;}\" title=\"Click to Copy as Coding\" class=\"btn-copy\"> </button></span></td><td><span class=\"copy-text-inline\"><button data-clipboard-text=\"&lt;coding&gt;&lt;system value=&quot;https://clinyqai.github.io/open-nursing-core-ig/CodeSystem/onc-monk-scale&quot;&gt;&lt;version value=&quot;0.1.0&quot;&gt;&lt;code value=&quot;E&quot;&gt;&lt;display value=&quot;Dark Skin&quot;&gt;&lt;/coding&gt;\" title=\"Click to Copy as Coding\" class=\"btn-copy\"> </button></span></td></tr><tr><td><a name=\"x-https://clinyqai.github.io/open-nursing-core-ig/CodeSystem/onc-monk-scale-F\"> </a><code>https://clinyqai.github.io/open-nursing-core-ig/CodeSystem/onc-monk-scale</code></td><td style=\"white-space:nowrap\">\u00a0\u00a0<a href=\"CodeSystem-onc-monk-scale.html#onc-monk-scale-F\">F</a></td><td>Deep Dark Skin</td><td><span class=\"copy-text-inline\"><button data-clipboard-text=\"{&quot;system&quot;: &quot;https://clinyqai.github.io/open-nursing-core-ig/CodeSystem/onc-monk-scale&quot;, &quot;version&quot;: &quot;0.1.0&quot;, &quot;code&quot;: &quot;F&quot;, &quot;display&quot;: &quot;Deep Dark Skin&quot;}\" title=\"Click to Copy as Coding\" class=\"btn-copy\"> </button></span></td><td><span class=\"copy-text-inline\"><button data-clipboard-text=\"&lt;coding&gt;&lt;system value=&quot;https://clinyqai.github.io/open-nursing-core-ig/CodeSystem/onc-monk-scale&quot;&gt;&lt;version value=&quot;0.1.0&quot;&gt;&lt;code value=&quot;F&quot;&gt;&lt;display value=&quot;Deep Dark Skin&quot;&gt;&lt;/coding&gt;\" title=\"Click to Copy as Coding\" class=\"btn-copy\"> </button></span></td></tr><tr><td><a name=\"x-https://clinyqai.github.io/open-nursing-core-ig/CodeSystem/onc-monk-scale-G\"> </a><code>https://clinyqai.github.io/open-nursing-core-ig/CodeSystem/onc-monk-scale</code></td><td style=\"white-space:nowrap\">\u00a0\u00a0<a href=\"CodeSystem-onc-monk-scale.html#onc-monk-scale-G\">G</a></td><td>Very Dark Skin</td><td><span class=\"copy-text-inline\"><button data-clipboard-text=\"{&quot;system&quot;: &quot;https://clinyqai.github.io/open-nursing-core-ig/CodeSystem/onc-monk-scale&quot;, &quot;version&quot;: &quot;0.1.0&quot;, &quot;code&quot;: &quot;G&quot;, &quot;display&quot;: &quot;Very Dark Skin&quot;}\" title=\"Click to Copy as Coding\" class=\"btn-copy\"> </button></span></td><td><span class=\"copy-text-inline\"><button data-clipboard-text=\"&lt;coding&gt;&lt;system value=&quot;https://clinyqai.github.io/open-nursing-core-ig/CodeSystem/onc-monk-scale&quot;&gt;&lt;version value=&quot;0.1.0&quot;&gt;&lt;code value=&quot;G&quot;&gt;&lt;display value=&quot;Very Dark Skin&quot;&gt;&lt;/coding&gt;\" title=\"Click to Copy as Coding\" class=\"btn-copy\"> </button></span></td></tr><tr><td><a name=\"x-https://clinyqai.github.io/open-nursing-core-ig/CodeSystem/onc-monk-scale-H\"> </a><code>https://clinyqai.github.io/open-nursing-core-ig/CodeSystem/onc-monk-scale</code></td><td style=\"white-space:nowrap\">\u00a0\u00a0<a href=\"CodeSystem-onc-monk-scale.html#onc-monk-scale-H\">H</a></td><td>Deepest Dark Skin</td><td><span class=\"copy-text-inline\"><button data-clipboard-text=\"{&quot;system&quot;: &quot;https://clinyqai.github.io/open-nursing-core-ig/CodeSystem/onc-monk-scale&quot;, &quot;version&quot;: &quot;0.1.0&quot;, &quot;code&quot;: &quot;H&quot;, &quot;display&quot;: &quot;Deepest Dark Skin&quot;}\" title=\"Click to Copy as Coding\" class=\"btn-copy\"> </button></span></td><td><span class=\"copy-text-inline\"><button data-clipboard-text=\"&lt;coding&gt;&lt;system value=&quot;https://clinyqai.github.io/open-nursing-core-ig/CodeSystem/onc-monk-scale&quot;&gt;&lt;version value=&quot;0.1.0&quot;&gt;&lt;code value=&quot;H&quot;&gt;&lt;display value=&quot;Deepest Dark Skin&quot;&gt;&lt;/coding&gt;\" title=\"Click to Copy as Coding\" class=\"btn-copy\"> </button></span></td></tr><tr><td><a name=\"x-https://clinyqai.github.io/open-nursing-core-ig/CodeSystem/onc-monk-scale-I\"> </a><code>https://clinyqai.github.io/open-nursing-core-ig/CodeSystem/onc-monk-scale</code></td><td style=\"white-space:nowrap\">\u00a0\u00a0<a href=\"CodeSystem-onc-monk-scale.html#onc-monk-scale-I\">I</a></td><td>Ultra Dark Skin</td><td><span class=\"copy-text-inline\"><button data-clipboard-text=\"{&quot;system&quot;: &quot;https://clinyqai.github.io/open-nursing-core-ig/CodeSystem/onc-monk-scale&quot;, &quot;version&quot;: &quot;0.1.0&quot;, &quot;code&quot;: &quot;I&quot;, &quot;display&quot;: &quot;Ultra Dark Skin&quot;}\" title=\"Click to Copy as Coding\" class=\"btn-copy\"> </button></span></td><td><span class=\"copy-text-inline\"><button data-clipboard-text=\"&lt;coding&gt;&lt;system value=&quot;https://clinyqai.github.io/open-nursing-core-ig/CodeSystem/onc-monk-scale&quot;&gt;&lt;version value=&quot;0.1.0&quot;&gt;&lt;code value=&quot;I&quot;&gt;&lt;display value=&quot;Ultra Dark Skin&quot;&gt;&lt;/coding&gt;\" title=\"Click to Copy as Coding\" class=\"btn-copy\"> </button></span></td></tr><tr><td><a name=\"x-https://clinyqai.github.io/open-nursing-core-ig/CodeSystem/onc-monk-scale-J\"> </a><code>https://clinyqai.github.io/open-nursing-core-ig/CodeSystem/onc-monk-scale</code></td><td style=\"white-space:nowrap\">\u00a0\u00a0<a href=\"CodeSystem-onc-monk-scale.html#onc-monk-scale-J\">J</a></td><td>Black Skin</td><td><span class=\"copy-text-inline\"><button data-clipboard-text=\"{&quot;system&quot;: &quot;https://clinyqai.github.io/open-nursing-core-ig/CodeSystem/onc-monk-scale&quot;, &quot;version&quot;: &quot;0.1.0&quot;, &quot;code&quot;: &quot;J&quot;, &quot;display&quot;: &quot;Black Skin&quot;}\" title=\"Click to Copy as Coding\" class=\"btn-copy\"> </button></span></td><td><span class=\"copy-text-inline\"><button data-clipboard-text=\"&lt;coding&gt;&lt;system value=&quot;https://clinyqai.github.io/open-nursing-core-ig/CodeSystem/onc-monk-scale&quot;&gt;&lt;version value=&quot;0.1.0&quot;&gt;&lt;code value=&quot;J&quot;&gt;&lt;display value=&quot;Black Skin&quot;&gt;&lt;/coding&gt;\" title=\"Click to Copy as Coding\" class=\"btn-copy\"> </button></span></td></tr></table></div>"
      },
      "url" : "https://clinyqai.github.io/open-nursing-core-ig/ValueSet/onc-monk-scale-vs",
      "version" : "0.1.0",
      "name" : "ONCMonkScaleVS",
      "title" : "Monk Skin Tone Scale ValueSet",
      "status" : "draft",
      "date" : "2025-12-26T14:29:21+00:00",
      "expansion" : {
        "identifier" : "urn:uuid:abccba97-54e7-4cbc-84d7-e3bac07d5f6f",
        "timestamp" : "2025-12-26T14:30:28+00:00",
        "total" : 10,
        "offset" : 0,
        "parameter" : [{
          "name" : "displayLanguage",
          "valueCode" : "en"
        },
        {
          "name" : "count",
          "valueInteger" : 1000
        },
        {
          "name" : "offset",
          "valueInteger" : 0
        },
        {
          "name" : "excludeNested",
          "valueBoolean" : false
        },
        {
          "name" : "used-codesystem",
          "valueUri" : "https://clinyqai.github.io/open-nursing-core-ig/CodeSystem/onc-monk-scale|0.1.0"
        }],
        "contains" : [{
          "system" : "https://clinyqai.github.io/open-nursing-core-ig/CodeSystem/onc-monk-scale",
          "code" : "A",
          "display" : "Light Skin"
        },
        {
          "system" : "https://clinyqai.github.io/open-nursing-core-ig/CodeSystem/onc-monk-scale",
          "code" : "B",
          "display" : "Light-Medium Skin"
        },
        {
          "system" : "https://clinyqai.github.io/open-nursing-core-ig/CodeSystem/onc-monk-scale",
          "code" : "C",
          "display" : "Medium Skin"
        },
        {
          "system" : "https://clinyqai.github.io/open-nursing-core-ig/CodeSystem/onc-monk-scale",
          "code" : "D",
          "display" : "Medium-Dark Skin"
        },
        {
          "system" : "https://clinyqai.github.io/open-nursing-core-ig/CodeSystem/onc-monk-scale",
          "code" : "E",
          "display" : "Dark Skin"
        },
        {
          "system" : "https://clinyqai.github.io/open-nursing-core-ig/CodeSystem/onc-monk-scale",
          "code" : "F",
          "display" : "Deep Dark Skin"
        },
        {
          "system" : "https://clinyqai.github.io/open-nursing-core-ig/CodeSystem/onc-monk-scale",
          "code" : "G",
          "display" : "Very Dark Skin"
        },
        {
          "system" : "https://clinyqai.github.io/open-nursing-core-ig/CodeSystem/onc-monk-scale",
          "code" : "H",
          "display" : "Deepest Dark Skin"
        },
        {
          "system" : "https://clinyqai.github.io/open-nursing-core-ig/CodeSystem/onc-monk-scale",
          "code" : "I",
          "display" : "Ultra Dark Skin"
        },
        {
          "system" : "https://clinyqai.github.io/open-nursing-core-ig/CodeSystem/onc-monk-scale",
          "code" : "J",
          "display" : "Black Skin"
        }]
      }
    }
  },
  {
    "fullUrl" : "https://clinyqai.github.io/open-nursing-core-ig/ValueSet/pain-assessment-code-vs",
    "resource" : {
      "resourceType" : "ValueSet",
      "text" : {
        "status" : "generated",
        "div" : "<div xmlns=\"http://www.w3.org/1999/xhtml\" data-fhir=\"generated\"><p class=\"res-header-id\"/><p style=\"border: black 1px dotted; background-color: #EEEEEE; padding: 8px; margin-bottom: 8px\">Expansion from tx.fhir.org based on Loinc v2.81<span class=\"copy-text-inline\"><button data-clipboard-text=\"http://loinc.org|2.81\" title=\"Click to Copy URL\" class=\"btn-copy\"> </button></span></p><p>This value set contains 2 concepts</p><table class=\"codes\" data-fhir=\"generated\"><tr><td><b>System</b></td><td style=\"white-space:nowrap\"><b>Code</b></td><td><b>Display (en)</b></td><td><b>JSON</b></td><td><b>XML</b></td></tr><tr><td><a name=\"x-http://loinc.org-72514-3\"> </a><code>http://loinc.org</code></td><td style=\"white-space:nowrap\">\u00a0\u00a0<a href=\"https://loinc.org/72514-3/\">72514-3</a></td><td>Pain severity - 0-10 verbal numeric rating [Score] - Reported</td><td><span class=\"copy-text-inline\"><button data-clipboard-text=\"{&quot;system&quot;: &quot;http://loinc.org&quot;, &quot;version&quot;: &quot;2.81&quot;, &quot;code&quot;: &quot;72514-3&quot;, &quot;display&quot;: &quot;Pain severity - 0-10 verbal numeric rating [Score] - Reported&quot;}\" title=\"Click to Copy as Coding\" class=\"btn-copy\"> </button></span></td><td><span class=\"copy-text-inline\"><button data-clipboard-text=\"&lt;coding&gt;&lt;system value=&quot;http://loinc.org&quot;&gt;&lt;version value=&quot;2.81&quot;&gt;&lt;code value=&quot;72514-3&quot;&gt;&lt;display value=&quot;Pain severity - 0-10 verbal numeric rating [Score] - Reported&quot;&gt;&lt;/coding&gt;\" title=\"Click to Copy as Coding\" class=\"btn-copy\"> </button></span></td></tr><tr><td><a name=\"x-http://loinc.org-38208-5\"> </a><code>http://loinc.org</code></td><td style=\"white-space:nowrap\">\u00a0\u00a0<a href=\"https://loinc.org/38208-5/\">38208-5</a></td><td>Pain severity - Reported</td><td><span class=\"copy-text-inline\"><button data-clipboard-text=\"{&quot;system&quot;: &quot;http://loinc.org&quot;, &quot;version&quot;: &quot;2.81&quot;, &quot;code&quot;: &quot;38208-5&quot;, &quot;display&quot;: &quot;Pain severity - Reported&quot;}\" title=\"Click to Copy as Coding\" class=\"btn-copy\"> </button></span></td><td><span class=\"copy-text-inline\"><button data-clipboard-text=\"&lt;coding&gt;&lt;system value=&quot;http://loinc.org&quot;&gt;&lt;version value=&quot;2.81&quot;&gt;&lt;code value=&quot;38208-5&quot;&gt;&lt;display value=&quot;Pain severity - Reported&quot;&gt;&lt;/coding&gt;\" title=\"Click to Copy as Coding\" class=\"btn-copy\"> </button></span></td></tr></table></div>"
      },
      "url" : "https://clinyqai.github.io/open-nursing-core-ig/ValueSet/pain-assessment-code-vs",
      "version" : "0.1.0",
      "name" : "PainAssessmentCodeValueSet",
      "title" : "Pain Assessment Code Value Set",
      "status" : "draft",
      "date" : "2025-12-26T14:29:21+00:00",
      "expansion" : {
        "identifier" : "urn:uuid:ddc8a216-1435-48c9-bd91-2c603d555910",
        "timestamp" : "2025-12-26T14:30:30+00:00",
        "total" : 2,
        "offset" : 0,
        "parameter" : [{
          "name" : "displayLanguage",
          "valueCode" : "en"
        },
        {
          "name" : "count",
          "valueInteger" : 1000
        },
        {
          "name" : "offset",
          "valueInteger" : 0
        },
        {
          "name" : "excludeNested",
          "valueBoolean" : false
        },
        {
          "name" : "used-valueset",
          "valueUri" : "null"
        },
        {
          "name" : "used-codesystem",
          "valueUri" : "http://loinc.org|2.81"
        }],
        "contains" : [{
          "system" : "http://loinc.org",
          "code" : "72514-3",
          "display" : "Pain severity - 0-10 verbal numeric rating [Score] - Reported"
        },
        {
          "system" : "http://loinc.org",
          "code" : "38208-5",
          "display" : "Pain severity - Reported"
        }]
      }
    }
  },
  {
    "fullUrl" : "https://clinyqai.github.io/open-nursing-core-ig/ValueSet/problem-category-valueset",
    "resource" : {
      "resourceType" : "ValueSet",
      "text" : {
        "status" : "generated",
        "div" : "<div xmlns=\"http://www.w3.org/1999/xhtml\" data-fhir=\"generated\"><p class=\"res-header-id\"/><p style=\"border: black 1px dotted; background-color: #EEEEEE; padding: 8px; margin-bottom: 8px\">Expansion performed internally based on <a href=\"CodeSystem-onc-problem-type.html\">codesystem Problem Type CodeSystem v0.1.0 (CodeSystem)</a><span class=\"copy-text-inline\"><button data-clipboard-text=\"https://clinyqai.github.io/open-nursing-core-ig/CodeSystem/onc-problem-type|0.1.0\" title=\"Click to Copy URL\" class=\"btn-copy\"> </button></span></p><p>This value set contains 3 concepts</p><table class=\"codes\" data-fhir=\"generated\"><tr><td><b>System</b></td><td style=\"white-space:nowrap\"><b>Code</b></td><td><b>Display (en)</b></td><td><b>Definition</b></td><td><b>JSON</b></td><td><b>XML</b></td></tr><tr><td><a name=\"x-https://clinyqai.github.io/open-nursing-core-ig/CodeSystem/onc-problem-type-nursing-diagnosis\"> </a><code>https://clinyqai.github.io/open-nursing-core-ig/CodeSystem/onc-problem-type</code></td><td style=\"white-space:nowrap\">\u00a0\u00a0<a href=\"CodeSystem-onc-problem-type.html#onc-problem-type-nursing-diagnosis\">nursing-diagnosis</a></td><td>Nursing Diagnosis</td><td>A clinical judgment about individual, family, or community responses to actual or potential health problems</td><td><span class=\"copy-text-inline\"><button data-clipboard-text=\"{&quot;system&quot;: &quot;https://clinyqai.github.io/open-nursing-core-ig/CodeSystem/onc-problem-type&quot;, &quot;version&quot;: &quot;0.1.0&quot;, &quot;code&quot;: &quot;nursing-diagnosis&quot;, &quot;display&quot;: &quot;Nursing Diagnosis&quot;}\" title=\"Click to Copy as Coding\" class=\"btn-copy\"> </button></span></td><td><span class=\"copy-text-inline\"><button data-clipboard-text=\"&lt;coding&gt;&lt;system value=&quot;https://clinyqai.github.io/open-nursing-core-ig/CodeSystem/onc-problem-type&quot;&gt;&lt;version value=&quot;0.1.0&quot;&gt;&lt;code value=&quot;nursing-diagnosis&quot;&gt;&lt;display value=&quot;Nursing Diagnosis&quot;&gt;&lt;/coding&gt;\" title=\"Click to Copy as Coding\" class=\"btn-copy\"> </button></span></td></tr><tr><td><a name=\"x-https://clinyqai.github.io/open-nursing-core-ig/CodeSystem/onc-problem-type-risk-diagnosis\"> </a><code>https://clinyqai.github.io/open-nursing-core-ig/CodeSystem/onc-problem-type</code></td><td style=\"white-space:nowrap\">\u00a0\u00a0<a href=\"CodeSystem-onc-problem-type.html#onc-problem-type-risk-diagnosis\">risk-diagnosis</a></td><td>Risk Diagnosis</td><td>A clinical judgment about an individual's vulnerability to developing an undesirable health condition</td><td><span class=\"copy-text-inline\"><button data-clipboard-text=\"{&quot;system&quot;: &quot;https://clinyqai.github.io/open-nursing-core-ig/CodeSystem/onc-problem-type&quot;, &quot;version&quot;: &quot;0.1.0&quot;, &quot;code&quot;: &quot;risk-diagnosis&quot;, &quot;display&quot;: &quot;Risk Diagnosis&quot;}\" title=\"Click to Copy as Coding\" class=\"btn-copy\"> </button></span></td><td><span class=\"copy-text-inline\"><button data-clipboard-text=\"&lt;coding&gt;&lt;system value=&quot;https://clinyqai.github.io/open-nursing-core-ig/CodeSystem/onc-problem-type&quot;&gt;&lt;version value=&quot;0.1.0&quot;&gt;&lt;code value=&quot;risk-diagnosis&quot;&gt;&lt;display value=&quot;Risk Diagnosis&quot;&gt;&lt;/coding&gt;\" title=\"Click to Copy as Coding\" class=\"btn-copy\"> </button></span></td></tr><tr><td><a name=\"x-https://clinyqai.github.io/open-nursing-core-ig/CodeSystem/onc-problem-type-health-promotion\"> </a><code>https://clinyqai.github.io/open-nursing-core-ig/CodeSystem/onc-problem-type</code></td><td style=\"white-space:nowrap\">\u00a0\u00a0<a href=\"CodeSystem-onc-problem-type.html#onc-problem-type-health-promotion\">health-promotion</a></td><td>Health Promotion Diagnosis</td><td>A clinical judgment about motivation to increase wellbeing</td><td><span class=\"copy-text-inline\"><button data-clipboard-text=\"{&quot;system&quot;: &quot;https://clinyqai.github.io/open-nursing-core-ig/CodeSystem/onc-problem-type&quot;, &quot;version&quot;: &quot;0.1.0&quot;, &quot;code&quot;: &quot;health-promotion&quot;, &quot;display&quot;: &quot;Health Promotion Diagnosis&quot;}\" title=\"Click to Copy as Coding\" class=\"btn-copy\"> </button></span></td><td><span class=\"copy-text-inline\"><button data-clipboard-text=\"&lt;coding&gt;&lt;system value=&quot;https://clinyqai.github.io/open-nursing-core-ig/CodeSystem/onc-problem-type&quot;&gt;&lt;version value=&quot;0.1.0&quot;&gt;&lt;code value=&quot;health-promotion&quot;&gt;&lt;display value=&quot;Health Promotion Diagnosis&quot;&gt;&lt;/coding&gt;\" title=\"Click to Copy as Coding\" class=\"btn-copy\"> </button></span></td></tr></table></div>"
      },
      "url" : "https://clinyqai.github.io/open-nursing-core-ig/ValueSet/problem-category-valueset",
      "version" : "0.1.0",
      "name" : "ProblemCategoryValueSet",
      "title" : "Problem Category Value Set",
      "status" : "draft",
      "experimental" : false,
      "date" : "2025-12-26T14:29:21+00:00",
      "expansion" : {
        "identifier" : "urn:uuid:de643f8f-b7cb-4959-b77d-e3f6e123d486",
        "timestamp" : "2025-12-26T14:30:30+00:00",
        "total" : 3,
        "offset" : 0,
        "parameter" : [{
          "name" : "displayLanguage",
          "valueCode" : "en"
        },
        {
          "name" : "count",
          "valueInteger" : 1000
        },
        {
          "name" : "offset",
          "valueInteger" : 0
        },
        {
          "name" : "excludeNested",
          "valueBoolean" : false
        },
        {
          "name" : "used-codesystem",
          "valueUri" : "https://clinyqai.github.io/open-nursing-core-ig/CodeSystem/onc-problem-type|0.1.0"
        }],
        "contains" : [{
          "system" : "https://clinyqai.github.io/open-nursing-core-ig/CodeSystem/onc-problem-type",
          "code" : "nursing-diagnosis",
          "display" : "Nursing Diagnosis"
        },
        {
          "system" : "https://clinyqai.github.io/open-nursing-core-ig/CodeSystem/onc-problem-type",
          "code" : "risk-diagnosis",
          "display" : "Risk Diagnosis"
        },
        {
          "system" : "https://clinyqai.github.io/open-nursing-core-ig/CodeSystem/onc-problem-type",
          "code" : "health-promotion",
          "display" : "Health Promotion Diagnosis"
        }]
      }
    }
  },
  {
    "fullUrl" : "https://clinyqai.github.io/open-nursing-core-ig/ValueSet/skintone-vs",
    "resource" : {
      "resourceType" : "ValueSet",
      "text" : {
        "status" : "generated",
        "div" : "<div xmlns=\"http://www.w3.org/1999/xhtml\" data-fhir=\"generated\"><p class=\"res-header-id\"/><p style=\"border: black 1px dotted; background-color: #EEEEEE; padding: 8px; margin-bottom: 8px\">Expansion performed internally based on <a href=\"CodeSystem-onc-observation-codes.html\">codesystem ONC Observation Codes v0.1.0 (CodeSystem)</a><span class=\"copy-text-inline\"><button data-clipboard-text=\"https://clinyqai.github.io/open-nursing-core-ig/CodeSystem/onc-observation-codes|0.1.0\" title=\"Click to Copy URL\" class=\"btn-copy\"> </button></span></p><p>This value set contains 6 concepts</p><table class=\"codes\" data-fhir=\"generated\"><tr><td><b>System</b></td><td style=\"white-space:nowrap\"><b>Code</b></td><td><b>Display (en)</b></td><td><b>Definition</b></td><td><b>JSON</b></td><td><b>XML</b></td></tr><tr><td><a name=\"x-https://clinyqai.github.io/open-nursing-core-ig/CodeSystem/onc-observation-codes-fitzpatrick-1\"> </a><code>https://clinyqai.github.io/open-nursing-core-ig/CodeSystem/onc-observation-codes</code></td><td style=\"white-space:nowrap\">\u00a0\u00a0<a href=\"CodeSystem-onc-observation-codes.html#onc-observation-codes-fitzpatrick-1\">fitzpatrick-1</a></td><td>Type I</td><td>Pale white; always burns, never tans</td><td><span class=\"copy-text-inline\"><button data-clipboard-text=\"{&quot;system&quot;: &quot;https://clinyqai.github.io/open-nursing-core-ig/CodeSystem/onc-observation-codes&quot;, &quot;version&quot;: &quot;0.1.0&quot;, &quot;code&quot;: &quot;fitzpatrick-1&quot;, &quot;display&quot;: &quot;Type I&quot;}\" title=\"Click to Copy as Coding\" class=\"btn-copy\"> </button></span></td><td><span class=\"copy-text-inline\"><button data-clipboard-text=\"&lt;coding&gt;&lt;system value=&quot;https://clinyqai.github.io/open-nursing-core-ig/CodeSystem/onc-observation-codes&quot;&gt;&lt;version value=&quot;0.1.0&quot;&gt;&lt;code value=&quot;fitzpatrick-1&quot;&gt;&lt;display value=&quot;Type I&quot;&gt;&lt;/coding&gt;\" title=\"Click to Copy as Coding\" class=\"btn-copy\"> </button></span></td></tr><tr><td><a name=\"x-https://clinyqai.github.io/open-nursing-core-ig/CodeSystem/onc-observation-codes-fitzpatrick-2\"> </a><code>https://clinyqai.github.io/open-nursing-core-ig/CodeSystem/onc-observation-codes</code></td><td style=\"white-space:nowrap\">\u00a0\u00a0<a href=\"CodeSystem-onc-observation-codes.html#onc-observation-codes-fitzpatrick-2\">fitzpatrick-2</a></td><td>Type II</td><td>White; usually burns, tans with difficulty</td><td><span class=\"copy-text-inline\"><button data-clipboard-text=\"{&quot;system&quot;: &quot;https://clinyqai.github.io/open-nursing-core-ig/CodeSystem/onc-observation-codes&quot;, &quot;version&quot;: &quot;0.1.0&quot;, &quot;code&quot;: &quot;fitzpatrick-2&quot;, &quot;display&quot;: &quot;Type II&quot;}\" title=\"Click to Copy as Coding\" class=\"btn-copy\"> </button></span></td><td><span class=\"copy-text-inline\"><button data-clipboard-text=\"&lt;coding&gt;&lt;system value=&quot;https://clinyqai.github.io/open-nursing-core-ig/CodeSystem/onc-observation-codes&quot;&gt;&lt;version value=&quot;0.1.0&quot;&gt;&lt;code value=&quot;fitzpatrick-2&quot;&gt;&lt;display value=&quot;Type II&quot;&gt;&lt;/coding&gt;\" title=\"Click to Copy as Coding\" class=\"btn-copy\"> </button></span></td></tr><tr><td><a name=\"x-https://clinyqai.github.io/open-nursing-core-ig/CodeSystem/onc-observation-codes-fitzpatrick-3\"> </a><code>https://clinyqai.github.io/open-nursing-core-ig/CodeSystem/onc-observation-codes</code></td><td style=\"white-space:nowrap\">\u00a0\u00a0<a href=\"CodeSystem-onc-observation-codes.html#onc-observation-codes-fitzpatrick-3\">fitzpatrick-3</a></td><td>Type III</td><td>Cream white; sometimes mild burn, gradually tans</td><td><span class=\"copy-text-inline\"><button data-clipboard-text=\"{&quot;system&quot;: &quot;https://clinyqai.github.io/open-nursing-core-ig/CodeSystem/onc-observation-codes&quot;, &quot;version&quot;: &quot;0.1.0&quot;, &quot;code&quot;: &quot;fitzpatrick-3&quot;, &quot;display&quot;: &quot;Type III&quot;}\" title=\"Click to Copy as Coding\" class=\"btn-copy\"> </button></span></td><td><span class=\"copy-text-inline\"><button data-clipboard-text=\"&lt;coding&gt;&lt;system value=&quot;https://clinyqai.github.io/open-nursing-core-ig/CodeSystem/onc-observation-codes&quot;&gt;&lt;version value=&quot;0.1.0&quot;&gt;&lt;code value=&quot;fitzpatrick-3&quot;&gt;&lt;display value=&quot;Type III&quot;&gt;&lt;/coding&gt;\" title=\"Click to Copy as Coding\" class=\"btn-copy\"> </button></span></td></tr><tr><td><a name=\"x-https://clinyqai.github.io/open-nursing-core-ig/CodeSystem/onc-observation-codes-fitzpatrick-4\"> </a><code>https://clinyqai.github.io/open-nursing-core-ig/CodeSystem/onc-observation-codes</code></td><td style=\"white-space:nowrap\">\u00a0\u00a0<a href=\"CodeSystem-onc-observation-codes.html#onc-observation-codes-fitzpatrick-4\">fitzpatrick-4</a></td><td>Type IV</td><td>Moderate brown; rarely burns, tans with ease</td><td><span class=\"copy-text-inline\"><button data-clipboard-text=\"{&quot;system&quot;: &quot;https://clinyqai.github.io/open-nursing-core-ig/CodeSystem/onc-observation-codes&quot;, &quot;version&quot;: &quot;0.1.0&quot;, &quot;code&quot;: &quot;fitzpatrick-4&quot;, &quot;display&quot;: &quot;Type IV&quot;}\" title=\"Click to Copy as Coding\" class=\"btn-copy\"> </button></span></td><td><span class=\"copy-text-inline\"><button data-clipboard-text=\"&lt;coding&gt;&lt;system value=&quot;https://clinyqai.github.io/open-nursing-core-ig/CodeSystem/onc-observation-codes&quot;&gt;&lt;version value=&quot;0.1.0&quot;&gt;&lt;code value=&quot;fitzpatrick-4&quot;&gt;&lt;display value=&quot;Type IV&quot;&gt;&lt;/coding&gt;\" title=\"Click to Copy as Coding\" class=\"btn-copy\"> </button></span></td></tr><tr><td><a name=\"x-https://clinyqai.github.io/open-nursing-core-ig/CodeSystem/onc-observation-codes-fitzpatrick-5\"> </a><code>https://clinyqai.github.io/open-nursing-core-ig/CodeSystem/onc-observation-codes</code></td><td style=\"white-space:nowrap\">\u00a0\u00a0<a href=\"CodeSystem-onc-observation-codes.html#onc-observation-codes-fitzpatrick-5\">fitzpatrick-5</a></td><td>Type V</td><td>Dark brown; very rarely burns, tans very easily</td><td><span class=\"copy-text-inline\"><button data-clipboard-text=\"{&quot;system&quot;: &quot;https://clinyqai.github.io/open-nursing-core-ig/CodeSystem/onc-observation-codes&quot;, &quot;version&quot;: &quot;0.1.0&quot;, &quot;code&quot;: &quot;fitzpatrick-5&quot;, &quot;display&quot;: &quot;Type V&quot;}\" title=\"Click to Copy as Coding\" class=\"btn-copy\"> </button></span></td><td><span class=\"copy-text-inline\"><button data-clipboard-text=\"&lt;coding&gt;&lt;system value=&quot;https://clinyqai.github.io/open-nursing-core-ig/CodeSystem/onc-observation-codes&quot;&gt;&lt;version value=&quot;0.1.0&quot;&gt;&lt;code value=&quot;fitzpatrick-5&quot;&gt;&lt;display value=&quot;Type V&quot;&gt;&lt;/coding&gt;\" title=\"Click to Copy as Coding\" class=\"btn-copy\"> </button></span></td></tr><tr><td><a name=\"x-https://clinyqai.github.io/open-nursing-core-ig/CodeSystem/onc-observation-codes-fitzpatrick-6\"> </a><code>https://clinyqai.github.io/open-nursing-core-ig/CodeSystem/onc-observation-codes</code></td><td style=\"white-space:nowrap\">\u00a0\u00a0<a href=\"CodeSystem-onc-observation-codes.html#onc-observation-codes-fitzpatrick-6\">fitzpatrick-6</a></td><td>Type VI</td><td>Deeply pigmented dark brown to black; never burns, tans very easily</td><td><span class=\"copy-text-inline\"><button data-clipboard-text=\"{&quot;system&quot;: &quot;https://clinyqai.github.io/open-nursing-core-ig/CodeSystem/onc-observation-codes&quot;, &quot;version&quot;: &quot;0.1.0&quot;, &quot;code&quot;: &quot;fitzpatrick-6&quot;, &quot;display&quot;: &quot;Type VI&quot;}\" title=\"Click to Copy as Coding\" class=\"btn-copy\"> </button></span></td><td><span class=\"copy-text-inline\"><button data-clipboard-text=\"&lt;coding&gt;&lt;system value=&quot;https://clinyqai.github.io/open-nursing-core-ig/CodeSystem/onc-observation-codes&quot;&gt;&lt;version value=&quot;0.1.0&quot;&gt;&lt;code value=&quot;fitzpatrick-6&quot;&gt;&lt;display value=&quot;Type VI&quot;&gt;&lt;/coding&gt;\" title=\"Click to Copy as Coding\" class=\"btn-copy\"> </button></span></td></tr></table></div>"
      },
      "url" : "https://clinyqai.github.io/open-nursing-core-ig/ValueSet/skintone-vs",
      "version" : "0.1.0",
      "name" : "SkinToneVS",
      "title" : "Fitzpatrick Skin Tone Value Set",
      "status" : "draft",
      "experimental" : false,
      "date" : "2025-12-26T14:29:21+00:00",
      "expansion" : {
        "identifier" : "urn:uuid:d211f091-7ad2-4e9d-9436-b994be5c2410",
        "timestamp" : "2025-12-26T14:30:31+00:00",
        "total" : 6,
        "offset" : 0,
        "parameter" : [{
          "name" : "displayLanguage",
          "valueCode" : "en"
        },
        {
          "name" : "count",
          "valueInteger" : 1000
        },
        {
          "name" : "offset",
          "valueInteger" : 0
        },
        {
          "name" : "excludeNested",
          "valueBoolean" : false
        },
        {
          "name" : "used-codesystem",
          "valueUri" : "https://clinyqai.github.io/open-nursing-core-ig/CodeSystem/onc-observation-codes|0.1.0"
        }],
        "contains" : [{
          "system" : "https://clinyqai.github.io/open-nursing-core-ig/CodeSystem/onc-observation-codes",
          "code" : "fitzpatrick-1",
          "display" : "Type I"
        },
        {
          "system" : "https://clinyqai.github.io/open-nursing-core-ig/CodeSystem/onc-observation-codes",
          "code" : "fitzpatrick-2",
          "display" : "Type II"
        },
        {
          "system" : "https://clinyqai.github.io/open-nursing-core-ig/CodeSystem/onc-observation-codes",
          "code" : "fitzpatrick-3",
          "display" : "Type III"
        },
        {
          "system" : "https://clinyqai.github.io/open-nursing-core-ig/CodeSystem/onc-observation-codes",
          "code" : "fitzpatrick-4",
          "display" : "Type IV"
        },
        {
          "system" : "https://clinyqai.github.io/open-nursing-core-ig/CodeSystem/onc-observation-codes",
          "code" : "fitzpatrick-5",
          "display" : "Type V"
        },
        {
          "system" : "https://clinyqai.github.io/open-nursing-core-ig/CodeSystem/onc-observation-codes",
          "code" : "fitzpatrick-6",
          "display" : "Type VI"
        }]
      }
    }
  },
  {
    "fullUrl" : "https://clinyqai.github.io/open-nursing-core-ig/ValueSet/wound-stage-vs",
    "resource" : {
      "resourceType" : "ValueSet",
      "text" : {
        "status" : "generated",
        "div" : "<div xmlns=\"http://www.w3.org/1999/xhtml\" data-fhir=\"generated\"><p class=\"res-header-id\"/><p style=\"border: black 1px dotted; background-color: #EEEEEE; padding: 8px; margin-bottom: 8px\">Expansion performed internally based on <a href=\"CodeSystem-onc-observation-codes.html\">codesystem ONC Observation Codes v0.1.0 (CodeSystem)</a><span class=\"copy-text-inline\"><button data-clipboard-text=\"https://clinyqai.github.io/open-nursing-core-ig/CodeSystem/onc-observation-codes|0.1.0\" title=\"Click to Copy URL\" class=\"btn-copy\"> </button></span></p><p>This value set contains 6 concepts</p><table class=\"codes\" data-fhir=\"generated\"><tr><td><b>System</b></td><td style=\"white-space:nowrap\"><b>Code</b></td><td><b>Display (en)</b></td><td><b>Definition</b></td><td><b>JSON</b></td><td><b>XML</b></td></tr><tr><td><a name=\"x-https://clinyqai.github.io/open-nursing-core-ig/CodeSystem/onc-observation-codes-stage-1\"> </a><code>https://clinyqai.github.io/open-nursing-core-ig/CodeSystem/onc-observation-codes</code></td><td style=\"white-space:nowrap\">\u00a0\u00a0<a href=\"CodeSystem-onc-observation-codes.html#onc-observation-codes-stage-1\">stage-1</a></td><td>Stage 1</td><td>Stage 1 pressure ulcer</td><td><span class=\"copy-text-inline\"><button data-clipboard-text=\"{&quot;system&quot;: &quot;https://clinyqai.github.io/open-nursing-core-ig/CodeSystem/onc-observation-codes&quot;, &quot;version&quot;: &quot;0.1.0&quot;, &quot;code&quot;: &quot;stage-1&quot;, &quot;display&quot;: &quot;Stage 1&quot;}\" title=\"Click to Copy as Coding\" class=\"btn-copy\"> </button></span></td><td><span class=\"copy-text-inline\"><button data-clipboard-text=\"&lt;coding&gt;&lt;system value=&quot;https://clinyqai.github.io/open-nursing-core-ig/CodeSystem/onc-observation-codes&quot;&gt;&lt;version value=&quot;0.1.0&quot;&gt;&lt;code value=&quot;stage-1&quot;&gt;&lt;display value=&quot;Stage 1&quot;&gt;&lt;/coding&gt;\" title=\"Click to Copy as Coding\" class=\"btn-copy\"> </button></span></td></tr><tr><td><a name=\"x-https://clinyqai.github.io/open-nursing-core-ig/CodeSystem/onc-observation-codes-stage-2\"> </a><code>https://clinyqai.github.io/open-nursing-core-ig/CodeSystem/onc-observation-codes</code></td><td style=\"white-space:nowrap\">\u00a0\u00a0<a href=\"CodeSystem-onc-observation-codes.html#onc-observation-codes-stage-2\">stage-2</a></td><td>Stage 2</td><td>Stage 2 pressure ulcer</td><td><span class=\"copy-text-inline\"><button data-clipboard-text=\"{&quot;system&quot;: &quot;https://clinyqai.github.io/open-nursing-core-ig/CodeSystem/onc-observation-codes&quot;, &quot;version&quot;: &quot;0.1.0&quot;, &quot;code&quot;: &quot;stage-2&quot;, &quot;display&quot;: &quot;Stage 2&quot;}\" title=\"Click to Copy as Coding\" class=\"btn-copy\"> </button></span></td><td><span class=\"copy-text-inline\"><button data-clipboard-text=\"&lt;coding&gt;&lt;system value=&quot;https://clinyqai.github.io/open-nursing-core-ig/CodeSystem/onc-observation-codes&quot;&gt;&lt;version value=&quot;0.1.0&quot;&gt;&lt;code value=&quot;stage-2&quot;&gt;&lt;display value=&quot;Stage 2&quot;&gt;&lt;/coding&gt;\" title=\"Click to Copy as Coding\" class=\"btn-copy\"> </button></span></td></tr><tr><td><a name=\"x-https://clinyqai.github.io/open-nursing-core-ig/CodeSystem/onc-observation-codes-stage-3\"> </a><code>https://clinyqai.github.io/open-nursing-core-ig/CodeSystem/onc-observation-codes</code></td><td style=\"white-space:nowrap\">\u00a0\u00a0<a href=\"CodeSystem-onc-observation-codes.html#onc-observation-codes-stage-3\">stage-3</a></td><td>Stage 3</td><td>Stage 3 pressure ulcer</td><td><span class=\"copy-text-inline\"><button data-clipboard-text=\"{&quot;system&quot;: &quot;https://clinyqai.github.io/open-nursing-core-ig/CodeSystem/onc-observation-codes&quot;, &quot;version&quot;: &quot;0.1.0&quot;, &quot;code&quot;: &quot;stage-3&quot;, &quot;display&quot;: &quot;Stage 3&quot;}\" title=\"Click to Copy as Coding\" class=\"btn-copy\"> </button></span></td><td><span class=\"copy-text-inline\"><button data-clipboard-text=\"&lt;coding&gt;&lt;system value=&quot;https://clinyqai.github.io/open-nursing-core-ig/CodeSystem/onc-observation-codes&quot;&gt;&lt;version value=&quot;0.1.0&quot;&gt;&lt;code value=&quot;stage-3&quot;&gt;&lt;display value=&quot;Stage 3&quot;&gt;&lt;/coding&gt;\" title=\"Click to Copy as Coding\" class=\"btn-copy\"> </button></span></td></tr><tr><td><a name=\"x-https://clinyqai.github.io/open-nursing-core-ig/CodeSystem/onc-observation-codes-stage-4\"> </a><code>https://clinyqai.github.io/open-nursing-core-ig/CodeSystem/onc-observation-codes</code></td><td style=\"white-space:nowrap\">\u00a0\u00a0<a href=\"CodeSystem-onc-observation-codes.html#onc-observation-codes-stage-4\">stage-4</a></td><td>Stage 4</td><td>Stage 4 pressure ulcer</td><td><span class=\"copy-text-inline\"><button data-clipboard-text=\"{&quot;system&quot;: &quot;https://clinyqai.github.io/open-nursing-core-ig/CodeSystem/onc-observation-codes&quot;, &quot;version&quot;: &quot;0.1.0&quot;, &quot;code&quot;: &quot;stage-4&quot;, &quot;display&quot;: &quot;Stage 4&quot;}\" title=\"Click to Copy as Coding\" class=\"btn-copy\"> </button></span></td><td><span class=\"copy-text-inline\"><button data-clipboard-text=\"&lt;coding&gt;&lt;system value=&quot;https://clinyqai.github.io/open-nursing-core-ig/CodeSystem/onc-observation-codes&quot;&gt;&lt;version value=&quot;0.1.0&quot;&gt;&lt;code value=&quot;stage-4&quot;&gt;&lt;display value=&quot;Stage 4&quot;&gt;&lt;/coding&gt;\" title=\"Click to Copy as Coding\" class=\"btn-copy\"> </button></span></td></tr><tr><td><a name=\"x-https://clinyqai.github.io/open-nursing-core-ig/CodeSystem/onc-observation-codes-unstageable\"> </a><code>https://clinyqai.github.io/open-nursing-core-ig/CodeSystem/onc-observation-codes</code></td><td style=\"white-space:nowrap\">\u00a0\u00a0<a href=\"CodeSystem-onc-observation-codes.html#onc-observation-codes-unstageable\">unstageable</a></td><td>Unstageable</td><td>Unstageable pressure ulcer</td><td><span class=\"copy-text-inline\"><button data-clipboard-text=\"{&quot;system&quot;: &quot;https://clinyqai.github.io/open-nursing-core-ig/CodeSystem/onc-observation-codes&quot;, &quot;version&quot;: &quot;0.1.0&quot;, &quot;code&quot;: &quot;unstageable&quot;, &quot;display&quot;: &quot;Unstageable&quot;}\" title=\"Click to Copy as Coding\" class=\"btn-copy\"> </button></span></td><td><span class=\"copy-text-inline\"><button data-clipboard-text=\"&lt;coding&gt;&lt;system value=&quot;https://clinyqai.github.io/open-nursing-core-ig/CodeSystem/onc-observation-codes&quot;&gt;&lt;version value=&quot;0.1.0&quot;&gt;&lt;code value=&quot;unstageable&quot;&gt;&lt;display value=&quot;Unstageable&quot;&gt;&lt;/coding&gt;\" title=\"Click to Copy as Coding\" class=\"btn-copy\"> </button></span></td></tr><tr><td><a name=\"x-https://clinyqai.github.io/open-nursing-core-ig/CodeSystem/onc-observation-codes-deep-tissue\"> </a><code>https://clinyqai.github.io/open-nursing-core-ig/CodeSystem/onc-observation-codes</code></td><td style=\"white-space:nowrap\">\u00a0\u00a0<a href=\"CodeSystem-onc-observation-codes.html#onc-observation-codes-deep-tissue\">deep-tissue</a></td><td>Deep Tissue Injury</td><td>Deep tissue injury</td><td><span class=\"copy-text-inline\"><button data-clipboard-text=\"{&quot;system&quot;: &quot;https://clinyqai.github.io/open-nursing-core-ig/CodeSystem/onc-observation-codes&quot;, &quot;version&quot;: &quot;0.1.0&quot;, &quot;code&quot;: &quot;deep-tissue&quot;, &quot;display&quot;: &quot;Deep Tissue Injury&quot;}\" title=\"Click to Copy as Coding\" class=\"btn-copy\"> </button></span></td><td><span class=\"copy-text-inline\"><button data-clipboard-text=\"&lt;coding&gt;&lt;system value=&quot;https://clinyqai.github.io/open-nursing-core-ig/CodeSystem/onc-observation-codes&quot;&gt;&lt;version value=&quot;0.1.0&quot;&gt;&lt;code value=&quot;deep-tissue&quot;&gt;&lt;display value=&quot;Deep Tissue Injury&quot;&gt;&lt;/coding&gt;\" title=\"Click to Copy as Coding\" class=\"btn-copy\"> </button></span></td></tr></table></div>"
      },
      "url" : "https://clinyqai.github.io/open-nursing-core-ig/ValueSet/wound-stage-vs",
      "version" : "0.1.0",
      "name" : "WoundStageValueSet",
      "title" : "Wound Stage Value Set",
      "status" : "draft",
      "date" : "2025-12-26T14:29:21+00:00",
      "expansion" : {
        "identifier" : "urn:uuid:6fa6d011-1dc1-427c-8c72-dcc12c0f5021",
        "timestamp" : "2025-12-26T14:30:32+00:00",
        "total" : 6,
        "offset" : 0,
        "parameter" : [{
          "name" : "displayLanguage",
          "valueCode" : "en"
        },
        {
          "name" : "count",
          "valueInteger" : 1000
        },
        {
          "name" : "offset",
          "valueInteger" : 0
        },
        {
          "name" : "excludeNested",
          "valueBoolean" : false
        },
        {
          "name" : "used-codesystem",
          "valueUri" : "https://clinyqai.github.io/open-nursing-core-ig/CodeSystem/onc-observation-codes|0.1.0"
        }],
        "contains" : [{
          "system" : "https://clinyqai.github.io/open-nursing-core-ig/CodeSystem/onc-observation-codes",
          "code" : "stage-1",
          "display" : "Stage 1"
        },
        {
          "system" : "https://clinyqai.github.io/open-nursing-core-ig/CodeSystem/onc-observation-codes",
          "code" : "stage-2",
          "display" : "Stage 2"
        },
        {
          "system" : "https://clinyqai.github.io/open-nursing-core-ig/CodeSystem/onc-observation-codes",
          "code" : "stage-3",
          "display" : "Stage 3"
        },
        {
          "system" : "https://clinyqai.github.io/open-nursing-core-ig/CodeSystem/onc-observation-codes",
          "code" : "stage-4",
          "display" : "Stage 4"
        },
        {
          "system" : "https://clinyqai.github.io/open-nursing-core-ig/CodeSystem/onc-observation-codes",
          "code" : "unstageable",
          "display" : "Unstageable"
        },
        {
          "system" : "https://clinyqai.github.io/open-nursing-core-ig/CodeSystem/onc-observation-codes",
          "code" : "deep-tissue",
          "display" : "Deep Tissue Injury"
        }]
      }
    }
  }]
}