{"resourceType":"CodeSystem","id":"onc-observation-codes","text":{"status":"generated","div":"<div xmlns=\"http://www.w3.org/1999/xhtml\"><p class=\"res-header-id\"><b>Generated Narrative: CodeSystem onc-observation-codes</b></p><a name=\"onc-observation-codes\"> </a><a name=\"hconc-observation-codes\"> </a><p>This  code system <code>https://clinyqai.github.io/open-nursing-core-ig/CodeSystem/onc-observation-codes</code> defines the following codes:</p><table class=\"codes\"><tr><td style=\"white-space:nowrap\"><b>Code</b></td><td><b>Display</b></td><td><b>Definition</b></td></tr><tr><td style=\"white-space:nowrap\">mst-score<a name=\"onc-observation-codes-mst-score\"> </a></td><td>Monk Skin Tone Score</td><td>Assessment of skin tone using the Monk Skin Tone Scale</td></tr><tr><td style=\"white-space:nowrap\">waterlow-score<a name=\"onc-observation-codes-waterlow-score\"> </a></td><td>Waterlow Score</td><td>Total score for Waterlow pressure ulcer risk assessment</td></tr><tr><td style=\"white-space:nowrap\">must-score<a name=\"onc-observation-codes-must-score\"> </a></td><td>MUST Score</td><td>Malnutrition Universal Screening Tool total score</td></tr><tr><td style=\"white-space:nowrap\">must-bmi-score<a name=\"onc-observation-codes-must-bmi-score\"> </a></td><td>MUST BMI Score</td><td>Malnutrition Universal Screening Tool BMI score</td></tr><tr><td style=\"white-space:nowrap\">must-weight-loss-score<a name=\"onc-observation-codes-must-weight-loss-score\"> </a></td><td>MUST Weight Loss Score</td><td>Malnutrition Universal Screening Tool weight loss score</td></tr><tr><td style=\"white-space:nowrap\">must-acute-disease-score<a name=\"onc-observation-codes-must-acute-disease-score\"> </a></td><td>MUST Acute Disease Score</td><td>Malnutrition Universal Screening Tool acute disease effect score</td></tr><tr><td style=\"white-space:nowrap\">braden-total-score<a name=\"onc-observation-codes-braden-total-score\"> </a></td><td>Braden Total Score</td><td>Braden scale total score</td></tr><tr><td style=\"white-space:nowrap\">braden-sensory<a name=\"onc-observation-codes-braden-sensory\"> </a></td><td>Braden Sensory Perception</td><td>Sensory perception Braden scale</td></tr><tr><td style=\"white-space:nowrap\">braden-moisture<a name=\"onc-observation-codes-braden-moisture\"> </a></td><td>Braden Moisture</td><td>Moisture Braden scale</td></tr><tr><td style=\"white-space:nowrap\">braden-activity<a name=\"onc-observation-codes-braden-activity\"> </a></td><td>Braden Activity</td><td>Activity Braden scale</td></tr><tr><td style=\"white-space:nowrap\">braden-mobility<a name=\"onc-observation-codes-braden-mobility\"> </a></td><td>Braden Mobility</td><td>Mobility Braden scale</td></tr><tr><td style=\"white-space:nowrap\">braden-nutrition<a name=\"onc-observation-codes-braden-nutrition\"> </a></td><td>Braden Nutrition</td><td>Nutrition Braden scale</td></tr><tr><td style=\"white-space:nowrap\">braden-friction<a name=\"onc-observation-codes-braden-friction\"> </a></td><td>Braden Friction/Shear</td><td>Friction and shear Braden scale</td></tr><tr><td style=\"white-space:nowrap\">barthel-score<a name=\"onc-observation-codes-barthel-score\"> </a></td><td>Barthel Index Score</td><td>Total score for Barthel Index assessment</td></tr><tr><td style=\"white-space:nowrap\">news2-score<a name=\"onc-observation-codes-news2-score\"> </a></td><td>NEWS2 Score</td><td>National Early Warning Score 2 Total Score</td></tr><tr><td style=\"white-space:nowrap\">news2-subscore<a name=\"onc-observation-codes-news2-subscore\"> </a></td><td>NEWS2 Sub-score</td><td>Sub-score for NEWS2 parameter</td></tr><tr><td style=\"white-space:nowrap\">wound-stage<a name=\"onc-observation-codes-wound-stage\"> </a></td><td>Wound Stage</td><td>Stage of the wound</td></tr><tr><td style=\"white-space:nowrap\">stage-1<a name=\"onc-observation-codes-stage-1\"> </a></td><td>Stage 1</td><td>Stage 1 pressure ulcer</td></tr><tr><td style=\"white-space:nowrap\">stage-2<a name=\"onc-observation-codes-stage-2\"> </a></td><td>Stage 2</td><td>Stage 2 pressure ulcer</td></tr><tr><td style=\"white-space:nowrap\">stage-3<a name=\"onc-observation-codes-stage-3\"> </a></td><td>Stage 3</td><td>Stage 3 pressure ulcer</td></tr><tr><td style=\"white-space:nowrap\">stage-4<a name=\"onc-observation-codes-stage-4\"> </a></td><td>Stage 4</td><td>Stage 4 pressure ulcer</td></tr><tr><td style=\"white-space:nowrap\">unstageable<a name=\"onc-observation-codes-unstageable\"> </a></td><td>Unstageable</td><td>Unstageable pressure ulcer</td></tr><tr><td style=\"white-space:nowrap\">deep-tissue<a name=\"onc-observation-codes-deep-tissue\"> </a></td><td>Deep Tissue Injury</td><td>Deep tissue injury</td></tr><tr><td style=\"white-space:nowrap\">risk-falls<a name=\"onc-observation-codes-risk-falls\"> </a></td><td>Risk of Falls</td><td>Risk of falls diagnosis</td></tr><tr><td style=\"white-space:nowrap\">fitzpatrick-1<a name=\"onc-observation-codes-fitzpatrick-1\"> </a></td><td>Type I</td><td>Pale white; always burns, never tans</td></tr><tr><td style=\"white-space:nowrap\">fitzpatrick-2<a name=\"onc-observation-codes-fitzpatrick-2\"> </a></td><td>Type II</td><td>White; usually burns, tans with difficulty</td></tr><tr><td style=\"white-space:nowrap\">fitzpatrick-3<a name=\"onc-observation-codes-fitzpatrick-3\"> </a></td><td>Type III</td><td>Cream white; sometimes mild burn, gradually tans</td></tr><tr><td style=\"white-space:nowrap\">fitzpatrick-4<a name=\"onc-observation-codes-fitzpatrick-4\"> </a></td><td>Type IV</td><td>Moderate brown; rarely burns, tans with ease</td></tr><tr><td style=\"white-space:nowrap\">fitzpatrick-5<a name=\"onc-observation-codes-fitzpatrick-5\"> </a></td><td>Type V</td><td>Dark brown; very rarely burns, tans very easily</td></tr><tr><td style=\"white-space:nowrap\">fitzpatrick-6<a name=\"onc-observation-codes-fitzpatrick-6\"> </a></td><td>Type VI</td><td>Deeply pigmented dark brown to black; never burns, tans very easily</td></tr><tr><td style=\"white-space:nowrap\">what-matters<a name=\"onc-observation-codes-what-matters\"> </a></td><td>What Matters to Me</td><td>Patient-identified priorities and non-clinical goals</td></tr><tr><td style=\"white-space:nowrap\">patient-story<a name=\"onc-observation-codes-patient-story\"> </a></td><td>Patient Story</td><td>Narrative summary of patient background, preferences, and autobiography</td></tr><tr><td style=\"white-space:nowrap\">relational-engagement<a name=\"onc-observation-codes-relational-engagement\"> </a></td><td>Relational Engagement Score</td><td>Assessment of the quality of nurse-patient engagement (1-5)</td></tr><tr><td style=\"white-space:nowrap\">cfs-score<a name=\"onc-observation-codes-cfs-score\"> </a></td><td>Clinical Frailty Scale Score</td><td>Total score for Rockwood Clinical Frailty Scale</td></tr><tr><td style=\"white-space:nowrap\">cfs-1<a name=\"onc-observation-codes-cfs-1\"> </a></td><td>Very Fit</td><td>Robus, active, energetic and motivated</td></tr><tr><td style=\"white-space:nowrap\">cfs-2<a name=\"onc-observation-codes-cfs-2\"> </a></td><td>Well</td><td>No active disease symptoms but less fit than category 1</td></tr><tr><td style=\"white-space:nowrap\">cfs-3<a name=\"onc-observation-codes-cfs-3\"> </a></td><td>Managing Well</td><td>Medical problems are well controlled, but not regularly active</td></tr><tr><td style=\"white-space:nowrap\">cfs-4<a name=\"onc-observation-codes-cfs-4\"> </a></td><td>Vulnerable</td><td>Not dependent for daily help, but symptoms limit activities</td></tr><tr><td style=\"white-space:nowrap\">cfs-5<a name=\"onc-observation-codes-cfs-5\"> </a></td><td>Mildly Frail</td><td>Need help with high order IADLs (finances, transportation, heavy housework)</td></tr><tr><td style=\"white-space:nowrap\">cfs-6<a name=\"onc-observation-codes-cfs-6\"> </a></td><td>Moderately Frail</td><td>Need help with all outside activities and some housekeeping</td></tr><tr><td style=\"white-space:nowrap\">cfs-7<a name=\"onc-observation-codes-cfs-7\"> </a></td><td>Severely Frail</td><td>Completely dependent for personal care</td></tr><tr><td style=\"white-space:nowrap\">cfs-8<a name=\"onc-observation-codes-cfs-8\"> </a></td><td>Very Severely Frail</td><td>Completely dependent, approaching end of life</td></tr><tr><td style=\"white-space:nowrap\">cfs-9<a name=\"onc-observation-codes-cfs-9\"> </a></td><td>Terminally Ill</td><td>Approaching the end of life (life expectancy &lt;6 months)</td></tr><tr><td style=\"white-space:nowrap\">4at-score<a name=\"onc-observation-codes-4at-score\"> </a></td><td>4AT Delirium Score</td><td>Total score for 4AT assessment</td></tr><tr><td style=\"white-space:nowrap\">4at-alertness<a name=\"onc-observation-codes-4at-alertness\"> </a></td><td>Alertness</td><td>4AT Item 1: Alertness</td></tr><tr><td style=\"white-space:nowrap\">4at-amt4<a name=\"onc-observation-codes-4at-amt4\"> </a></td><td>AMT4 Score</td><td>4AT Item 2: Abbreviated Mental Test 4</td></tr><tr><td style=\"white-space:nowrap\">4at-attention<a name=\"onc-observation-codes-4at-attention\"> </a></td><td>Attention</td><td>4AT Item 3: Attention (Months Backwards)</td></tr><tr><td style=\"white-space:nowrap\">4at-acute-change<a name=\"onc-observation-codes-4at-acute-change\"> </a></td><td>Acute Change</td><td>4AT Item 4: Acute Change or Fluctuating Course</td></tr><tr><td style=\"white-space:nowrap\">reasonable-adjustment<a name=\"onc-observation-codes-reasonable-adjustment\"> </a></td><td>Reasonable Adjustment</td><td>Requirement for adjustment to care delivery (Equality Act)</td></tr><tr><td style=\"white-space:nowrap\">mca-assessment<a name=\"onc-observation-codes-mca-assessment\"> </a></td><td>Mental Capacity Assessment</td><td>Assessment of capacity to make a specific decision</td></tr><tr><td style=\"white-space:nowrap\">capacity-present<a name=\"onc-observation-codes-capacity-present\"> </a></td><td>Capacity Present</td><td>Patient has capacity for this decision</td></tr><tr><td style=\"white-space:nowrap\">capacity-absent<a name=\"onc-observation-codes-capacity-absent\"> </a></td><td>Capacity Absent</td><td>Patient lacks capacity for this decision</td></tr><tr><td style=\"white-space:nowrap\">best-interest<a name=\"onc-observation-codes-best-interest\"> </a></td><td>Best Interest Decision</td><td>Decision made in patient's best interest</td></tr></table></div>"},"url":"https://clinyqai.github.io/open-nursing-core-ig/CodeSystem/onc-observation-codes","version":"0.1.0","name":"ONCObservationCodes","title":"ONC Observation Codes","status":"draft","date":"2025-12-26T15:22:58+00:00","description":"Custom observation codes for Open Nursing Core","content":"complete","count":53,"concept":[{"code":"mst-score","display":"Monk Skin Tone Score","definition":"Assessment of skin tone using the Monk Skin Tone Scale"},{"code":"waterlow-score","display":"Waterlow Score","definition":"Total score for Waterlow pressure ulcer risk assessment"},{"code":"must-score","display":"MUST Score","definition":"Malnutrition Universal Screening Tool total score"},{"code":"must-bmi-score","display":"MUST BMI Score","definition":"Malnutrition Universal Screening Tool BMI score"},{"code":"must-weight-loss-score","display":"MUST Weight Loss Score","definition":"Malnutrition Universal Screening Tool weight loss score"},{"code":"must-acute-disease-score","display":"MUST Acute Disease Score","definition":"Malnutrition Universal Screening Tool acute disease effect score"},{"code":"braden-total-score","display":"Braden Total Score","definition":"Braden scale total score"},{"code":"braden-sensory","display":"Braden Sensory Perception","definition":"Sensory perception Braden scale"},{"code":"braden-moisture","display":"Braden Moisture","definition":"Moisture Braden scale"},{"code":"braden-activity","display":"Braden Activity","definition":"Activity Braden scale"},{"code":"braden-mobility","display":"Braden Mobility","definition":"Mobility Braden scale"},{"code":"braden-nutrition","display":"Braden Nutrition","definition":"Nutrition Braden scale"},{"code":"braden-friction","display":"Braden Friction/Shear","definition":"Friction and shear Braden scale"},{"code":"barthel-score","display":"Barthel Index Score","definition":"Total score for Barthel Index assessment"},{"code":"news2-score","display":"NEWS2 Score","definition":"National Early Warning Score 2 Total Score"},{"code":"news2-subscore","display":"NEWS2 Sub-score","definition":"Sub-score for NEWS2 parameter"},{"code":"wound-stage","display":"Wound Stage","definition":"Stage of the wound"},{"code":"stage-1","display":"Stage 1","definition":"Stage 1 pressure ulcer"},{"code":"stage-2","display":"Stage 2","definition":"Stage 2 pressure ulcer"},{"code":"stage-3","display":"Stage 3","definition":"Stage 3 pressure ulcer"},{"code":"stage-4","display":"Stage 4","definition":"Stage 4 pressure ulcer"},{"code":"unstageable","display":"Unstageable","definition":"Unstageable pressure ulcer"},{"code":"deep-tissue","display":"Deep Tissue Injury","definition":"Deep tissue injury"},{"code":"risk-falls","display":"Risk of Falls","definition":"Risk of falls diagnosis"},{"code":"fitzpatrick-1","display":"Type I","definition":"Pale white; always burns, never tans"},{"code":"fitzpatrick-2","display":"Type II","definition":"White; usually burns, tans with difficulty"},{"code":"fitzpatrick-3","display":"Type III","definition":"Cream white; sometimes mild burn, gradually tans"},{"code":"fitzpatrick-4","display":"Type IV","definition":"Moderate brown; rarely burns, tans with ease"},{"code":"fitzpatrick-5","display":"Type V","definition":"Dark brown; very rarely burns, tans very easily"},{"code":"fitzpatrick-6","display":"Type VI","definition":"Deeply pigmented dark brown to black; never burns, tans very easily"},{"code":"what-matters","display":"What Matters to Me","definition":"Patient-identified priorities and non-clinical goals"},{"code":"patient-story","display":"Patient Story","definition":"Narrative summary of patient background, preferences, and autobiography"},{"code":"relational-engagement","display":"Relational Engagement Score","definition":"Assessment of the quality of nurse-patient engagement (1-5)"},{"code":"cfs-score","display":"Clinical Frailty Scale Score","definition":"Total score for Rockwood Clinical Frailty Scale"},{"code":"cfs-1","display":"Very Fit","definition":"Robus, active, energetic and motivated"},{"code":"cfs-2","display":"Well","definition":"No active disease symptoms but less fit than category 1"},{"code":"cfs-3","display":"Managing Well","definition":"Medical problems are well controlled, but not regularly active"},{"code":"cfs-4","display":"Vulnerable","definition":"Not dependent for daily help, but symptoms limit activities"},{"code":"cfs-5","display":"Mildly Frail","definition":"Need help with high order IADLs (finances, transportation, heavy housework)"},{"code":"cfs-6","display":"Moderately Frail","definition":"Need help with all outside activities and some housekeeping"},{"code":"cfs-7","display":"Severely Frail","definition":"Completely dependent for personal care"},{"code":"cfs-8","display":"Very Severely Frail","definition":"Completely dependent, approaching end of life"},{"code":"cfs-9","display":"Terminally Ill","definition":"Approaching the end of life (life expectancy <6 months)"},{"code":"4at-score","display":"4AT Delirium Score","definition":"Total score for 4AT assessment"},{"code":"4at-alertness","display":"Alertness","definition":"4AT Item 1: Alertness"},{"code":"4at-amt4","display":"AMT4 Score","definition":"4AT Item 2: Abbreviated Mental Test 4"},{"code":"4at-attention","display":"Attention","definition":"4AT Item 3: Attention (Months Backwards)"},{"code":"4at-acute-change","display":"Acute Change","definition":"4AT Item 4: Acute Change or Fluctuating Course"},{"code":"reasonable-adjustment","display":"Reasonable Adjustment","definition":"Requirement for adjustment to care delivery (Equality Act)"},{"code":"mca-assessment","display":"Mental Capacity Assessment","definition":"Assessment of capacity to make a specific decision"},{"code":"capacity-present","display":"Capacity Present","definition":"Patient has capacity for this decision"},{"code":"capacity-absent","display":"Capacity Absent","definition":"Patient lacks capacity for this decision"},{"code":"best-interest","display":"Best Interest Decision","definition":"Decision made in patient's best interest"}]}