{"resourceType":"ImplementationGuide","id":"onc.ig","text":{"status":"generated","div":"<div xmlns=\"http://www.w3.org/1999/xhtml\"><p class=\"res-header-id\"><b>Generated Narrative: ImplementationGuide onc.ig</b></p><a name=\"onc.ig\"> </a><a name=\"hconc.ig\"> </a><h2>OpenNursingCoreIG</h2><p>The official URL for this implementation guide is: </p><pre>https://clinyqai.github.io/open-nursing-core-ig/ImplementationGuide/onc.ig</pre><div><p>Foundational FHIR profiles for the nursing process (ADPIE), including Safety and Equity modules. BETA RELEASE - Feedback Welcome.</p>\n</div></div>"},"url":"https://clinyqai.github.io/open-nursing-core-ig/ImplementationGuide/onc.ig","version":"0.1.0","name":"OpenNursingCoreIG","title":"Open Nursing Core FHIR Implementation Guide (ONC-IG)","status":"draft","date":"2025-12-26T15:22:58+00:00","description":"Foundational FHIR profiles for the nursing process (ADPIE), including Safety and Equity modules. BETA RELEASE - Feedback Welcome.","packageId":"onc.ig","license":"MIT","fhirVersion":["4.0.1"],"dependsOn":[{"id":"hl7tx","extension":[{"url":"http://hl7.org/fhir/tools/StructureDefinition/implementationguide-dependency-comment","valueMarkdown":"Automatically added as a dependency - all IGs depend on HL7 Terminology"}],"uri":"http://terminology.hl7.org/ImplementationGuide/hl7.terminology","packageId":"hl7.terminology.r4","version":"7.0.1"},{"id":"hl7ext","extension":[{"url":"http://hl7.org/fhir/tools/StructureDefinition/implementationguide-dependency-comment","valueMarkdown":"Automatically added as a dependency - all IGs depend on the HL7 Extension Pack"}],"uri":"http://hl7.org/fhir/extensions/ImplementationGuide/hl7.fhir.uv.extensions","packageId":"hl7.fhir.uv.extensions.r4","version":"5.2.0"}],"definition":{"extension":[{"extension":[{"url":"code","valueString":"copyrightyear"},{"url":"value","valueString":"2025+"}],"url":"http://hl7.org/fhir/tools/StructureDefinition/ig-parameter"},{"extension":[{"url":"code","valueString":"releaselabel"},{"url":"value","valueString":"draft"}],"url":"http://hl7.org/fhir/tools/StructureDefinition/ig-parameter"},{"extension":[{"url":"code","valueString":"autoload-resources"},{"url":"value","valueString":"true"}],"url":"http://hl7.org/fhir/tools/StructureDefinition/ig-parameter"},{"extension":[{"url":"code","valueString":"path-liquid"},{"url":"value","valueString":"template/liquid"}],"url":"http://hl7.org/fhir/tools/StructureDefinition/ig-parameter"},{"extension":[{"url":"code","valueString":"path-liquid"},{"url":"value","valueString":"input/liquid"}],"url":"http://hl7.org/fhir/tools/StructureDefinition/ig-parameter"},{"extension":[{"url":"code","valueString":"path-qa"},{"url":"value","valueString":"temp/qa"}],"url":"http://hl7.org/fhir/tools/StructureDefinition/ig-parameter"},{"extension":[{"url":"code","valueString":"path-temp"},{"url":"value","valueString":"temp/pages"}],"url":"http://hl7.org/fhir/tools/StructureDefinition/ig-parameter"},{"extension":[{"url":"code","valueString":"path-output"},{"url":"value","valueString":"output"}],"url":"http://hl7.org/fhir/tools/StructureDefinition/ig-parameter"},{"extension":[{"url":"code","valueString":"path-suppressed-warnings"},{"url":"value","valueString":"input/ignoreWarnings.txt"}],"url":"http://hl7.org/fhir/tools/StructureDefinition/ig-parameter"},{"extension":[{"url":"code","valueString":"path-history"},{"url":"value","valueString":"https://clinyqai.github.io/open-nursing-core-ig/history.html"}],"url":"http://hl7.org/fhir/tools/StructureDefinition/ig-parameter"},{"extension":[{"url":"code","valueString":"template-html"},{"url":"value","valueString":"template-page.html"}],"url":"http://hl7.org/fhir/tools/StructureDefinition/ig-parameter"},{"extension":[{"url":"code","valueString":"template-md"},{"url":"value","valueString":"template-page-md.html"}],"url":"http://hl7.org/fhir/tools/StructureDefinition/ig-parameter"},{"extension":[{"url":"code","valueString":"apply-contact"},{"url":"value","valueString":"true"}],"url":"http://hl7.org/fhir/tools/StructureDefinition/ig-parameter"},{"extension":[{"url":"code","valueString":"apply-context"},{"url":"value","valueString":"true"}],"url":"http://hl7.org/fhir/tools/StructureDefinition/ig-parameter"},{"extension":[{"url":"code","valueString":"apply-copyright"},{"url":"value","valueString":"true"}],"url":"http://hl7.org/fhir/tools/StructureDefinition/ig-parameter"},{"extension":[{"url":"code","valueString":"apply-jurisdiction"},{"url":"value","valueString":"true"}],"url":"http://hl7.org/fhir/tools/StructureDefinition/ig-parameter"},{"extension":[{"url":"code","valueString":"apply-license"},{"url":"value","valueString":"true"}],"url":"http://hl7.org/fhir/tools/StructureDefinition/ig-parameter"},{"extension":[{"url":"code","valueString":"apply-publisher"},{"url":"value","valueString":"true"}],"url":"http://hl7.org/fhir/tools/StructureDefinition/ig-parameter"},{"extension":[{"url":"code","valueString":"apply-version"},{"url":"value","valueString":"true"}],"url":"http://hl7.org/fhir/tools/StructureDefinition/ig-parameter"},{"extension":[{"url":"code","valueString":"apply-wg"},{"url":"value","valueString":"true"}],"url":"http://hl7.org/fhir/tools/StructureDefinition/ig-parameter"},{"extension":[{"url":"code","valueString":"active-tables"},{"url":"value","valueString":"true"}],"url":"http://hl7.org/fhir/tools/StructureDefinition/ig-parameter"},{"extension":[{"url":"code","valueString":"fmm-definition"},{"url":"value","valueString":"http://hl7.org/fhir/versions.html#maturity"}],"url":"http://hl7.org/fhir/tools/StructureDefinition/ig-parameter"},{"extension":[{"url":"code","valueString":"propagate-status"},{"url":"value","valueString":"true"}],"url":"http://hl7.org/fhir/tools/StructureDefinition/ig-parameter"},{"extension":[{"url":"code","valueString":"excludelogbinaryformat"},{"url":"value","valueString":"true"}],"url":"http://hl7.org/fhir/tools/StructureDefinition/ig-parameter"},{"extension":[{"url":"code","valueString":"tabbed-snapshots"},{"url":"value","valueString":"true"}],"url":"http://hl7.org/fhir/tools/StructureDefinition/ig-parameter"},{"url":"http://hl7.org/fhir/tools/StructureDefinition/ig-internal-dependency","valueCode":"hl7.fhir.uv.tools.r4#0.9.0"},{"extension":[{"url":"code","valueCode":"copyrightyear"},{"url":"value","valueString":"2025+"}],"url":"http://hl7.org/fhir/tools/StructureDefinition/ig-parameter"},{"extension":[{"url":"code","valueCode":"releaselabel"},{"url":"value","valueString":"draft"}],"url":"http://hl7.org/fhir/tools/StructureDefinition/ig-parameter"},{"extension":[{"url":"code","valueCode":"autoload-resources"},{"url":"value","valueString":"true"}],"url":"http://hl7.org/fhir/tools/StructureDefinition/ig-parameter"},{"extension":[{"url":"code","valueCode":"path-liquid"},{"url":"value","valueString":"template/liquid"}],"url":"http://hl7.org/fhir/tools/StructureDefinition/ig-parameter"},{"extension":[{"url":"code","valueCode":"path-liquid"},{"url":"value","valueString":"input/liquid"}],"url":"http://hl7.org/fhir/tools/StructureDefinition/ig-parameter"},{"extension":[{"url":"code","valueCode":"path-qa"},{"url":"value","valueString":"temp/qa"}],"url":"http://hl7.org/fhir/tools/StructureDefinition/ig-parameter"},{"extension":[{"url":"code","valueCode":"path-temp"},{"url":"value","valueString":"temp/pages"}],"url":"http://hl7.org/fhir/tools/StructureDefinition/ig-parameter"},{"extension":[{"url":"code","valueCode":"path-output"},{"url":"value","valueString":"output"}],"url":"http://hl7.org/fhir/tools/StructureDefinition/ig-parameter"},{"extension":[{"url":"code","valueCode":"path-suppressed-warnings"},{"url":"value","valueString":"input/ignoreWarnings.txt"}],"url":"http://hl7.org/fhir/tools/StructureDefinition/ig-parameter"},{"extension":[{"url":"code","valueCode":"path-history"},{"url":"value","valueString":"https://clinyqai.github.io/open-nursing-core-ig/history.html"}],"url":"http://hl7.org/fhir/tools/StructureDefinition/ig-parameter"},{"extension":[{"url":"code","valueCode":"template-html"},{"url":"value","valueString":"template-page.html"}],"url":"http://hl7.org/fhir/tools/StructureDefinition/ig-parameter"},{"extension":[{"url":"code","valueCode":"template-md"},{"url":"value","valueString":"template-page-md.html"}],"url":"http://hl7.org/fhir/tools/StructureDefinition/ig-parameter"},{"extension":[{"url":"code","valueCode":"apply-contact"},{"url":"value","valueString":"true"}],"url":"http://hl7.org/fhir/tools/StructureDefinition/ig-parameter"},{"extension":[{"url":"code","valueCode":"apply-context"},{"url":"value","valueString":"true"}],"url":"http://hl7.org/fhir/tools/StructureDefinition/ig-parameter"},{"extension":[{"url":"code","valueCode":"apply-copyright"},{"url":"value","valueString":"true"}],"url":"http://hl7.org/fhir/tools/StructureDefinition/ig-parameter"},{"extension":[{"url":"code","valueCode":"apply-jurisdiction"},{"url":"value","valueString":"true"}],"url":"http://hl7.org/fhir/tools/StructureDefinition/ig-parameter"},{"extension":[{"url":"code","valueCode":"apply-license"},{"url":"value","valueString":"true"}],"url":"http://hl7.org/fhir/tools/StructureDefinition/ig-parameter"},{"extension":[{"url":"code","valueCode":"apply-publisher"},{"url":"value","valueString":"true"}],"url":"http://hl7.org/fhir/tools/StructureDefinition/ig-parameter"},{"extension":[{"url":"code","valueCode":"apply-version"},{"url":"value","valueString":"true"}],"url":"http://hl7.org/fhir/tools/StructureDefinition/ig-parameter"},{"extension":[{"url":"code","valueCode":"apply-wg"},{"url":"value","valueString":"true"}],"url":"http://hl7.org/fhir/tools/StructureDefinition/ig-parameter"},{"extension":[{"url":"code","valueCode":"active-tables"},{"url":"value","valueString":"true"}],"url":"http://hl7.org/fhir/tools/StructureDefinition/ig-parameter"},{"extension":[{"url":"code","valueCode":"fmm-definition"},{"url":"value","valueString":"http://hl7.org/fhir/versions.html#maturity"}],"url":"http://hl7.org/fhir/tools/StructureDefinition/ig-parameter"},{"extension":[{"url":"code","valueCode":"propagate-status"},{"url":"value","valueString":"true"}],"url":"http://hl7.org/fhir/tools/StructureDefinition/ig-parameter"},{"extension":[{"url":"code","valueCode":"excludelogbinaryformat"},{"url":"value","valueString":"true"}],"url":"http://hl7.org/fhir/tools/StructureDefinition/ig-parameter"},{"extension":[{"url":"code","valueCode":"tabbed-snapshots"},{"url":"value","valueString":"true"}],"url":"http://hl7.org/fhir/tools/StructureDefinition/ig-parameter"},{"extension":[{"url":"code","valueCode":"copyrightyear"},{"url":"value","valueString":"2025+"}],"url":"http://hl7.org/fhir/tools/StructureDefinition/ig-parameter"},{"extension":[{"url":"code","valueCode":"releaselabel"},{"url":"value","valueString":"draft"}],"url":"http://hl7.org/fhir/tools/StructureDefinition/ig-parameter"},{"extension":[{"url":"code","valueCode":"autoload-resources"},{"url":"value","valueString":"true"}],"url":"http://hl7.org/fhir/tools/StructureDefinition/ig-parameter"},{"extension":[{"url":"code","valueCode":"path-liquid"},{"url":"value","valueString":"template/liquid"}],"url":"http://hl7.org/fhir/tools/StructureDefinition/ig-parameter"},{"extension":[{"url":"code","valueCode":"path-liquid"},{"url":"value","valueString":"input/liquid"}],"url":"http://hl7.org/fhir/tools/StructureDefinition/ig-parameter"},{"extension":[{"url":"code","valueCode":"path-qa"},{"url":"value","valueString":"temp/qa"}],"url":"http://hl7.org/fhir/tools/StructureDefinition/ig-parameter"},{"extension":[{"url":"code","valueCode":"path-temp"},{"url":"value","valueString":"temp/pages"}],"url":"http://hl7.org/fhir/tools/StructureDefinition/ig-parameter"},{"extension":[{"url":"code","valueCode":"path-output"},{"url":"value","valueString":"output"}],"url":"http://hl7.org/fhir/tools/StructureDefinition/ig-parameter"},{"extension":[{"url":"code","valueCode":"path-suppressed-warnings"},{"url":"value","valueString":"input/ignoreWarnings.txt"}],"url":"http://hl7.org/fhir/tools/StructureDefinition/ig-parameter"},{"extension":[{"url":"code","valueCode":"path-history"},{"url":"value","valueString":"https://clinyqai.github.io/open-nursing-core-ig/history.html"}],"url":"http://hl7.org/fhir/tools/StructureDefinition/ig-parameter"},{"extension":[{"url":"code","valueCode":"template-html"},{"url":"value","valueString":"template-page.html"}],"url":"http://hl7.org/fhir/tools/StructureDefinition/ig-parameter"},{"extension":[{"url":"code","valueCode":"template-md"},{"url":"value","valueString":"template-page-md.html"}],"url":"http://hl7.org/fhir/tools/StructureDefinition/ig-parameter"},{"extension":[{"url":"code","valueCode":"apply-contact"},{"url":"value","valueString":"true"}],"url":"http://hl7.org/fhir/tools/StructureDefinition/ig-parameter"},{"extension":[{"url":"code","valueCode":"apply-context"},{"url":"value","valueString":"true"}],"url":"http://hl7.org/fhir/tools/StructureDefinition/ig-parameter"},{"extension":[{"url":"code","valueCode":"apply-copyright"},{"url":"value","valueString":"true"}],"url":"http://hl7.org/fhir/tools/StructureDefinition/ig-parameter"},{"extension":[{"url":"code","valueCode":"apply-jurisdiction"},{"url":"value","valueString":"true"}],"url":"http://hl7.org/fhir/tools/StructureDefinition/ig-parameter"},{"extension":[{"url":"code","valueCode":"apply-license"},{"url":"value","valueString":"true"}],"url":"http://hl7.org/fhir/tools/StructureDefinition/ig-parameter"},{"extension":[{"url":"code","valueCode":"apply-publisher"},{"url":"value","valueString":"true"}],"url":"http://hl7.org/fhir/tools/StructureDefinition/ig-parameter"},{"extension":[{"url":"code","valueCode":"apply-version"},{"url":"value","valueString":"true"}],"url":"http://hl7.org/fhir/tools/StructureDefinition/ig-parameter"},{"extension":[{"url":"code","valueCode":"apply-wg"},{"url":"value","valueString":"true"}],"url":"http://hl7.org/fhir/tools/StructureDefinition/ig-parameter"},{"extension":[{"url":"code","valueCode":"active-tables"},{"url":"value","valueString":"true"}],"url":"http://hl7.org/fhir/tools/StructureDefinition/ig-parameter"},{"extension":[{"url":"code","valueCode":"fmm-definition"},{"url":"value","valueString":"http://hl7.org/fhir/versions.html#maturity"}],"url":"http://hl7.org/fhir/tools/StructureDefinition/ig-parameter"},{"extension":[{"url":"code","valueCode":"propagate-status"},{"url":"value","valueString":"true"}],"url":"http://hl7.org/fhir/tools/StructureDefinition/ig-parameter"},{"extension":[{"url":"code","valueCode":"excludelogbinaryformat"},{"url":"value","valueString":"true"}],"url":"http://hl7.org/fhir/tools/StructureDefinition/ig-parameter"},{"extension":[{"url":"code","valueCode":"tabbed-snapshots"},{"url":"value","valueString":"true"}],"url":"http://hl7.org/fhir/tools/StructureDefinition/ig-parameter"}],"grouping":[{"id":"-str-profile","name":"Structures: Resource Profiles","description":"These define constraints on FHIR resources for systems conforming to this implementation guide."},{"id":"-str-extension","name":"Structures: Extension Definitions","description":"These define constraints on FHIR data types for systems conforming to this implementation guide."},{"id":"-term-valueset","name":"Terminology: Value Sets","description":"These define sets of codes used by systems conforming to this implementation guide."},{"id":"-term-codesystem","name":"Terminology: Code Systems","description":"These define new code systems used by systems conforming to this implementation guide."},{"id":"-ex-example","name":"Example: Example Instances","description":"These are example instances that show what data produced and consumed by systems conforming with this implementation guide might look like."}],"resource":[{"extension":[{"url":"http://hl7.org/fhir/tools/StructureDefinition/resource-sort","valueInteger":999999999},{"url":"http://hl7.org/fhir/StructureDefinition/implementationguide-page","valueUri":"StructureDefinition-onc-4at-delirium.html"}],"reference":{"reference":"StructureDefinition/onc-4at-delirium"},"name":"4AT Delirium Assessment","description":"Rapid clinical test for delirium (4AT) comprising Alertness, AMT4, Attention, and Acute Change/Fluctuating Course. A total score of 4 or more suggests possible delirium.","exampleBoolean":false,"groupingId":"-str-profile"},{"extension":[{"url":"http://hl7.org/fhir/tools/StructureDefinition/resource-sort","valueInteger":999999999},{"url":"http://hl7.org/fhir/StructureDefinition/implementationguide-page","valueUri":"StructureDefinition-onc-acvpu.html"}],"reference":{"reference":"StructureDefinition/onc-acvpu"},"name":"ACVPU Consciousness Level","description":"ACVPU consciousness level assessment for NEWS2 (Alert, Confusion, Voice, Pain, Unresponsive)","exampleBoolean":false,"groupingId":"-str-profile"},{"extension":[{"url":"http://hl7.org/fhir/tools/StructureDefinition/resource-sort","valueInteger":999999999},{"url":"http://hl7.org/fhir/StructureDefinition/implementationguide-page","valueUri":"StructureDefinition-onc-barthel-index.html"}],"reference":{"reference":"StructureDefinition/onc-barthel-index"},"name":"Barthel Index","description":"Barthel Index for measuring independence in activities of daily living (ADL). Score 0-20=total dependency, 91-99=slight dependency, 100=independent. Total range 0-100.","exampleBoolean":false,"groupingId":"-str-profile"},{"extension":[{"url":"http://hl7.org/fhir/tools/StructureDefinition/resource-sort","valueInteger":999999999},{"url":"http://hl7.org/fhir/StructureDefinition/implementationguide-page","valueUri":"StructureDefinition-onc-blood-pressure.html"}],"reference":{"reference":"StructureDefinition/onc-blood-pressure"},"name":"Blood Pressure","description":"Blood pressure observation for NEWS2 (systolic BP used for scoring)","exampleBoolean":false,"groupingId":"-str-profile"},{"extension":[{"url":"http://hl7.org/fhir/tools/StructureDefinition/resource-sort","valueInteger":999999999},{"url":"http://hl7.org/fhir/StructureDefinition/implementationguide-page","valueUri":"StructureDefinition-onc-body-temperature.html"}],"reference":{"reference":"StructureDefinition/onc-body-temperature"},"name":"Body Temperature","description":"Body temperature observation for NEWS2","exampleBoolean":false,"groupingId":"-str-profile"},{"extension":[{"url":"http://hl7.org/fhir/tools/StructureDefinition/resource-sort","valueInteger":999999999},{"url":"http://hl7.org/fhir/StructureDefinition/implementationguide-page","valueUri":"StructureDefinition-onc-braden-scale-assessment.html"}],"reference":{"reference":"StructureDefinition/onc-braden-scale-assessment"},"name":"Braden Scale Assessment","description":"A profile for the Braden Scale pressure ulcer risk assessment","exampleBoolean":false,"groupingId":"-str-profile"},{"extension":[{"url":"http://hl7.org/fhir/tools/StructureDefinition/resource-sort","valueInteger":999999999},{"url":"http://hl7.org/fhir/StructureDefinition/implementationguide-page","valueUri":"StructureDefinition-onc-clinical-frailty-scale.html"}],"reference":{"reference":"StructureDefinition/onc-clinical-frailty-scale"},"name":"Clinical Frailty Scale (CFS)","description":"Assessment of frailty using the Rockwood Clinical Frailty Scale (1-9). Essential for older adults to determine baseline functional status.","exampleBoolean":false,"groupingId":"-str-profile"},{"extension":[{"url":"http://hl7.org/fhir/tools/StructureDefinition/resource-sort","valueInteger":999999999},{"url":"http://hl7.org/fhir/StructureDefinition/implementationguide-page","valueUri":"StructureDefinition-onc-glasgow-coma-scale.html"}],"reference":{"reference":"StructureDefinition/onc-glasgow-coma-scale"},"name":"Glasgow Coma Scale","description":"Glasgow Coma Scale (GCS) for assessing level of consciousness. Total score 3-15 with three required components: Eye (1-4), Verbal (1-5), Motor (1-6).","exampleBoolean":false,"groupingId":"-str-profile"},{"extension":[{"url":"http://hl7.org/fhir/tools/StructureDefinition/resource-sort","valueInteger":999999999},{"url":"http://hl7.org/fhir/StructureDefinition/implementationguide-page","valueUri":"StructureDefinition-onc-goal-evaluation.html"}],"reference":{"reference":"StructureDefinition/onc-goal-evaluation"},"name":"Goal Evaluation","description":"Evaluation of patient goal outcomes and nursing intervention effectiveness. Assesses whether goals have been met, partially met, or not met. Part of the ADPIE framework's Evaluation phase.","exampleBoolean":false,"groupingId":"-str-profile"},{"extension":[{"url":"http://hl7.org/fhir/tools/StructureDefinition/resource-sort","valueInteger":999999999},{"url":"http://hl7.org/fhir/StructureDefinition/implementationguide-page","valueUri":"StructureDefinition-onc-heart-rate.html"}],"reference":{"reference":"StructureDefinition/onc-heart-rate"},"name":"Heart Rate","description":"Heart rate (pulse) observation for NEWS2","exampleBoolean":false,"groupingId":"-str-profile"},{"extension":[{"url":"http://hl7.org/fhir/tools/StructureDefinition/resource-sort","valueInteger":999999999},{"url":"http://hl7.org/fhir/StructureDefinition/implementationguide-page","valueUri":"StructureDefinition-onc-inspired-oxygen.html"}],"reference":{"reference":"StructureDefinition/onc-inspired-oxygen"},"name":"Inspired Oxygen","description":"Inspired oxygen observation for NEWS2 (air vs supplemental oxygen)","exampleBoolean":false,"groupingId":"-str-profile"},{"extension":[{"url":"http://hl7.org/fhir/tools/StructureDefinition/resource-sort","valueInteger":999999999},{"url":"http://hl7.org/fhir/StructureDefinition/implementationguide-page","valueUri":"StructureDefinition-onc-must-score.html"}],"reference":{"reference":"StructureDefinition/onc-must-score"},"name":"MUST Score (Malnutrition Universal Screening Tool)","description":"Malnutrition Universal Screening Tool for identifying adults at risk of malnutrition. Score 0=low risk, 1=medium risk, 2+=high risk. NHS-standard nutritional screening.","exampleBoolean":false,"groupingId":"-str-profile"},{"extension":[{"url":"http://hl7.org/fhir/tools/StructureDefinition/resource-sort","valueInteger":999999999},{"url":"http://hl7.org/fhir/StructureDefinition/implementationguide-page","valueUri":"StructureDefinition-onc-mental-capacity.html"}],"reference":{"reference":"StructureDefinition/onc-mental-capacity"},"name":"Mental Capacity Assessment","description":"Records the outcome of a Mental Capacity Assessment for a specific decision. Fundamental legal safeguard in UK nursing practice.","exampleBoolean":false,"groupingId":"-str-profile"},{"extension":[{"url":"http://hl7.org/fhir/tools/StructureDefinition/resource-sort","valueInteger":999999999},{"url":"http://hl7.org/fhir/StructureDefinition/implementationguide-page","valueUri":"StructureDefinition-onc-mmse.html"}],"reference":{"reference":"StructureDefinition/onc-mmse"},"name":"Mini Mental State Examination (MMSE)","description":"Mini Mental State Examination for cognitive function screening. Score 24-30=no impairment, 18-23=mild, 0-17=severe. Total range 0-30.","exampleBoolean":false,"groupingId":"-str-profile"},{"extension":[{"url":"http://hl7.org/fhir/tools/StructureDefinition/resource-sort","valueInteger":999999999},{"url":"http://hl7.org/fhir/StructureDefinition/implementationguide-page","valueUri":"StructureDefinition-onc-monk-skintone-observation.html"}],"reference":{"reference":"StructureDefinition/onc-monk-skintone-observation"},"name":"Monk Skin Tone Observation","description":"Observation of patient skin tone using the Monk Skin Tone Scale (10-point scale A-J). Provides more granular skin tone assessment than Fitzpatrick scale, particularly for darker skin tones. Supports equitable care and accurate clinical assessment across diverse populations.","exampleBoolean":false,"groupingId":"-str-profile"},{"extension":[{"url":"http://hl7.org/fhir/tools/StructureDefinition/resource-sort","valueInteger":999999999},{"url":"http://hl7.org/fhir/StructureDefinition/implementationguide-page","valueUri":"StructureDefinition-onc-morse-fall-scale.html"}],"reference":{"reference":"StructureDefinition/onc-morse-fall-scale"},"name":"Morse Fall Scale","description":"Morse Fall Scale for assessing fall risk. Score 0-24=no risk, 25-50=low risk, ≥51=high risk. Total range 0-125.","exampleBoolean":false,"groupingId":"-str-profile"},{"extension":[{"url":"http://hl7.org/fhir/tools/StructureDefinition/resource-sort","valueInteger":999999999},{"url":"http://hl7.org/fhir/StructureDefinition/implementationguide-page","valueUri":"StructureDefinition-onc-news2-score.html"}],"reference":{"reference":"StructureDefinition/onc-news2-score"},"name":"NEWS2 Score","description":"National Early Warning Score 2 (NEWS2) for detecting clinical deterioration. Fully aligned with NHS CareConnect-NEWS2-Observation-1.","exampleBoolean":false,"groupingId":"-str-profile"},{"extension":[{"url":"http://hl7.org/fhir/tools/StructureDefinition/resource-sort","valueInteger":999999999},{"url":"http://hl7.org/fhir/StructureDefinition/implementationguide-page","valueUri":"StructureDefinition-onc-news2-subscore.html"}],"reference":{"reference":"StructureDefinition/onc-news2-subscore"},"name":"NEWS2 Sub-Score","description":"Individual parameter sub-score for NEWS2 (0-3 for most parameters). References the related vital sign observation.","exampleBoolean":false,"groupingId":"-str-profile"},{"extension":[{"url":"http://hl7.org/fhir/tools/StructureDefinition/resource-sort","valueInteger":999999999},{"url":"http://hl7.org/fhir/StructureDefinition/implementationguide-page","valueUri":"StructureDefinition-onc-nursing-intervention.html"}],"reference":{"reference":"StructureDefinition/onc-nursing-intervention"},"name":"Nursing Intervention","description":"Nursing intervention or procedure performed to achieve patient goals. Documents actions taken by nursing staff to address identified problems and achieve desired outcomes. Part of the ADPIE framework's Implementation phase.","exampleBoolean":false,"groupingId":"-str-profile"},{"extension":[{"url":"http://hl7.org/fhir/tools/StructureDefinition/resource-sort","valueInteger":999999999},{"url":"http://hl7.org/fhir/StructureDefinition/implementationguide-page","valueUri":"StructureDefinition-onc-nursing-problem.html"}],"reference":{"reference":"StructureDefinition/onc-nursing-problem"},"name":"Nursing Problem","description":"Nursing diagnosis or problem identified during assessment. Represents clinical judgments about individual, family, or community responses to actual or potential health problems. Part of the ADPIE framework's Diagnosis phase.","exampleBoolean":false,"groupingId":"-str-profile"},{"extension":[{"url":"http://hl7.org/fhir/tools/StructureDefinition/resource-sort","valueInteger":999999999},{"url":"http://hl7.org/fhir/StructureDefinition/implementationguide-page","valueUri":"StructureDefinition-onc-nhs-patient.html"}],"reference":{"reference":"StructureDefinition/onc-nhs-patient"},"name":"ONC NHS Patient","description":"A patient profile for use in NHS nursing contexts with ethnic category extension.","exampleBoolean":false,"groupingId":"-str-profile"},{"extension":[{"url":"http://hl7.org/fhir/tools/StructureDefinition/resource-sort","valueInteger":999999999},{"url":"http://hl7.org/fhir/StructureDefinition/implementationguide-page","valueUri":"StructureDefinition-onc-nursing-assessment.html"}],"reference":{"reference":"StructureDefinition/onc-nursing-assessment"},"name":"Open Nursing Core Assessment","description":"Base profile for nursing assessment observations conforming to UK Core standards. Captures structured nursing assessment data as part of the ADPIE (Assessment, Diagnosis, Planning, Implementation, Evaluation) nursing process framework. Used as parent for specialized assessments like NEWS2, Braden Scale, and clinical observations.","exampleBoolean":false,"groupingId":"-str-profile"},{"extension":[{"url":"http://hl7.org/fhir/tools/StructureDefinition/resource-sort","valueInteger":999999999},{"url":"http://hl7.org/fhir/StructureDefinition/implementationguide-page","valueUri":"StructureDefinition-onc-oxygen-saturation.html"}],"reference":{"reference":"StructureDefinition/onc-oxygen-saturation"},"name":"Oxygen Saturation","description":"Oxygen saturation (SpO2) observation for NEWS2","exampleBoolean":false,"groupingId":"-str-profile"},{"extension":[{"url":"http://hl7.org/fhir/tools/StructureDefinition/resource-sort","valueInteger":999999999},{"url":"http://hl7.org/fhir/StructureDefinition/implementationguide-page","valueUri":"StructureDefinition-onc-pain-assessment.html"}],"reference":{"reference":"StructureDefinition/onc-pain-assessment"},"name":"Pain Assessment (NRS 0-10)","description":"Pain severity assessment using the Numeric Rating Scale (0-10)","exampleBoolean":false,"groupingId":"-str-profile"},{"extension":[{"url":"http://hl7.org/fhir/tools/StructureDefinition/resource-sort","valueInteger":999999999},{"url":"http://hl7.org/fhir/StructureDefinition/implementationguide-page","valueUri":"StructureDefinition-onc-patient-goal.html"}],"reference":{"reference":"StructureDefinition/onc-patient-goal"},"name":"Patient Goal","description":"Patient-centered goal established in response to identified nursing problems. Defines measurable outcomes and addresses specific nursing diagnoses. Part of the ADPIE framework's Planning phase.","exampleBoolean":false,"groupingId":"-str-profile"},{"extension":[{"url":"http://hl7.org/fhir/tools/StructureDefinition/resource-sort","valueInteger":999999999},{"url":"http://hl7.org/fhir/StructureDefinition/implementationguide-page","valueUri":"StructureDefinition-onc-patient-story.html"}],"reference":{"reference":"StructureDefinition/onc-patient-story"},"name":"Patient Story","description":"A narrative summary of the patient's background, biography, preferences, and personhood. Goes beyond clinical history to capture 'who the person is'.","exampleBoolean":false,"groupingId":"-str-profile"},{"extension":[{"url":"http://hl7.org/fhir/tools/StructureDefinition/resource-sort","valueInteger":999999999},{"url":"http://hl7.org/fhir/StructureDefinition/implementationguide-page","valueUri":"StructureDefinition-onc-reasonable-adjustment.html"}],"reference":{"reference":"StructureDefinition/onc-reasonable-adjustment"},"name":"Reasonable Adjustment","description":"Captures specific strict requirements for care adjustments under the Equality Act (e.g., 'Needs BSL Interpreter', 'Cannot use stairs', 'Requires large print').","exampleBoolean":false,"groupingId":"-str-profile"},{"extension":[{"url":"http://hl7.org/fhir/tools/StructureDefinition/resource-sort","valueInteger":999999999},{"url":"http://hl7.org/fhir/StructureDefinition/implementationguide-page","valueUri":"StructureDefinition-onc-relational-observation.html"}],"reference":{"reference":"StructureDefinition/onc-relational-observation"},"name":"Relational Engagement Score","description":"Assessment of the quality and depth of the nurse-patient relationship or engagement level. Supports the relational aspect of care.","exampleBoolean":false,"groupingId":"-str-profile"},{"extension":[{"url":"http://hl7.org/fhir/tools/StructureDefinition/resource-sort","valueInteger":999999999},{"url":"http://hl7.org/fhir/StructureDefinition/implementationguide-page","valueUri":"StructureDefinition-onc-respiration-rate.html"}],"reference":{"reference":"StructureDefinition/onc-respiration-rate"},"name":"Respiration Rate","description":"Respiration rate observation for NEWS2","exampleBoolean":false,"groupingId":"-str-profile"},{"extension":[{"url":"http://hl7.org/fhir/tools/StructureDefinition/resource-sort","valueInteger":999999999},{"url":"http://hl7.org/fhir/StructureDefinition/implementationguide-page","valueUri":"StructureDefinition-onc-skintone-observation.html"}],"reference":{"reference":"StructureDefinition/onc-skintone-observation"},"name":"Skin Tone Observation","description":"Observation of patient skin tone using the Fitzpatrick skin type classification. Supports equitable care by enabling skin tone-aware clinical decision making, particularly for conditions that present differently across skin tones (e.g., pressure ulcers, cyanosis).","exampleBoolean":false,"groupingId":"-str-profile"},{"extension":[{"url":"http://hl7.org/fhir/tools/StructureDefinition/resource-sort","valueInteger":999999999},{"url":"http://hl7.org/fhir/StructureDefinition/implementationguide-page","valueUri":"StructureDefinition-onc-waterlow-score.html"}],"reference":{"reference":"StructureDefinition/onc-waterlow-score"},"name":"Waterlow Score","description":"Waterlow Pressure Ulcer Risk Assessment - NHS standard tool. Score ≥10 indicates at risk, ≥15 high risk, ≥20 very high risk.","exampleBoolean":false,"groupingId":"-str-profile"},{"extension":[{"url":"http://hl7.org/fhir/tools/StructureDefinition/resource-sort","valueInteger":999999999},{"url":"http://hl7.org/fhir/StructureDefinition/implementationguide-page","valueUri":"StructureDefinition-onc-what-matters.html"}],"reference":{"reference":"StructureDefinition/onc-what-matters"},"name":"What Matters to Me","description":"Captures the patient's specific, personal priorities and non-clinical goals (e.g., 'I want to walk my daughter down the aisle'). Fundamental to person-centred care.","exampleBoolean":false,"groupingId":"-str-profile"},{"extension":[{"url":"http://hl7.org/fhir/tools/StructureDefinition/resource-sort","valueInteger":999999999},{"url":"http://hl7.org/fhir/StructureDefinition/implementationguide-page","valueUri":"StructureDefinition-onc-wound-assessment.html"}],"reference":{"reference":"StructureDefinition/onc-wound-assessment"},"name":"Wound Assessment","description":"Comprehensive wound assessment including staging and dimensions","exampleBoolean":false,"groupingId":"-str-profile"},{"extension":[{"url":"http://hl7.org/fhir/tools/StructureDefinition/resource-sort","valueInteger":999999999},{"url":"http://hl7.org/fhir/StructureDefinition/implementationguide-page","valueUri":"StructureDefinition-onc-qsofa.html"}],"reference":{"reference":"StructureDefinition/onc-qsofa"},"name":"qSOFA (Quick SOFA)","description":"Quick Sequential Organ Failure Assessment for sepsis screening. Score ≥2 indicates high risk. Total range 0-3.","exampleBoolean":false,"groupingId":"-str-profile"},{"extension":[{"url":"http://hl7.org/fhir/tools/StructureDefinition/resource-sort","valueInteger":999999999},{"url":"http://hl7.org/fhir/StructureDefinition/implementationguide-page","valueUri":"StructureDefinition-intervention-goal-reference.html"}],"reference":{"reference":"StructureDefinition/intervention-goal-reference"},"name":"Intervention Goal Reference","description":"Extension to link nursing interventions to the patient goals they are intended to achieve. Supports goal-directed care planning and intervention tracking.","exampleBoolean":false,"groupingId":"-str-extension"},{"extension":[{"url":"http://hl7.org/fhir/tools/StructureDefinition/resource-sort","valueInteger":999999999},{"url":"http://hl7.org/fhir/StructureDefinition/implementationguide-page","valueUri":"StructureDefinition-observation-goal-reference.html"}],"reference":{"reference":"StructureDefinition/observation-goal-reference"},"name":"Observation Goal Reference","description":"Extension to link goal evaluation observations to the patient goals being evaluated. Enables tracking of goal progress and outcomes over time.","exampleBoolean":false,"groupingId":"-str-extension"},{"extension":[{"url":"http://hl7.org/fhir/tools/StructureDefinition/resource-sort","valueInteger":999999999},{"url":"http://hl7.org/fhir/StructureDefinition/implementationguide-page","valueUri":"StructureDefinition-UKCore-Extension-EthnicCategory.html"}],"reference":{"reference":"StructureDefinition/UKCore-Extension-EthnicCategory"},"name":"UK Core Ethnic Category","description":"An extension to record the ethnic category of a patient, as per UK Core standards.","exampleBoolean":false,"groupingId":"-str-extension"},{"extension":[{"url":"http://hl7.org/fhir/tools/StructureDefinition/resource-sort","valueInteger":999999999},{"url":"http://hl7.org/fhir/StructureDefinition/implementationguide-page","valueUri":"ValueSet-onc-4at-amt4-vs.html"}],"reference":{"reference":"ValueSet/onc-4at-amt4-vs"},"name":"4AT AMT4 Value Set","description":"Scoring options for AMT4 (Age, DOB, Place, Year)","exampleBoolean":false,"groupingId":"-term-valueset"},{"extension":[{"url":"http://hl7.org/fhir/tools/StructureDefinition/resource-sort","valueInteger":999999999},{"url":"http://hl7.org/fhir/StructureDefinition/implementationguide-page","valueUri":"ValueSet-onc-4at-acute-change-vs.html"}],"reference":{"reference":"ValueSet/onc-4at-acute-change-vs"},"name":"4AT Acute Change Value Set","description":"Scoring for Acute Change or Fluctuating Course","exampleBoolean":false,"groupingId":"-term-valueset"},{"extension":[{"url":"http://hl7.org/fhir/tools/StructureDefinition/resource-sort","valueInteger":999999999},{"url":"http://hl7.org/fhir/StructureDefinition/implementationguide-page","valueUri":"ValueSet-onc-4at-alertness-vs.html"}],"reference":{"reference":"ValueSet/onc-4at-alertness-vs"},"name":"4AT Alertness Value Set","description":"Scoring options for 4AT Alertness","exampleBoolean":false,"groupingId":"-term-valueset"},{"extension":[{"url":"http://hl7.org/fhir/tools/StructureDefinition/resource-sort","valueInteger":999999999},{"url":"http://hl7.org/fhir/StructureDefinition/implementationguide-page","valueUri":"ValueSet-onc-4at-attention-vs.html"}],"reference":{"reference":"ValueSet/onc-4at-attention-vs"},"name":"4AT Attention Value Set","description":"Scoring for Months Backwards test","exampleBoolean":false,"groupingId":"-term-valueset"},{"extension":[{"url":"http://hl7.org/fhir/tools/StructureDefinition/resource-sort","valueInteger":999999999},{"url":"http://hl7.org/fhir/StructureDefinition/implementationguide-page","valueUri":"ValueSet-acvpu-vs.html"}],"reference":{"reference":"ValueSet/acvpu-vs"},"name":"ACVPU Value Set","description":"ACVPU consciousness level codes","exampleBoolean":false,"groupingId":"-term-valueset"},{"extension":[{"url":"http://hl7.org/fhir/tools/StructureDefinition/resource-sort","valueInteger":999999999},{"url":"http://hl7.org/fhir/StructureDefinition/implementationguide-page","valueUri":"ValueSet-onc-cfs-vs.html"}],"reference":{"reference":"ValueSet/onc-cfs-vs"},"name":"Clinical Frailty Scale Value Set","description":"Codes for Rockwood Clinical Frailty Scale (1-9)","exampleBoolean":false,"groupingId":"-term-valueset"},{"extension":[{"url":"http://hl7.org/fhir/tools/StructureDefinition/resource-sort","valueInteger":999999999},{"url":"http://hl7.org/fhir/StructureDefinition/implementationguide-page","valueUri":"ValueSet-skintone-vs.html"}],"reference":{"reference":"ValueSet/skintone-vs"},"name":"Fitzpatrick Skin Tone Value Set","description":"Value set for Fitzpatrick skin type classifications","exampleBoolean":false,"groupingId":"-term-valueset"},{"extension":[{"url":"http://hl7.org/fhir/tools/StructureDefinition/resource-sort","valueInteger":999999999},{"url":"http://hl7.org/fhir/StructureDefinition/implementationguide-page","valueUri":"ValueSet-goal-evaluation-valueset.html"}],"reference":{"reference":"ValueSet/goal-evaluation-valueset"},"name":"Goal Evaluation Value Set","description":"Value set for evaluating patient goal outcomes","exampleBoolean":false,"groupingId":"-term-valueset"},{"extension":[{"url":"http://hl7.org/fhir/tools/StructureDefinition/resource-sort","valueInteger":999999999},{"url":"http://hl7.org/fhir/StructureDefinition/implementationguide-page","valueUri":"ValueSet-housing-status-vs.html"}],"reference":{"reference":"ValueSet/housing-status-vs"},"name":"Housing Status Value Set","description":"Value set for patient housing status","exampleBoolean":false,"groupingId":"-term-valueset"},{"extension":[{"url":"http://hl7.org/fhir/tools/StructureDefinition/resource-sort","valueInteger":999999999},{"url":"http://hl7.org/fhir/StructureDefinition/implementationguide-page","valueUri":"ValueSet-inspired-oxygen-vs.html"}],"reference":{"reference":"ValueSet/inspired-oxygen-vs"},"name":"Inspired Oxygen Value Set","description":"Codes for inspired oxygen status","exampleBoolean":false,"groupingId":"-term-valueset"},{"extension":[{"url":"http://hl7.org/fhir/tools/StructureDefinition/resource-sort","valueInteger":999999999},{"url":"http://hl7.org/fhir/StructureDefinition/implementationguide-page","valueUri":"ValueSet-onc-mca-vs.html"}],"reference":{"reference":"ValueSet/onc-mca-vs"},"name":"Mental Capacity Finding Value Set","description":"Codes indicating presence or absence of capacity","exampleBoolean":false,"groupingId":"-term-valueset"},{"extension":[{"url":"http://hl7.org/fhir/tools/StructureDefinition/resource-sort","valueInteger":999999999},{"url":"http://hl7.org/fhir/StructureDefinition/implementationguide-page","valueUri":"ValueSet-onc-monk-scale-vs.html"}],"reference":{"reference":"ValueSet/onc-monk-scale-vs"},"name":"Monk Skin Tone Scale ValueSet","exampleBoolean":false,"groupingId":"-term-valueset"},{"extension":[{"url":"http://hl7.org/fhir/tools/StructureDefinition/resource-sort","valueInteger":999999999},{"url":"http://hl7.org/fhir/StructureDefinition/implementationguide-page","valueUri":"ValueSet-news2-code-vs.html"}],"reference":{"reference":"ValueSet/news2-code-vs"},"name":"NEWS2 Code Value Set","description":"LOINC and SNOMED codes for NEWS2","exampleBoolean":false,"groupingId":"-term-valueset"},{"extension":[{"url":"http://hl7.org/fhir/tools/StructureDefinition/resource-sort","valueInteger":999999999},{"url":"http://hl7.org/fhir/StructureDefinition/implementationguide-page","valueUri":"ValueSet-news2-subscore-code-vs.html"}],"reference":{"reference":"ValueSet/news2-subscore-code-vs"},"name":"NEWS2 Sub-Score Codes","description":"SNOMED codes for NEWS2 sub-scores","exampleBoolean":false,"groupingId":"-term-valueset"},{"extension":[{"url":"http://hl7.org/fhir/tools/StructureDefinition/resource-sort","valueInteger":999999999},{"url":"http://hl7.org/fhir/StructureDefinition/implementationguide-page","valueUri":"ValueSet-nursing-intervention-valueset.html"}],"reference":{"reference":"ValueSet/nursing-intervention-valueset"},"name":"Nursing Intervention Value Set","description":"Value set for nursing interventions","exampleBoolean":false,"groupingId":"-term-valueset"},{"extension":[{"url":"http://hl7.org/fhir/tools/StructureDefinition/resource-sort","valueInteger":999999999},{"url":"http://hl7.org/fhir/StructureDefinition/implementationguide-page","valueUri":"ValueSet-nursing-problem-valueset.html"}],"reference":{"reference":"ValueSet/nursing-problem-valueset"},"name":"Nursing Problem Value Set","description":"Value set for nursing problems and diagnoses","exampleBoolean":false,"groupingId":"-term-valueset"},{"extension":[{"url":"http://hl7.org/fhir/tools/StructureDefinition/resource-sort","valueInteger":999999999},{"url":"http://hl7.org/fhir/StructureDefinition/implementationguide-page","valueUri":"ValueSet-pain-assessment-code-vs.html"}],"reference":{"reference":"ValueSet/pain-assessment-code-vs"},"name":"Pain Assessment Code Value Set","description":"LOINC codes for pain severity assessment","exampleBoolean":false,"groupingId":"-term-valueset"},{"extension":[{"url":"http://hl7.org/fhir/tools/StructureDefinition/resource-sort","valueInteger":999999999},{"url":"http://hl7.org/fhir/StructureDefinition/implementationguide-page","valueUri":"ValueSet-problem-category-valueset.html"}],"reference":{"reference":"ValueSet/problem-category-valueset"},"name":"Problem Category Value Set","description":"Value set for categorizing nursing problems","exampleBoolean":false,"groupingId":"-term-valueset"},{"extension":[{"url":"http://hl7.org/fhir/tools/StructureDefinition/resource-sort","valueInteger":999999999},{"url":"http://hl7.org/fhir/StructureDefinition/implementationguide-page","valueUri":"ValueSet-wound-stage-vs.html"}],"reference":{"reference":"ValueSet/wound-stage-vs"},"name":"Wound Stage Value Set","exampleBoolean":false,"groupingId":"-term-valueset"},{"extension":[{"url":"http://hl7.org/fhir/tools/StructureDefinition/resource-sort","valueInteger":999999999},{"url":"http://hl7.org/fhir/StructureDefinition/implementationguide-page","valueUri":"CodeSystem-onc-monk-scale.html"}],"reference":{"reference":"CodeSystem/onc-monk-scale"},"name":"Monk Skin Tone Scale CodeSystem","exampleBoolean":false,"groupingId":"-term-codesystem"},{"extension":[{"url":"http://hl7.org/fhir/tools/StructureDefinition/resource-sort","valueInteger":999999999},{"url":"http://hl7.org/fhir/StructureDefinition/implementationguide-page","valueUri":"CodeSystem-onc-observation-codes.html"}],"reference":{"reference":"CodeSystem/onc-observation-codes"},"name":"ONC Observation Codes","description":"Custom observation codes for Open Nursing Core","exampleBoolean":false,"groupingId":"-term-codesystem"},{"extension":[{"url":"http://hl7.org/fhir/tools/StructureDefinition/resource-sort","valueInteger":999999999},{"url":"http://hl7.org/fhir/StructureDefinition/implementationguide-page","valueUri":"CodeSystem-onc-problem-type.html"}],"reference":{"reference":"CodeSystem/onc-problem-type"},"name":"Problem Type CodeSystem","description":"Code system for categorizing types of nursing problems","exampleBoolean":false,"groupingId":"-term-codesystem"},{"extension":[{"url":"http://hl7.org/fhir/tools/StructureDefinition/resource-sort","valueInteger":999999999},{"url":"http://hl7.org/fhir/StructureDefinition/implementationguide-page","valueUri":"Observation-example-goal-evaluation.html"}],"reference":{"reference":"Observation/example-goal-evaluation"},"name":"example-goal-evaluation","exampleCanonical":"https://clinyqai.github.io/open-nursing-core-ig/StructureDefinition/onc-goal-evaluation","groupingId":"-ex-example"},{"extension":[{"url":"http://hl7.org/fhir/tools/StructureDefinition/resource-sort","valueInteger":999999999},{"url":"http://hl7.org/fhir/StructureDefinition/implementationguide-page","valueUri":"Procedure-example-nursing-intervention.html"}],"reference":{"reference":"Procedure/example-nursing-intervention"},"name":"example-nursing-intervention","exampleCanonical":"https://clinyqai.github.io/open-nursing-core-ig/StructureDefinition/onc-nursing-intervention","groupingId":"-ex-example"},{"extension":[{"url":"http://hl7.org/fhir/tools/StructureDefinition/resource-sort","valueInteger":999999999},{"url":"http://hl7.org/fhir/StructureDefinition/implementationguide-page","valueUri":"Condition-example-nursing-problem.html"}],"reference":{"reference":"Condition/example-nursing-problem"},"name":"example-nursing-problem","exampleCanonical":"https://clinyqai.github.io/open-nursing-core-ig/StructureDefinition/onc-nursing-problem","groupingId":"-ex-example"},{"extension":[{"url":"http://hl7.org/fhir/tools/StructureDefinition/resource-sort","valueInteger":999999999},{"url":"http://hl7.org/fhir/StructureDefinition/implementationguide-page","valueUri":"Goal-example-patient-goal.html"}],"reference":{"reference":"Goal/example-patient-goal"},"name":"example-patient-goal","description":"Patient will remain free from falls.","exampleCanonical":"https://clinyqai.github.io/open-nursing-core-ig/StructureDefinition/onc-patient-goal","groupingId":"-ex-example"},{"extension":[{"url":"http://hl7.org/fhir/tools/StructureDefinition/resource-sort","valueInteger":999999999},{"url":"http://hl7.org/fhir/StructureDefinition/implementationguide-page","valueUri":"Observation-observation-braden-scale.html"}],"reference":{"reference":"Observation/observation-braden-scale"},"name":"observation-braden-scale","exampleCanonical":"https://clinyqai.github.io/open-nursing-core-ig/StructureDefinition/onc-braden-scale-assessment","groupingId":"-ex-example"},{"extension":[{"url":"http://hl7.org/fhir/tools/StructureDefinition/resource-sort","valueInteger":999999999},{"url":"http://hl7.org/fhir/StructureDefinition/implementationguide-page","valueUri":"Observation-observation-skin-tone.html"}],"reference":{"reference":"Observation/observation-skin-tone"},"name":"observation-skin-tone","exampleCanonical":"https://clinyqai.github.io/open-nursing-core-ig/StructureDefinition/onc-skintone-observation","groupingId":"-ex-example"},{"extension":[{"url":"http://hl7.org/fhir/tools/StructureDefinition/resource-sort","valueInteger":999999999},{"url":"http://hl7.org/fhir/StructureDefinition/implementationguide-page","valueUri":"Patient-patient-example-jane.html"}],"reference":{"reference":"Patient/patient-example-jane"},"name":"patient-example-jane","exampleCanonical":"https://clinyqai.github.io/open-nursing-core-ig/StructureDefinition/onc-nhs-patient","groupingId":"-ex-example"},{"extension":[{"url":"http://hl7.org/fhir/tools/StructureDefinition/resource-sort","valueInteger":999999999},{"url":"http://hl7.org/fhir/StructureDefinition/implementationguide-page","valueUri":"Practitioner-practitioner-example.html"}],"reference":{"reference":"Practitioner/practitioner-example"},"name":"practitioner-example","exampleBoolean":true,"groupingId":"-ex-example"}],"page":{"extension":[{"url":"http://hl7.org/fhir/tools/StructureDefinition/ig-page-name","valueUrl":"toc.html"}],"nameUrl":"toc.html","title":"Table of Contents","generation":"html","page":[{"extension":[{"url":"http://hl7.org/fhir/tools/StructureDefinition/ig-page-name","valueUrl":"index.html"}],"nameUrl":"index.html","title":"Home","generation":"markdown"},{"extension":[{"url":"http://hl7.org/fhir/tools/StructureDefinition/ig-page-name","valueUrl":"artifacts.html"}],"nameUrl":"artifacts.html","title":"Artifacts Summary","generation":"html","page":[{"extension":[{"url":"http://hl7.org/fhir/tools/StructureDefinition/ig-page-name","valueUrl":"StructureDefinition-onc-4at-delirium.html"}],"nameUrl":"StructureDefinition-onc-4at-delirium.html","title":"4AT Delirium Assessment","generation":"generated"},{"extension":[{"url":"http://hl7.org/fhir/tools/StructureDefinition/ig-page-name","valueUrl":"StructureDefinition-onc-acvpu.html"}],"nameUrl":"StructureDefinition-onc-acvpu.html","title":"ACVPU Consciousness Level","generation":"generated"},{"extension":[{"url":"http://hl7.org/fhir/tools/StructureDefinition/ig-page-name","valueUrl":"StructureDefinition-onc-barthel-index.html"}],"nameUrl":"StructureDefinition-onc-barthel-index.html","title":"Barthel Index","generation":"generated"},{"extension":[{"url":"http://hl7.org/fhir/tools/StructureDefinition/ig-page-name","valueUrl":"StructureDefinition-onc-blood-pressure.html"}],"nameUrl":"StructureDefinition-onc-blood-pressure.html","title":"Blood Pressure","generation":"generated"},{"extension":[{"url":"http://hl7.org/fhir/tools/StructureDefinition/ig-page-name","valueUrl":"StructureDefinition-onc-body-temperature.html"}],"nameUrl":"StructureDefinition-onc-body-temperature.html","title":"Body Temperature","generation":"generated"},{"extension":[{"url":"http://hl7.org/fhir/tools/StructureDefinition/ig-page-name","valueUrl":"StructureDefinition-onc-braden-scale-assessment.html"}],"nameUrl":"StructureDefinition-onc-braden-scale-assessment.html","title":"Braden Scale Assessment","generation":"generated"},{"extension":[{"url":"http://hl7.org/fhir/tools/StructureDefinition/ig-page-name","valueUrl":"StructureDefinition-onc-clinical-frailty-scale.html"}],"nameUrl":"StructureDefinition-onc-clinical-frailty-scale.html","title":"Clinical Frailty Scale (CFS)","generation":"generated"},{"extension":[{"url":"http://hl7.org/fhir/tools/StructureDefinition/ig-page-name","valueUrl":"StructureDefinition-onc-glasgow-coma-scale.html"}],"nameUrl":"StructureDefinition-onc-glasgow-coma-scale.html","title":"Glasgow Coma Scale","generation":"generated"},{"extension":[{"url":"http://hl7.org/fhir/tools/StructureDefinition/ig-page-name","valueUrl":"StructureDefinition-onc-goal-evaluation.html"}],"nameUrl":"StructureDefinition-onc-goal-evaluation.html","title":"Goal Evaluation","generation":"generated"},{"extension":[{"url":"http://hl7.org/fhir/tools/StructureDefinition/ig-page-name","valueUrl":"StructureDefinition-onc-heart-rate.html"}],"nameUrl":"StructureDefinition-onc-heart-rate.html","title":"Heart Rate","generation":"generated"},{"extension":[{"url":"http://hl7.org/fhir/tools/StructureDefinition/ig-page-name","valueUrl":"StructureDefinition-onc-inspired-oxygen.html"}],"nameUrl":"StructureDefinition-onc-inspired-oxygen.html","title":"Inspired Oxygen","generation":"generated"},{"extension":[{"url":"http://hl7.org/fhir/tools/StructureDefinition/ig-page-name","valueUrl":"StructureDefinition-onc-mental-capacity.html"}],"nameUrl":"StructureDefinition-onc-mental-capacity.html","title":"Mental Capacity Assessment","generation":"generated"},{"extension":[{"url":"http://hl7.org/fhir/tools/StructureDefinition/ig-page-name","valueUrl":"StructureDefinition-onc-mmse.html"}],"nameUrl":"StructureDefinition-onc-mmse.html","title":"Mini Mental State Examination (MMSE)","generation":"generated"},{"extension":[{"url":"http://hl7.org/fhir/tools/StructureDefinition/ig-page-name","valueUrl":"StructureDefinition-onc-monk-skintone-observation.html"}],"nameUrl":"StructureDefinition-onc-monk-skintone-observation.html","title":"Monk Skin Tone Observation","generation":"generated"},{"extension":[{"url":"http://hl7.org/fhir/tools/StructureDefinition/ig-page-name","valueUrl":"StructureDefinition-onc-morse-fall-scale.html"}],"nameUrl":"StructureDefinition-onc-morse-fall-scale.html","title":"Morse Fall Scale","generation":"generated"},{"extension":[{"url":"http://hl7.org/fhir/tools/StructureDefinition/ig-page-name","valueUrl":"StructureDefinition-onc-must-score.html"}],"nameUrl":"StructureDefinition-onc-must-score.html","title":"MUST Score (Malnutrition Universal Screening Tool)","generation":"generated"},{"extension":[{"url":"http://hl7.org/fhir/tools/StructureDefinition/ig-page-name","valueUrl":"StructureDefinition-onc-news2-score.html"}],"nameUrl":"StructureDefinition-onc-news2-score.html","title":"NEWS2 Score","generation":"generated"},{"extension":[{"url":"http://hl7.org/fhir/tools/StructureDefinition/ig-page-name","valueUrl":"StructureDefinition-onc-news2-subscore.html"}],"nameUrl":"StructureDefinition-onc-news2-subscore.html","title":"NEWS2 Sub-Score","generation":"generated"},{"extension":[{"url":"http://hl7.org/fhir/tools/StructureDefinition/ig-page-name","valueUrl":"StructureDefinition-onc-nursing-intervention.html"}],"nameUrl":"StructureDefinition-onc-nursing-intervention.html","title":"Nursing Intervention","generation":"generated"},{"extension":[{"url":"http://hl7.org/fhir/tools/StructureDefinition/ig-page-name","valueUrl":"StructureDefinition-onc-nursing-problem.html"}],"nameUrl":"StructureDefinition-onc-nursing-problem.html","title":"Nursing Problem","generation":"generated"},{"extension":[{"url":"http://hl7.org/fhir/tools/StructureDefinition/ig-page-name","valueUrl":"StructureDefinition-onc-nhs-patient.html"}],"nameUrl":"StructureDefinition-onc-nhs-patient.html","title":"ONC NHS Patient","generation":"generated"},{"extension":[{"url":"http://hl7.org/fhir/tools/StructureDefinition/ig-page-name","valueUrl":"StructureDefinition-onc-nursing-assessment.html"}],"nameUrl":"StructureDefinition-onc-nursing-assessment.html","title":"Open Nursing Core Assessment","generation":"generated"},{"extension":[{"url":"http://hl7.org/fhir/tools/StructureDefinition/ig-page-name","valueUrl":"StructureDefinition-onc-oxygen-saturation.html"}],"nameUrl":"StructureDefinition-onc-oxygen-saturation.html","title":"Oxygen Saturation","generation":"generated"},{"extension":[{"url":"http://hl7.org/fhir/tools/StructureDefinition/ig-page-name","valueUrl":"StructureDefinition-onc-pain-assessment.html"}],"nameUrl":"StructureDefinition-onc-pain-assessment.html","title":"Pain Assessment (NRS 0-10)","generation":"generated"},{"extension":[{"url":"http://hl7.org/fhir/tools/StructureDefinition/ig-page-name","valueUrl":"StructureDefinition-onc-patient-goal.html"}],"nameUrl":"StructureDefinition-onc-patient-goal.html","title":"Patient Goal","generation":"generated"},{"extension":[{"url":"http://hl7.org/fhir/tools/StructureDefinition/ig-page-name","valueUrl":"StructureDefinition-onc-patient-story.html"}],"nameUrl":"StructureDefinition-onc-patient-story.html","title":"Patient Story","generation":"generated"},{"extension":[{"url":"http://hl7.org/fhir/tools/StructureDefinition/ig-page-name","valueUrl":"StructureDefinition-onc-qsofa.html"}],"nameUrl":"StructureDefinition-onc-qsofa.html","title":"qSOFA (Quick SOFA)","generation":"generated"},{"extension":[{"url":"http://hl7.org/fhir/tools/StructureDefinition/ig-page-name","valueUrl":"StructureDefinition-onc-reasonable-adjustment.html"}],"nameUrl":"StructureDefinition-onc-reasonable-adjustment.html","title":"Reasonable Adjustment","generation":"generated"},{"extension":[{"url":"http://hl7.org/fhir/tools/StructureDefinition/ig-page-name","valueUrl":"StructureDefinition-onc-relational-observation.html"}],"nameUrl":"StructureDefinition-onc-relational-observation.html","title":"Relational Engagement Score","generation":"generated"},{"extension":[{"url":"http://hl7.org/fhir/tools/StructureDefinition/ig-page-name","valueUrl":"StructureDefinition-onc-respiration-rate.html"}],"nameUrl":"StructureDefinition-onc-respiration-rate.html","title":"Respiration Rate","generation":"generated"},{"extension":[{"url":"http://hl7.org/fhir/tools/StructureDefinition/ig-page-name","valueUrl":"StructureDefinition-onc-skintone-observation.html"}],"nameUrl":"StructureDefinition-onc-skintone-observation.html","title":"Skin Tone Observation","generation":"generated"},{"extension":[{"url":"http://hl7.org/fhir/tools/StructureDefinition/ig-page-name","valueUrl":"StructureDefinition-onc-waterlow-score.html"}],"nameUrl":"StructureDefinition-onc-waterlow-score.html","title":"Waterlow Score","generation":"generated"},{"extension":[{"url":"http://hl7.org/fhir/tools/StructureDefinition/ig-page-name","valueUrl":"StructureDefinition-onc-what-matters.html"}],"nameUrl":"StructureDefinition-onc-what-matters.html","title":"What Matters to Me","generation":"generated"},{"extension":[{"url":"http://hl7.org/fhir/tools/StructureDefinition/ig-page-name","valueUrl":"StructureDefinition-onc-wound-assessment.html"}],"nameUrl":"StructureDefinition-onc-wound-assessment.html","title":"Wound Assessment","generation":"generated"},{"extension":[{"url":"http://hl7.org/fhir/tools/StructureDefinition/ig-page-name","valueUrl":"StructureDefinition-intervention-goal-reference.html"}],"nameUrl":"StructureDefinition-intervention-goal-reference.html","title":"Intervention Goal Reference","generation":"generated"},{"extension":[{"url":"http://hl7.org/fhir/tools/StructureDefinition/ig-page-name","valueUrl":"StructureDefinition-observation-goal-reference.html"}],"nameUrl":"StructureDefinition-observation-goal-reference.html","title":"Observation Goal Reference","generation":"generated"},{"extension":[{"url":"http://hl7.org/fhir/tools/StructureDefinition/ig-page-name","valueUrl":"StructureDefinition-UKCore-Extension-EthnicCategory.html"}],"nameUrl":"StructureDefinition-UKCore-Extension-EthnicCategory.html","title":"UK Core Ethnic Category","generation":"generated"},{"extension":[{"url":"http://hl7.org/fhir/tools/StructureDefinition/ig-page-name","valueUrl":"ValueSet-onc-4at-acute-change-vs.html"}],"nameUrl":"ValueSet-onc-4at-acute-change-vs.html","title":"4AT Acute Change Value Set","generation":"generated"},{"extension":[{"url":"http://hl7.org/fhir/tools/StructureDefinition/ig-page-name","valueUrl":"ValueSet-onc-4at-alertness-vs.html"}],"nameUrl":"ValueSet-onc-4at-alertness-vs.html","title":"4AT Alertness Value Set","generation":"generated"},{"extension":[{"url":"http://hl7.org/fhir/tools/StructureDefinition/ig-page-name","valueUrl":"ValueSet-onc-4at-amt4-vs.html"}],"nameUrl":"ValueSet-onc-4at-amt4-vs.html","title":"4AT AMT4 Value Set","generation":"generated"},{"extension":[{"url":"http://hl7.org/fhir/tools/StructureDefinition/ig-page-name","valueUrl":"ValueSet-onc-4at-attention-vs.html"}],"nameUrl":"ValueSet-onc-4at-attention-vs.html","title":"4AT Attention Value Set","generation":"generated"},{"extension":[{"url":"http://hl7.org/fhir/tools/StructureDefinition/ig-page-name","valueUrl":"ValueSet-acvpu-vs.html"}],"nameUrl":"ValueSet-acvpu-vs.html","title":"ACVPU Value Set","generation":"generated"},{"extension":[{"url":"http://hl7.org/fhir/tools/StructureDefinition/ig-page-name","valueUrl":"ValueSet-onc-cfs-vs.html"}],"nameUrl":"ValueSet-onc-cfs-vs.html","title":"Clinical Frailty Scale Value Set","generation":"generated"},{"extension":[{"url":"http://hl7.org/fhir/tools/StructureDefinition/ig-page-name","valueUrl":"ValueSet-skintone-vs.html"}],"nameUrl":"ValueSet-skintone-vs.html","title":"Fitzpatrick Skin Tone Value Set","generation":"generated"},{"extension":[{"url":"http://hl7.org/fhir/tools/StructureDefinition/ig-page-name","valueUrl":"ValueSet-goal-evaluation-valueset.html"}],"nameUrl":"ValueSet-goal-evaluation-valueset.html","title":"Goal Evaluation Value Set","generation":"generated"},{"extension":[{"url":"http://hl7.org/fhir/tools/StructureDefinition/ig-page-name","valueUrl":"ValueSet-housing-status-vs.html"}],"nameUrl":"ValueSet-housing-status-vs.html","title":"Housing Status Value Set","generation":"generated"},{"extension":[{"url":"http://hl7.org/fhir/tools/StructureDefinition/ig-page-name","valueUrl":"ValueSet-inspired-oxygen-vs.html"}],"nameUrl":"ValueSet-inspired-oxygen-vs.html","title":"Inspired Oxygen Value Set","generation":"generated"},{"extension":[{"url":"http://hl7.org/fhir/tools/StructureDefinition/ig-page-name","valueUrl":"ValueSet-onc-mca-vs.html"}],"nameUrl":"ValueSet-onc-mca-vs.html","title":"Mental Capacity Finding Value Set","generation":"generated"},{"extension":[{"url":"http://hl7.org/fhir/tools/StructureDefinition/ig-page-name","valueUrl":"ValueSet-onc-monk-scale-vs.html"}],"nameUrl":"ValueSet-onc-monk-scale-vs.html","title":"Monk Skin Tone Scale ValueSet","generation":"generated"},{"extension":[{"url":"http://hl7.org/fhir/tools/StructureDefinition/ig-page-name","valueUrl":"ValueSet-news2-code-vs.html"}],"nameUrl":"ValueSet-news2-code-vs.html","title":"NEWS2 Code Value Set","generation":"generated"},{"extension":[{"url":"http://hl7.org/fhir/tools/StructureDefinition/ig-page-name","valueUrl":"ValueSet-news2-subscore-code-vs.html"}],"nameUrl":"ValueSet-news2-subscore-code-vs.html","title":"NEWS2 Sub-Score Codes","generation":"generated"},{"extension":[{"url":"http://hl7.org/fhir/tools/StructureDefinition/ig-page-name","valueUrl":"ValueSet-nursing-intervention-valueset.html"}],"nameUrl":"ValueSet-nursing-intervention-valueset.html","title":"Nursing Intervention Value Set","generation":"generated"},{"extension":[{"url":"http://hl7.org/fhir/tools/StructureDefinition/ig-page-name","valueUrl":"ValueSet-nursing-problem-valueset.html"}],"nameUrl":"ValueSet-nursing-problem-valueset.html","title":"Nursing Problem Value Set","generation":"generated"},{"extension":[{"url":"http://hl7.org/fhir/tools/StructureDefinition/ig-page-name","valueUrl":"ValueSet-pain-assessment-code-vs.html"}],"nameUrl":"ValueSet-pain-assessment-code-vs.html","title":"Pain Assessment Code Value Set","generation":"generated"},{"extension":[{"url":"http://hl7.org/fhir/tools/StructureDefinition/ig-page-name","valueUrl":"ValueSet-problem-category-valueset.html"}],"nameUrl":"ValueSet-problem-category-valueset.html","title":"Problem Category Value Set","generation":"generated"},{"extension":[{"url":"http://hl7.org/fhir/tools/StructureDefinition/ig-page-name","valueUrl":"ValueSet-wound-stage-vs.html"}],"nameUrl":"ValueSet-wound-stage-vs.html","title":"Wound Stage Value Set","generation":"generated"},{"extension":[{"url":"http://hl7.org/fhir/tools/StructureDefinition/ig-page-name","valueUrl":"CodeSystem-onc-monk-scale.html"}],"nameUrl":"CodeSystem-onc-monk-scale.html","title":"Monk Skin Tone Scale CodeSystem","generation":"generated"},{"extension":[{"url":"http://hl7.org/fhir/tools/StructureDefinition/ig-page-name","valueUrl":"CodeSystem-onc-observation-codes.html"}],"nameUrl":"CodeSystem-onc-observation-codes.html","title":"ONC Observation Codes","generation":"generated"},{"extension":[{"url":"http://hl7.org/fhir/tools/StructureDefinition/ig-page-name","valueUrl":"CodeSystem-onc-problem-type.html"}],"nameUrl":"CodeSystem-onc-problem-type.html","title":"Problem Type CodeSystem","generation":"generated"},{"extension":[{"url":"http://hl7.org/fhir/tools/StructureDefinition/ig-page-name","valueUrl":"Observation-example-goal-evaluation.html"}],"nameUrl":"Observation-example-goal-evaluation.html","title":"example-goal-evaluation","generation":"generated"},{"extension":[{"url":"http://hl7.org/fhir/tools/StructureDefinition/ig-page-name","valueUrl":"Procedure-example-nursing-intervention.html"}],"nameUrl":"Procedure-example-nursing-intervention.html","title":"example-nursing-intervention","generation":"generated"},{"extension":[{"url":"http://hl7.org/fhir/tools/StructureDefinition/ig-page-name","valueUrl":"Condition-example-nursing-problem.html"}],"nameUrl":"Condition-example-nursing-problem.html","title":"example-nursing-problem","generation":"generated"},{"extension":[{"url":"http://hl7.org/fhir/tools/StructureDefinition/ig-page-name","valueUrl":"Goal-example-patient-goal.html"}],"nameUrl":"Goal-example-patient-goal.html","title":"example-patient-goal","generation":"generated"},{"extension":[{"url":"http://hl7.org/fhir/tools/StructureDefinition/ig-page-name","valueUrl":"Observation-observation-braden-scale.html"}],"nameUrl":"Observation-observation-braden-scale.html","title":"observation-braden-scale","generation":"generated"},{"extension":[{"url":"http://hl7.org/fhir/tools/StructureDefinition/ig-page-name","valueUrl":"Observation-observation-skin-tone.html"}],"nameUrl":"Observation-observation-skin-tone.html","title":"observation-skin-tone","generation":"generated"},{"extension":[{"url":"http://hl7.org/fhir/tools/StructureDefinition/ig-page-name","valueUrl":"Patient-patient-example-jane.html"}],"nameUrl":"Patient-patient-example-jane.html","title":"patient-example-jane","generation":"generated"},{"extension":[{"url":"http://hl7.org/fhir/tools/StructureDefinition/ig-page-name","valueUrl":"Practitioner-practitioner-example.html"}],"nameUrl":"Practitioner-practitioner-example.html","title":"practitioner-example","generation":"generated"}]}]},"parameter":[{"code":"path-resource","value":"input/capabilities"},{"code":"path-resource","value":"input/examples"},{"code":"path-resource","value":"input/extensions"},{"code":"path-resource","value":"input/models"},{"code":"path-resource","value":"input/operations"},{"code":"path-resource","value":"input/profiles"},{"code":"path-resource","value":"input/resources"},{"code":"path-resource","value":"input/vocabulary"},{"code":"path-resource","value":"input/maps"},{"code":"path-resource","value":"input/testing"},{"code":"path-resource","value":"input/history"},{"code":"path-resource","value":"fsh-generated/resources"},{"code":"path-pages","value":"template/config"},{"code":"path-pages","value":"input/images"},{"code":"path-tx-cache","value":"input-cache/txcache"}]}}