{"resourceType":"Library","id":"onc-news2-cql","url":"http://opennursingcore.org/Library/ONC-NEWS2-CQL","version":"0.1.0","name":"ONC_NEWS2_Logic","title":"ONC NEWS2 Auto-Calculation Logic","status":"active","experimental":true,"type":{"coding":[{"system":"http://terminology.hl7.org/CodeSystem/library-type","code":"logic-library"}]},"date":"2026-01-01T13:37:23+00:00","description":"Logic library for calculating National Early Warning Score 2 (NEWS2) from FHIR Observations.","content":[{"contentType":"text/cql","url":"input/cql/ONC_NEWS2_Logic.cql"}]}