{"resourceType":"ValueSet","id":"onc-prognosis-vs","text":{"status":"generated","div":"<div xmlns=\"http://www.w3.org/1999/xhtml\"><p class=\"res-header-id\"><b>Generated Narrative: ValueSet onc-prognosis-vs</b></p><a name=\"onc-prognosis-vs\"> </a><a name=\"hconc-prognosis-vs\"> </a><ul><li>Include these codes as defined in <a href=\"http://www.snomed.org/\"><code>http://snomed.info/sct</code></a><span title=\"Version is not explicitly stated. No matching Code System found\"> version Not Stated (use latest from terminology server)</span><table class=\"none\"><tr><td style=\"white-space:nowrap\"><b>Code</b></td><td><b>Display</b></td></tr><tr><td><a href=\"http://snomed.info/id/17621005\">17621005</a></td><td>Normal</td></tr><tr><td><a href=\"http://snomed.info/id/260388008\">260388008</a></td><td>Worsening</td></tr><tr><td><a href=\"http://snomed.info/id/385633008\">385633008</a></td><td>Improving</td></tr></table></li></ul></div>"},"url":"https://clinyqai.github.io/open-nursing-core-ig/ValueSet/onc-prognosis-vs","version":"0.1.0","name":"ONCPrognosisVS","title":"Nursing Prognosis ValueSet","status":"draft","date":"2026-01-01T13:37:23+00:00","description":"Prognosis codes for clinical impression","compose":{"include":[{"system":"http://snomed.info/sct","concept":[{"code":"17621005","display":"Normal"},{"code":"260388008","display":"Worsening"},{"code":"385633008","display":"Improving"}]}]}}