{"resourceType":"ValueSet","id":"onc-4at-alertness-vs","text":{"status":"extensions","div":"<div xmlns=\"http://www.w3.org/1999/xhtml\"><p class=\"res-header-id\"><b>Generated Narrative: ValueSet onc-4at-alertness-vs</b></p><a name=\"onc-4at-alertness-vs\"> </a><a name=\"hconc-4at-alertness-vs\"> </a><p>This value set includes codes based on the following rules:</p><ul><li>Include these codes as defined in <a href=\"CodeSystem-onc-observation-codes.html\"><code>https://clinyqai.github.io/open-nursing-core-ig/CodeSystem/onc-observation-codes</code></a><span title=\"Version is not explicitly stated, which means it is fixed to the version provided in this specification\"> version &#x1F4E6;0.1.0</span><table class=\"none\"><tr><td style=\"white-space:nowrap\"><b>Code</b></td><td><b>Display</b></td><td><b>Definition</b></td></tr><tr><td><a href=\"CodeSystem-onc-observation-codes.html#onc-observation-codes-4at-alertness\">4at-alertness</a></td><td>Normal (fully alert, not agitated)</td><td>4AT Item 1: Alertness</td></tr></table></li><li>Include these codes as defined in <a href=\"http://www.snomed.org/\"><code>http://snomed.info/sct</code></a><span title=\"Version is not explicitly stated. No matching Code System found\"> version Not Stated (use latest from terminology server)</span><table class=\"none\"><tr><td style=\"white-space:nowrap\"><b>Code</b></td><td><b>Display</b></td></tr><tr><td><a href=\"http://snomed.info/id/17621005\">17621005</a></td><td>Normal</td></tr><tr><td><a href=\"http://snomed.info/id/263654008\">263654008</a></td><td>Abnormal</td></tr></table></li></ul></div>"},"url":"https://clinyqai.github.io/open-nursing-core-ig/ValueSet/onc-4at-alertness-vs","version":"0.1.0","name":"AlertnessVS","title":"4AT Alertness Value Set","status":"draft","date":"2025-12-26T15:22:58+00:00","description":"Scoring options for 4AT Alertness","compose":{"include":[{"system":"https://clinyqai.github.io/open-nursing-core-ig/CodeSystem/onc-observation-codes","concept":[{"code":"4at-alertness","display":"Normal (fully alert, not agitated)"}]},{"system":"http://snomed.info/sct","concept":[{"code":"17621005","display":"Normal"},{"code":"263654008","display":"Abnormal"}]}]}}