{"resourceType":"ValueSet","id":"acvpu-vs","text":{"status":"generated","div":"<div xmlns=\"http://www.w3.org/1999/xhtml\"><p class=\"res-header-id\"><b>Generated Narrative: ValueSet acvpu-vs</b></p><a name=\"acvpu-vs\"> </a><a name=\"hcacvpu-vs\"> </a><ul><li>Include these codes as defined in <a href=\"http://www.snomed.org/\"><code>http://snomed.info/sct</code></a><span title=\"Version is not explicitly stated. No matching Code System found\"> version Not Stated (use latest from terminology server)</span><table class=\"none\"><tr><td style=\"white-space:nowrap\"><b>Code</b></td><td><b>Display</b></td></tr><tr><td><a href=\"http://snomed.info/id/248234008\">248234008</a></td><td>Mentally alert</td></tr><tr><td><a href=\"http://snomed.info/id/300202002\">300202002</a></td><td>Responds to voice</td></tr><tr><td><a href=\"http://snomed.info/id/450847001\">450847001</a></td><td>Responds to pain</td></tr><tr><td><a href=\"http://snomed.info/id/422768004\">422768004</a></td><td>Unresponsive</td></tr><tr><td><a href=\"http://snomed.info/id/130987000\">130987000</a></td><td>Acute confusion</td></tr></table></li></ul></div>"},"url":"https://clinyqai.github.io/open-nursing-core-ig/ValueSet/acvpu-vs","version":"0.1.0","name":"ACVPUValueSet","title":"ACVPU Value Set","status":"draft","date":"2025-12-26T14:13:58+00:00","description":"ACVPU consciousness level codes","compose":{"include":[{"system":"http://snomed.info/sct","concept":[{"code":"248234008","display":"Mentally alert"},{"code":"300202002","display":"Responds to voice"},{"code":"450847001","display":"Responds to pain"},{"code":"422768004","display":"Unresponsive"},{"code":"130987000","display":"Acute confusion"}]}]}}