{"resourceType":"ValueSet","id":"nursing-intervention-valueset","text":{"status":"generated","div":"<div xmlns=\"http://www.w3.org/1999/xhtml\"><p class=\"res-header-id\"><b>Generated Narrative: ValueSet nursing-intervention-valueset</b></p><a name=\"nursing-intervention-valueset\"> </a><a name=\"hcnursing-intervention-valueset\"> </a><ul><li>Include codes from<a href=\"http://www.snomed.org/\"><code>http://snomed.info/sct</code></a><span title=\"Version is not explicity stated. No matching Code System found\"> version Not Stated (use latest from terminology server)</span> where concept  is-a 71388002 (Procedure)</li></ul></div>"},"url":"https://clinyqai.github.io/open-nursing-core-ig/ValueSet/nursing-intervention-valueset","version":"1.0.0","name":"NursingInterventionValueSet","title":"Nursing Intervention Value Set","status":"active","date":"2025-11-28T01:24:36+00:00","compose":{"include":[{"system":"http://snomed.info/sct","filter":[{"property":"concept","op":"is-a","value":"71388002"}]}]}}