{"resourceType":"ValueSet","id":"onc-4at-acute-change-vs","text":{"status":"generated","div":"<div xmlns=\"http://www.w3.org/1999/xhtml\"><p class=\"res-header-id\"><b>Generated Narrative: ValueSet onc-4at-acute-change-vs</b></p><a name=\"onc-4at-acute-change-vs\"> </a><a name=\"hconc-4at-acute-change-vs\"> </a><ul><li>Include these codes as defined in <a href=\"http://www.snomed.org/\"><code>http://snomed.info/sct</code></a><span title=\"Version is not explicitly stated. No matching Code System found\"> version Not Stated (use latest from terminology server)</span><table class=\"none\"><tr><td style=\"white-space:nowrap\"><b>Code</b></td><td><b>Display</b></td></tr><tr><td><a href=\"http://snomed.info/id/521000176101\">521000176101</a></td><td>No</td></tr><tr><td><a href=\"http://snomed.info/id/531000176103\">531000176103</a></td><td>Yes</td></tr></table></li></ul></div>"},"url":"https://clinyqai.github.io/open-nursing-core-ig/ValueSet/onc-4at-acute-change-vs","version":"0.1.0","name":"AcuteChangeVS","title":"4AT Acute Change Value Set","status":"draft","date":"2025-12-26T15:22:58+00:00","description":"Scoring for Acute Change or Fluctuating Course","compose":{"include":[{"system":"http://snomed.info/sct","concept":[{"code":"521000176101","display":"No"},{"code":"531000176103","display":"Yes"}]}]}}