{"resourceType":"ValueSet","id":"skintone-vs","text":{"status":"extensions","div":"<div xmlns=\"http://www.w3.org/1999/xhtml\"><p class=\"res-header-id\"><b>Generated Narrative: ValueSet skintone-vs</b></p><a name=\"skintone-vs\"> </a><a name=\"hcskintone-vs\"> </a><ul><li>Include these codes as defined in <a href=\"CodeSystem-onc-observation-codes.html\"><code>https://clinyqai.github.io/open-nursing-core-ig/CodeSystem/onc-observation-codes</code></a><span title=\"Version is not explicitly stated, which means it is fixed to the version provided in this specification\"> version &#x1F4E6;0.1.0</span><table class=\"none\"><tr><td style=\"white-space:nowrap\"><b>Code</b></td><td><b>Display</b></td><td><b>Definition</b></td></tr><tr><td><a href=\"CodeSystem-onc-observation-codes.html#onc-observation-codes-fitzpatrick-1\">fitzpatrick-1</a></td><td>Type I</td><td>Pale white; always burns, never tans</td></tr><tr><td><a href=\"CodeSystem-onc-observation-codes.html#onc-observation-codes-fitzpatrick-2\">fitzpatrick-2</a></td><td>Type II</td><td>White; usually burns, tans with difficulty</td></tr><tr><td><a href=\"CodeSystem-onc-observation-codes.html#onc-observation-codes-fitzpatrick-3\">fitzpatrick-3</a></td><td>Type III</td><td>Cream white; sometimes mild burn, gradually tans</td></tr><tr><td><a href=\"CodeSystem-onc-observation-codes.html#onc-observation-codes-fitzpatrick-4\">fitzpatrick-4</a></td><td>Type IV</td><td>Moderate brown; rarely burns, tans with ease</td></tr><tr><td><a href=\"CodeSystem-onc-observation-codes.html#onc-observation-codes-fitzpatrick-5\">fitzpatrick-5</a></td><td>Type V</td><td>Dark brown; very rarely burns, tans very easily</td></tr><tr><td><a href=\"CodeSystem-onc-observation-codes.html#onc-observation-codes-fitzpatrick-6\">fitzpatrick-6</a></td><td>Type VI</td><td>Deeply pigmented dark brown to black; never burns, tans very easily</td></tr></table></li></ul></div>"},"url":"https://clinyqai.github.io/open-nursing-core-ig/ValueSet/skintone-vs","version":"0.1.0","name":"SkinToneVS","title":"Fitzpatrick Skin Tone Value Set","status":"draft","experimental":false,"date":"2025-12-26T15:22:58+00:00","description":"Value set for Fitzpatrick skin type classifications","compose":{"include":[{"system":"https://clinyqai.github.io/open-nursing-core-ig/CodeSystem/onc-observation-codes","concept":[{"code":"fitzpatrick-1","display":"Type I"},{"code":"fitzpatrick-2","display":"Type II"},{"code":"fitzpatrick-3","display":"Type III"},{"code":"fitzpatrick-4","display":"Type IV"},{"code":"fitzpatrick-5","display":"Type V"},{"code":"fitzpatrick-6","display":"Type VI"}]}]}}