{"resourceType":"ValueSet","id":"nursing-problem-valueset","text":{"status":"extensions","div":"<div xmlns=\"http://www.w3.org/1999/xhtml\"><p class=\"res-header-id\"><b>Generated Narrative: ValueSet nursing-problem-valueset</b></p><a name=\"nursing-problem-valueset\"> </a><a name=\"hcnursing-problem-valueset\"> </a><p>This value set includes codes based on the following rules:</p><ul><li>Include these codes as defined in <a href=\"http://www.snomed.org/\"><code>http://snomed.info/sct</code></a><span title=\"Version is not explicitly stated. No matching Code System found\"> version Not Stated (use latest from terminology server)</span><table class=\"none\"><tr><td style=\"white-space:nowrap\"><b>Code</b></td><td><b>Display</b></td></tr><tr><td><a href=\"http://snomed.info/id/129839007\">129839007</a></td><td>At risk for falls</td></tr><tr><td><a href=\"http://snomed.info/id/300893006\">300893006</a></td><td>Nutritional finding</td></tr><tr><td><a href=\"http://snomed.info/id/22253000\">22253000</a></td><td>Pain</td></tr></table></li><li>Include these codes as defined in <a href=\"CodeSystem-onc-observation-codes.html\"><code>https://clinyqai.github.io/open-nursing-core-ig/CodeSystem/onc-observation-codes</code></a><span title=\"Version is not explicitly stated, which means it is fixed to the version provided in this specification\"> version &#x1F4E6;0.1.0</span><table class=\"none\"><tr><td style=\"white-space:nowrap\"><b>Code</b></td><td><b>Display</b></td><td><b>Definition</b></td></tr><tr><td><a href=\"CodeSystem-onc-observation-codes.html#onc-observation-codes-risk-falls\">risk-falls</a></td><td>Risk of falls</td><td>Risk of falls diagnosis</td></tr></table></li></ul></div>"},"url":"https://clinyqai.github.io/open-nursing-core-ig/ValueSet/nursing-problem-valueset","version":"0.1.0","name":"NursingProblemValueSet","title":"Nursing Problem Value Set","status":"draft","experimental":false,"date":"2025-12-26T15:22:58+00:00","description":"Value set for nursing problems and diagnoses","compose":{"include":[{"system":"http://snomed.info/sct","concept":[{"code":"129839007","display":"At risk for falls"},{"code":"300893006","display":"Nutritional finding"},{"code":"22253000","display":"Pain"}]},{"system":"https://clinyqai.github.io/open-nursing-core-ig/CodeSystem/onc-observation-codes","concept":[{"code":"risk-falls","display":"Risk of falls"}]}]}}