{"resourceType":"ValueSet","id":"housing-status-vs","text":{"status":"generated","div":"<div xmlns=\"http://www.w3.org/1999/xhtml\"><p class=\"res-header-id\"><b>Generated Narrative: ValueSet housing-status-vs</b></p><a name=\"housing-status-vs\"> </a><a name=\"hchousing-status-vs\"> </a><ul><li>Include these codes as defined in <a href=\"http://www.snomed.org/\"><code>http://snomed.info/sct</code></a><span title=\"Version is not explicity stated. No matching Code System found\"> version Not Stated (use latest from terminology server)</span><table class=\"none\"><tr><td style=\"white-space:nowrap\"><b>Code</b></td><td><b>Display</b></td></tr><tr><td><a href=\"http://snomed.info/id/32911000\">32911000</a></td><td style=\"color: #cccccc\">Homeless</td></tr><tr><td><a href=\"http://snomed.info/id/160753008\">160753008</a></td><td/></tr></table></li></ul></div>"},"url":"https://clinyqai.github.io/open-nursing-core-ig/ValueSet/housing-status-vs","version":"1.0.0","name":"HousingStatusVS","title":"Housing Status Value Set","status":"active","date":"2025-11-28T00:15:25+00:00","compose":{"include":[{"system":"http://snomed.info/sct","concept":[{"code":"32911000"},{"code":"160753008"}]}]}}