<?xml version="1.0" encoding="UTF-8"?>

<Bundle xmlns="http://hl7.org/fhir">
  <id value="b870d3f3-1b74-4544-94f7-ac2e1baab946"/>
  <meta>
    <lastUpdated value="2025-12-25T23:47:50.648+00:00"/>
  </meta>
  <type value="collection"/>
  <entry>
    <fullUrl value="https://clinyqai.github.io/open-nursing-core-ig/ValueSet/goal-evaluation-valueset"/>
    <resource>
      <ValueSet>
        <text>
          <status value="generated"/>
          <div xmlns="http://www.w3.org/1999/xhtml" data-fhir="generated">
            <p class="res-header-id"/>
            <p style="border: black 1px dotted; background-color: #EEEEEE; padding: 8px; margin-bottom: 8px">Expansion from tx.fhir.org based on SNOMED CT International edition 01-Feb 2025
              <span class="copy-text-inline">
                <button data-clipboard-text="http://snomed.info/sct|http://snomed.info/sct/900000000000207008/version/20250201" title="Click to Copy URL" class="btn-copy"> </button>
              </span>
            </p>
            <p>This value set contains 3 concepts</p>
            <table class="codes" data-fhir="generated">
              <tr>
                <td>
                  <b>System</b>
                </td>
                <td style="white-space:nowrap">
                  <b>Code</b>
                </td>
                <td>
                  <b>Display (en)</b>
                </td>
                <td>
                  <b>Inactive</b>
                </td>
                <td>
                  <b>
                    <a href="http://hl7.org/fhir/concept-properties#status">status</a>
                  </b>
                </td>
                <td>
                  <b>JSON</b>
                </td>
                <td>
                  <b>XML</b>
                </td>
              </tr>
              <tr>
                <td>
                  <a name="x-http://snomed.info/sct-385633008"> </a>
                  <code>http://snomed.info/sct</code>
                </td>
                <td style="white-space:nowrap">  
                  <a href="http://snomed.info/id/385633008">385633008</a>
                </td>
                <td>Improving (qualifier value)</td>
                <td/>
                <td/>
                <td>
                  <span class="copy-text-inline">
                    <button data-clipboard-text="{&quot;system&quot;: &quot;http://snomed.info/sct&quot;, &quot;version&quot;: &quot;http://snomed.info/sct/900000000000207008/version/20250201&quot;, &quot;code&quot;: &quot;385633008&quot;, &quot;display&quot;: &quot;Improving (qualifier value)&quot;}" title="Click to Copy as Coding" class="btn-copy"> </button>
                  </span>
                </td>
                <td>
                  <span class="copy-text-inline">
                    <button data-clipboard-text="&lt;coding&gt;&lt;system value=&quot;http://snomed.info/sct&quot;&gt;&lt;version value=&quot;http://snomed.info/sct/900000000000207008/version/20250201&quot;&gt;&lt;code value=&quot;385633008&quot;&gt;&lt;display value=&quot;Improving (qualifier value)&quot;&gt;&lt;/coding&gt;" title="Click to Copy as Coding" class="btn-copy"> </button>
                  </span>
                </td>
              </tr>
              <tr>
                <td>
                  <a name="x-http://snomed.info/sct-385634002"> </a>
                  <code>http://snomed.info/sct</code>
                </td>
                <td style="white-space:nowrap">  
                  <a href="http://snomed.info/id/385634002">385634002</a>
                </td>
                <td>Change patterns (qualifier value)</td>
                <td/>
                <td/>
                <td>
                  <span class="copy-text-inline">
                    <button data-clipboard-text="{&quot;system&quot;: &quot;http://snomed.info/sct&quot;, &quot;version&quot;: &quot;http://snomed.info/sct/900000000000207008/version/20250201&quot;, &quot;code&quot;: &quot;385634002&quot;, &quot;display&quot;: &quot;Change patterns (qualifier value)&quot;}" title="Click to Copy as Coding" class="btn-copy"> </button>
                  </span>
                </td>
                <td>
                  <span class="copy-text-inline">
                    <button data-clipboard-text="&lt;coding&gt;&lt;system value=&quot;http://snomed.info/sct&quot;&gt;&lt;version value=&quot;http://snomed.info/sct/900000000000207008/version/20250201&quot;&gt;&lt;code value=&quot;385634002&quot;&gt;&lt;display value=&quot;Change patterns (qualifier value)&quot;&gt;&lt;/coding&gt;" title="Click to Copy as Coding" class="btn-copy"> </button>
                  </span>
                </td>
              </tr>
              <tr>
                <td>
                  <a name="x-http://snomed.info/sct-118222006"> </a>
                  <code>http://snomed.info/sct</code>
                </td>
                <td style="white-space:nowrap">  
                  <a href="http://snomed.info/id/118222006">118222006</a>
                </td>
                <td>General finding of observation of patient</td>
                <td>inactive</td>
                <td>inactive</td>
                <td>
                  <span class="copy-text-inline">
                    <button data-clipboard-text="{&quot;system&quot;: &quot;http://snomed.info/sct&quot;, &quot;version&quot;: &quot;http://snomed.info/sct/900000000000207008/version/20250201&quot;, &quot;code&quot;: &quot;118222006&quot;, &quot;display&quot;: &quot;General finding of observation of patient&quot;}" title="Click to Copy as Coding" class="btn-copy"> </button>
                  </span>
                </td>
                <td>
                  <span class="copy-text-inline">
                    <button data-clipboard-text="&lt;coding&gt;&lt;system value=&quot;http://snomed.info/sct&quot;&gt;&lt;version value=&quot;http://snomed.info/sct/900000000000207008/version/20250201&quot;&gt;&lt;code value=&quot;118222006&quot;&gt;&lt;display value=&quot;General finding of observation of patient&quot;&gt;&lt;/coding&gt;" title="Click to Copy as Coding" class="btn-copy"> </button>
                  </span>
                </td>
              </tr>
            </table>
          </div>
        </text>
        <url value="https://clinyqai.github.io/open-nursing-core-ig/ValueSet/goal-evaluation-valueset"/>
        <version value="1.0.0"/>
        <name value="GoalEvaluationValueSet"/>
        <title value="Goal Evaluation Value Set"/>
        <status value="active"/>
        <experimental value="false"/>
        <date value="2025-12-25T23:47:50+00:00"/>
        <expansion>
          <identifier value="urn:uuid:6c87d1ed-caf0-44da-be55-2f3bba6cf07b"/>
          <timestamp value="2025-12-25T23:49:12+00:00"/>
          <total value="3"/>
          <offset value="0"/>
          <parameter>
            <name value="displayLanguage"/>
            <valueCode value="en"/>
          </parameter>
          <parameter>
            <name value="count"/>
            <valueInteger value="1000"/>
          </parameter>
          <parameter>
            <name value="offset"/>
            <valueInteger value="0"/>
          </parameter>
          <parameter>
            <name value="excludeNested"/>
            <valueBoolean value="false"/>
          </parameter>
          <parameter>
            <name value="used-valueset"/>
            <valueUri value="null"/>
          </parameter>
          <parameter>
            <name value="used-codesystem"/>
            <valueUri value="http://snomed.info/sct|http://snomed.info/sct/900000000000207008/version/20250201"/>
          </parameter>
          <property>
            <code value="status"/>
            <uri value="http://hl7.org/fhir/concept-properties#status"/>
          </property>
          <contains>
            <system value="http://snomed.info/sct"/>
            <code value="385633008"/>
            <display value="Improving (qualifier value)"/>
          </contains>
          <contains>
            <system value="http://snomed.info/sct"/>
            <code value="385634002"/>
            <display value="Change patterns (qualifier value)"/>
          </contains>
          <contains>
            <system value="http://snomed.info/sct"/>
            <inactive value="true"/>
            <code value="118222006"/>
            <display value="General finding of observation of patient"/>
            <property>
              <code value="status"/>
              <valueCode value="inactive"/>
            </property>
          </contains>
        </expansion>
      </ValueSet>
    </resource>
  </entry>
  <entry>
    <fullUrl value="https://clinyqai.github.io/open-nursing-core-ig/ValueSet/housing-status-vs"/>
    <resource>
      <ValueSet>
        <text>
          <status value="generated"/>
          <div xmlns="http://www.w3.org/1999/xhtml" data-fhir="generated">
            <p class="res-header-id"/>
            <p style="border: black 1px dotted; background-color: #EEEEEE; padding: 8px; margin-bottom: 8px">Expansion from tx.fhir.org based on SNOMED CT International edition 01-Feb 2025
              <span class="copy-text-inline">
                <button data-clipboard-text="http://snomed.info/sct|http://snomed.info/sct/900000000000207008/version/20250201" title="Click to Copy URL" class="btn-copy"> </button>
              </span>
            </p>
            <p>This value set contains 2 concepts</p>
            <table class="codes" data-fhir="generated">
              <tr>
                <td>
                  <b>System</b>
                </td>
                <td style="white-space:nowrap">
                  <b>Code</b>
                </td>
                <td>
                  <b>Display (en)</b>
                </td>
                <td>
                  <b>JSON</b>
                </td>
                <td>
                  <b>XML</b>
                </td>
              </tr>
              <tr>
                <td>
                  <a name="x-http://snomed.info/sct-266935003"> </a>
                  <code>http://snomed.info/sct</code>
                </td>
                <td style="white-space:nowrap">  
                  <a href="http://snomed.info/id/266935003">266935003</a>
                </td>
                <td>Housing lack</td>
                <td>
                  <span class="copy-text-inline">
                    <button data-clipboard-text="{&quot;system&quot;: &quot;http://snomed.info/sct&quot;, &quot;version&quot;: &quot;http://snomed.info/sct/900000000000207008/version/20250201&quot;, &quot;code&quot;: &quot;266935003&quot;, &quot;display&quot;: &quot;Housing lack&quot;}" title="Click to Copy as Coding" class="btn-copy"> </button>
                  </span>
                </td>
                <td>
                  <span class="copy-text-inline">
                    <button data-clipboard-text="&lt;coding&gt;&lt;system value=&quot;http://snomed.info/sct&quot;&gt;&lt;version value=&quot;http://snomed.info/sct/900000000000207008/version/20250201&quot;&gt;&lt;code value=&quot;266935003&quot;&gt;&lt;display value=&quot;Housing lack&quot;&gt;&lt;/coding&gt;" title="Click to Copy as Coding" class="btn-copy"> </button>
                  </span>
                </td>
              </tr>
              <tr>
                <td>
                  <a name="x-http://snomed.info/sct-224224003"> </a>
                  <code>http://snomed.info/sct</code>
                </td>
                <td style="white-space:nowrap">  
                  <a href="http://snomed.info/id/224224003">224224003</a>
                </td>
                <td>Lives in staffed home</td>
                <td>
                  <span class="copy-text-inline">
                    <button data-clipboard-text="{&quot;system&quot;: &quot;http://snomed.info/sct&quot;, &quot;version&quot;: &quot;http://snomed.info/sct/900000000000207008/version/20250201&quot;, &quot;code&quot;: &quot;224224003&quot;, &quot;display&quot;: &quot;Lives in staffed home&quot;}" title="Click to Copy as Coding" class="btn-copy"> </button>
                  </span>
                </td>
                <td>
                  <span class="copy-text-inline">
                    <button data-clipboard-text="&lt;coding&gt;&lt;system value=&quot;http://snomed.info/sct&quot;&gt;&lt;version value=&quot;http://snomed.info/sct/900000000000207008/version/20250201&quot;&gt;&lt;code value=&quot;224224003&quot;&gt;&lt;display value=&quot;Lives in staffed home&quot;&gt;&lt;/coding&gt;" title="Click to Copy as Coding" class="btn-copy"> </button>
                  </span>
                </td>
              </tr>
            </table>
          </div>
        </text>
        <url value="https://clinyqai.github.io/open-nursing-core-ig/ValueSet/housing-status-vs"/>
        <version value="1.0.0"/>
        <name value="HousingStatusVS"/>
        <title value="Housing Status Value Set"/>
        <status value="active"/>
        <experimental value="false"/>
        <date value="2025-12-25T23:47:50+00:00"/>
        <expansion>
          <identifier value="urn:uuid:0586db13-7e53-4b5d-9cd4-d8df2d597157"/>
          <timestamp value="2025-12-25T23:49:21+00:00"/>
          <total value="2"/>
          <offset value="0"/>
          <parameter>
            <name value="displayLanguage"/>
            <valueCode value="en"/>
          </parameter>
          <parameter>
            <name value="count"/>
            <valueInteger value="1000"/>
          </parameter>
          <parameter>
            <name value="offset"/>
            <valueInteger value="0"/>
          </parameter>
          <parameter>
            <name value="excludeNested"/>
            <valueBoolean value="false"/>
          </parameter>
          <parameter>
            <name value="used-valueset"/>
            <valueUri value="null"/>
          </parameter>
          <parameter>
            <name value="used-codesystem"/>
            <valueUri value="http://snomed.info/sct|http://snomed.info/sct/900000000000207008/version/20250201"/>
          </parameter>
          <contains>
            <system value="http://snomed.info/sct"/>
            <code value="266935003"/>
            <display value="Housing lack"/>
          </contains>
          <contains>
            <system value="http://snomed.info/sct"/>
            <code value="224224003"/>
            <display value="Lives in staffed home"/>
          </contains>
        </expansion>
      </ValueSet>
    </resource>
  </entry>
  <entry>
    <fullUrl value="https://clinyqai.github.io/open-nursing-core-ig/ValueSet/nursing-intervention-valueset"/>
    <resource>
      <ValueSet>
        <text>
          <status value="generated"/>
          <div xmlns="http://www.w3.org/1999/xhtml" data-fhir="generated">
            <p class="res-header-id"/>
            <p style="border: black 1px dotted; background-color: #EEEEEE; padding: 8px; margin-bottom: 8px">Expansion from tx.fhir.org based on SNOMED CT International edition 01-Feb 2025
              <span class="copy-text-inline">
                <button data-clipboard-text="http://snomed.info/sct|http://snomed.info/sct/900000000000207008/version/20250201" title="Click to Copy URL" class="btn-copy"> </button>
              </span>
            </p>
            <p>This value set contains 3 concepts</p>
            <table class="codes" data-fhir="generated">
              <tr>
                <td>
                  <b>System</b>
                </td>
                <td style="white-space:nowrap">
                  <b>Code</b>
                </td>
                <td>
                  <b>Display (en)</b>
                </td>
                <td>
                  <b>JSON</b>
                </td>
                <td>
                  <b>XML</b>
                </td>
              </tr>
              <tr>
                <td>
                  <a name="x-http://snomed.info/sct-71388002"> </a>
                  <code>http://snomed.info/sct</code>
                </td>
                <td style="white-space:nowrap">  
                  <a href="http://snomed.info/id/71388002">71388002</a>
                </td>
                <td>Procedure</td>
                <td>
                  <span class="copy-text-inline">
                    <button data-clipboard-text="{&quot;system&quot;: &quot;http://snomed.info/sct&quot;, &quot;version&quot;: &quot;http://snomed.info/sct/900000000000207008/version/20250201&quot;, &quot;code&quot;: &quot;71388002&quot;, &quot;display&quot;: &quot;Procedure&quot;}" title="Click to Copy as Coding" class="btn-copy"> </button>
                  </span>
                </td>
                <td>
                  <span class="copy-text-inline">
                    <button data-clipboard-text="&lt;coding&gt;&lt;system value=&quot;http://snomed.info/sct&quot;&gt;&lt;version value=&quot;http://snomed.info/sct/900000000000207008/version/20250201&quot;&gt;&lt;code value=&quot;71388002&quot;&gt;&lt;display value=&quot;Procedure&quot;&gt;&lt;/coding&gt;" title="Click to Copy as Coding" class="btn-copy"> </button>
                  </span>
                </td>
              </tr>
              <tr>
                <td>
                  <a name="x-http://snomed.info/sct-225358003"> </a>
                  <code>http://snomed.info/sct</code>
                </td>
                <td style="white-space:nowrap">  
                  <a href="http://snomed.info/id/225358003">225358003</a>
                </td>
                <td>Wound care</td>
                <td>
                  <span class="copy-text-inline">
                    <button data-clipboard-text="{&quot;system&quot;: &quot;http://snomed.info/sct&quot;, &quot;version&quot;: &quot;http://snomed.info/sct/900000000000207008/version/20250201&quot;, &quot;code&quot;: &quot;225358003&quot;, &quot;display&quot;: &quot;Wound care&quot;}" title="Click to Copy as Coding" class="btn-copy"> </button>
                  </span>
                </td>
                <td>
                  <span class="copy-text-inline">
                    <button data-clipboard-text="&lt;coding&gt;&lt;system value=&quot;http://snomed.info/sct&quot;&gt;&lt;version value=&quot;http://snomed.info/sct/900000000000207008/version/20250201&quot;&gt;&lt;code value=&quot;225358003&quot;&gt;&lt;display value=&quot;Wound care&quot;&gt;&lt;/coding&gt;" title="Click to Copy as Coding" class="btn-copy"> </button>
                  </span>
                </td>
              </tr>
              <tr>
                <td>
                  <a name="x-http://snomed.info/sct-386373004"> </a>
                  <code>http://snomed.info/sct</code>
                </td>
                <td style="white-space:nowrap">  
                  <a href="http://snomed.info/id/386373004">386373004</a>
                </td>
                <td>Nutrition therapy (regime/therapy)</td>
                <td>
                  <span class="copy-text-inline">
                    <button data-clipboard-text="{&quot;system&quot;: &quot;http://snomed.info/sct&quot;, &quot;version&quot;: &quot;http://snomed.info/sct/900000000000207008/version/20250201&quot;, &quot;code&quot;: &quot;386373004&quot;, &quot;display&quot;: &quot;Nutrition therapy (regime/therapy)&quot;}" title="Click to Copy as Coding" class="btn-copy"> </button>
                  </span>
                </td>
                <td>
                  <span class="copy-text-inline">
                    <button data-clipboard-text="&lt;coding&gt;&lt;system value=&quot;http://snomed.info/sct&quot;&gt;&lt;version value=&quot;http://snomed.info/sct/900000000000207008/version/20250201&quot;&gt;&lt;code value=&quot;386373004&quot;&gt;&lt;display value=&quot;Nutrition therapy (regime/therapy)&quot;&gt;&lt;/coding&gt;" title="Click to Copy as Coding" class="btn-copy"> </button>
                  </span>
                </td>
              </tr>
            </table>
          </div>
        </text>
        <url value="https://clinyqai.github.io/open-nursing-core-ig/ValueSet/nursing-intervention-valueset"/>
        <version value="1.0.0"/>
        <name value="NursingInterventionValueSet"/>
        <title value="Nursing Intervention Value Set"/>
        <status value="active"/>
        <experimental value="false"/>
        <date value="2025-12-25T23:47:50+00:00"/>
        <expansion>
          <identifier value="urn:uuid:14ea62cf-e6b9-4937-ad2f-7f8e07f274df"/>
          <timestamp value="2025-12-25T23:49:21+00:00"/>
          <total value="3"/>
          <offset value="0"/>
          <parameter>
            <name value="displayLanguage"/>
            <valueCode value="en"/>
          </parameter>
          <parameter>
            <name value="count"/>
            <valueInteger value="1000"/>
          </parameter>
          <parameter>
            <name value="offset"/>
            <valueInteger value="0"/>
          </parameter>
          <parameter>
            <name value="excludeNested"/>
            <valueBoolean value="false"/>
          </parameter>
          <parameter>
            <name value="used-valueset"/>
            <valueUri value="null"/>
          </parameter>
          <parameter>
            <name value="used-codesystem"/>
            <valueUri value="http://snomed.info/sct|http://snomed.info/sct/900000000000207008/version/20250201"/>
          </parameter>
          <contains>
            <system value="http://snomed.info/sct"/>
            <code value="71388002"/>
            <display value="Procedure"/>
          </contains>
          <contains>
            <system value="http://snomed.info/sct"/>
            <code value="225358003"/>
            <display value="Wound care"/>
          </contains>
          <contains>
            <system value="http://snomed.info/sct"/>
            <code value="386373004"/>
            <display value="Nutrition therapy (regime/therapy)"/>
          </contains>
        </expansion>
      </ValueSet>
    </resource>
  </entry>
  <entry>
    <fullUrl value="https://clinyqai.github.io/open-nursing-core-ig/ValueSet/nursing-problem-valueset"/>
    <resource>
      <ValueSet>
        <text>
          <status value="generated"/>
          <div xmlns="http://www.w3.org/1999/xhtml" data-fhir="generated">
            <p class="res-header-id"/>
            <p style="border: black 1px dotted; background-color: #EEEEEE; padding: 8px; margin-bottom: 8px">Expansion from tx.fhir.org based on SNOMED CT International edition 01-Feb 2025
              <span class="copy-text-inline">
                <button data-clipboard-text="http://snomed.info/sct|http://snomed.info/sct/900000000000207008/version/20250201" title="Click to Copy URL" class="btn-copy"> </button>
              </span>
            </p>
            <p>This value set contains 3 concepts</p>
            <table class="codes" data-fhir="generated">
              <tr>
                <td>
                  <b>System</b>
                </td>
                <td style="white-space:nowrap">
                  <b>Code</b>
                </td>
                <td>
                  <b>Display (en)</b>
                </td>
                <td>
                  <b>JSON</b>
                </td>
                <td>
                  <b>XML</b>
                </td>
              </tr>
              <tr>
                <td>
                  <a name="x-http://snomed.info/sct-129839007"> </a>
                  <code>http://snomed.info/sct</code>
                </td>
                <td style="white-space:nowrap">  
                  <a href="http://snomed.info/id/129839007">129839007</a>
                </td>
                <td>At risk for falls</td>
                <td>
                  <span class="copy-text-inline">
                    <button data-clipboard-text="{&quot;system&quot;: &quot;http://snomed.info/sct&quot;, &quot;version&quot;: &quot;http://snomed.info/sct/900000000000207008/version/20250201&quot;, &quot;code&quot;: &quot;129839007&quot;, &quot;display&quot;: &quot;At risk for falls&quot;}" title="Click to Copy as Coding" class="btn-copy"> </button>
                  </span>
                </td>
                <td>
                  <span class="copy-text-inline">
                    <button data-clipboard-text="&lt;coding&gt;&lt;system value=&quot;http://snomed.info/sct&quot;&gt;&lt;version value=&quot;http://snomed.info/sct/900000000000207008/version/20250201&quot;&gt;&lt;code value=&quot;129839007&quot;&gt;&lt;display value=&quot;At risk for falls&quot;&gt;&lt;/coding&gt;" title="Click to Copy as Coding" class="btn-copy"> </button>
                  </span>
                </td>
              </tr>
              <tr>
                <td>
                  <a name="x-http://snomed.info/sct-300893006"> </a>
                  <code>http://snomed.info/sct</code>
                </td>
                <td style="white-space:nowrap">  
                  <a href="http://snomed.info/id/300893006">300893006</a>
                </td>
                <td>Nutritional finding</td>
                <td>
                  <span class="copy-text-inline">
                    <button data-clipboard-text="{&quot;system&quot;: &quot;http://snomed.info/sct&quot;, &quot;version&quot;: &quot;http://snomed.info/sct/900000000000207008/version/20250201&quot;, &quot;code&quot;: &quot;300893006&quot;, &quot;display&quot;: &quot;Nutritional finding&quot;}" title="Click to Copy as Coding" class="btn-copy"> </button>
                  </span>
                </td>
                <td>
                  <span class="copy-text-inline">
                    <button data-clipboard-text="&lt;coding&gt;&lt;system value=&quot;http://snomed.info/sct&quot;&gt;&lt;version value=&quot;http://snomed.info/sct/900000000000207008/version/20250201&quot;&gt;&lt;code value=&quot;300893006&quot;&gt;&lt;display value=&quot;Nutritional finding&quot;&gt;&lt;/coding&gt;" title="Click to Copy as Coding" class="btn-copy"> </button>
                  </span>
                </td>
              </tr>
              <tr>
                <td>
                  <a name="x-http://snomed.info/sct-22253000"> </a>
                  <code>http://snomed.info/sct</code>
                </td>
                <td style="white-space:nowrap">  
                  <a href="http://snomed.info/id/22253000">22253000</a>
                </td>
                <td>Pain</td>
                <td>
                  <span class="copy-text-inline">
                    <button data-clipboard-text="{&quot;system&quot;: &quot;http://snomed.info/sct&quot;, &quot;version&quot;: &quot;http://snomed.info/sct/900000000000207008/version/20250201&quot;, &quot;code&quot;: &quot;22253000&quot;, &quot;display&quot;: &quot;Pain&quot;}" title="Click to Copy as Coding" class="btn-copy"> </button>
                  </span>
                </td>
                <td>
                  <span class="copy-text-inline">
                    <button data-clipboard-text="&lt;coding&gt;&lt;system value=&quot;http://snomed.info/sct&quot;&gt;&lt;version value=&quot;http://snomed.info/sct/900000000000207008/version/20250201&quot;&gt;&lt;code value=&quot;22253000&quot;&gt;&lt;display value=&quot;Pain&quot;&gt;&lt;/coding&gt;" title="Click to Copy as Coding" class="btn-copy"> </button>
                  </span>
                </td>
              </tr>
            </table>
          </div>
        </text>
        <url value="https://clinyqai.github.io/open-nursing-core-ig/ValueSet/nursing-problem-valueset"/>
        <version value="1.0.0"/>
        <name value="NursingProblemValueSet"/>
        <title value="Nursing Problem Value Set"/>
        <status value="active"/>
        <experimental value="false"/>
        <date value="2025-12-25T23:47:50+00:00"/>
        <expansion>
          <identifier value="urn:uuid:03e5e74f-7675-4cb6-8710-224116b4f90c"/>
          <timestamp value="2025-12-25T23:49:15+00:00"/>
          <total value="3"/>
          <offset value="0"/>
          <parameter>
            <name value="displayLanguage"/>
            <valueCode value="en"/>
          </parameter>
          <parameter>
            <name value="count"/>
            <valueInteger value="1000"/>
          </parameter>
          <parameter>
            <name value="offset"/>
            <valueInteger value="0"/>
          </parameter>
          <parameter>
            <name value="excludeNested"/>
            <valueBoolean value="false"/>
          </parameter>
          <parameter>
            <name value="used-valueset"/>
            <valueUri value="null"/>
          </parameter>
          <parameter>
            <name value="used-codesystem"/>
            <valueUri value="http://snomed.info/sct|http://snomed.info/sct/900000000000207008/version/20250201"/>
          </parameter>
          <contains>
            <system value="http://snomed.info/sct"/>
            <code value="129839007"/>
            <display value="At risk for falls"/>
          </contains>
          <contains>
            <system value="http://snomed.info/sct"/>
            <code value="300893006"/>
            <display value="Nutritional finding"/>
          </contains>
          <contains>
            <system value="http://snomed.info/sct"/>
            <code value="22253000"/>
            <display value="Pain"/>
          </contains>
        </expansion>
      </ValueSet>
    </resource>
  </entry>
  <entry>
    <fullUrl value="https://clinyqai.github.io/open-nursing-core-ig/ValueSet/onc-monk-scale-vs"/>
    <resource>
      <ValueSet>
        <text>
          <status value="generated"/>
          <div xmlns="http://www.w3.org/1999/xhtml" data-fhir="generated">
            <p class="res-header-id"/>
            <p style="border: black 1px dotted; background-color: #EEEEEE; padding: 8px; margin-bottom: 8px">Expansion performed internally based on 
              <a href="CodeSystem-onc-monk-scale.html">codesystem Monk Skin Tone Scale CodeSystem v1.0.0 (CodeSystem)</a>
              <span class="copy-text-inline">
                <button data-clipboard-text="https://clinyqai.github.io/open-nursing-core-ig/CodeSystem/onc-monk-scale|1.0.0" title="Click to Copy URL" class="btn-copy"> </button>
              </span>
            </p>
            <p>This value set contains 10 concepts</p>
            <table class="codes" data-fhir="generated">
              <tr>
                <td>
                  <b>System</b>
                </td>
                <td style="white-space:nowrap">
                  <b>Code</b>
                </td>
                <td>
                  <b>Display (en)</b>
                </td>
                <td>
                  <b>JSON</b>
                </td>
                <td>
                  <b>XML</b>
                </td>
              </tr>
              <tr>
                <td>
                  <a name="x-https://clinyqai.github.io/open-nursing-core-ig/CodeSystem/onc-monk-scale-A"> </a>
                  <code>https://clinyqai.github.io/open-nursing-core-ig/CodeSystem/onc-monk-scale</code>
                </td>
                <td style="white-space:nowrap">  
                  <a href="CodeSystem-onc-monk-scale.html#onc-monk-scale-A">A</a>
                </td>
                <td>Light Skin</td>
                <td>
                  <span class="copy-text-inline">
                    <button data-clipboard-text="{&quot;system&quot;: &quot;https://clinyqai.github.io/open-nursing-core-ig/CodeSystem/onc-monk-scale&quot;, &quot;version&quot;: &quot;1.0.0&quot;, &quot;code&quot;: &quot;A&quot;, &quot;display&quot;: &quot;Light Skin&quot;}" title="Click to Copy as Coding" class="btn-copy"> </button>
                  </span>
                </td>
                <td>
                  <span class="copy-text-inline">
                    <button data-clipboard-text="&lt;coding&gt;&lt;system value=&quot;https://clinyqai.github.io/open-nursing-core-ig/CodeSystem/onc-monk-scale&quot;&gt;&lt;version value=&quot;1.0.0&quot;&gt;&lt;code value=&quot;A&quot;&gt;&lt;display value=&quot;Light Skin&quot;&gt;&lt;/coding&gt;" title="Click to Copy as Coding" class="btn-copy"> </button>
                  </span>
                </td>
              </tr>
              <tr>
                <td>
                  <a name="x-https://clinyqai.github.io/open-nursing-core-ig/CodeSystem/onc-monk-scale-B"> </a>
                  <code>https://clinyqai.github.io/open-nursing-core-ig/CodeSystem/onc-monk-scale</code>
                </td>
                <td style="white-space:nowrap">  
                  <a href="CodeSystem-onc-monk-scale.html#onc-monk-scale-B">B</a>
                </td>
                <td>Light-Medium Skin</td>
                <td>
                  <span class="copy-text-inline">
                    <button data-clipboard-text="{&quot;system&quot;: &quot;https://clinyqai.github.io/open-nursing-core-ig/CodeSystem/onc-monk-scale&quot;, &quot;version&quot;: &quot;1.0.0&quot;, &quot;code&quot;: &quot;B&quot;, &quot;display&quot;: &quot;Light-Medium Skin&quot;}" title="Click to Copy as Coding" class="btn-copy"> </button>
                  </span>
                </td>
                <td>
                  <span class="copy-text-inline">
                    <button data-clipboard-text="&lt;coding&gt;&lt;system value=&quot;https://clinyqai.github.io/open-nursing-core-ig/CodeSystem/onc-monk-scale&quot;&gt;&lt;version value=&quot;1.0.0&quot;&gt;&lt;code value=&quot;B&quot;&gt;&lt;display value=&quot;Light-Medium Skin&quot;&gt;&lt;/coding&gt;" title="Click to Copy as Coding" class="btn-copy"> </button>
                  </span>
                </td>
              </tr>
              <tr>
                <td>
                  <a name="x-https://clinyqai.github.io/open-nursing-core-ig/CodeSystem/onc-monk-scale-C"> </a>
                  <code>https://clinyqai.github.io/open-nursing-core-ig/CodeSystem/onc-monk-scale</code>
                </td>
                <td style="white-space:nowrap">  
                  <a href="CodeSystem-onc-monk-scale.html#onc-monk-scale-C">C</a>
                </td>
                <td>Medium Skin</td>
                <td>
                  <span class="copy-text-inline">
                    <button data-clipboard-text="{&quot;system&quot;: &quot;https://clinyqai.github.io/open-nursing-core-ig/CodeSystem/onc-monk-scale&quot;, &quot;version&quot;: &quot;1.0.0&quot;, &quot;code&quot;: &quot;C&quot;, &quot;display&quot;: &quot;Medium Skin&quot;}" title="Click to Copy as Coding" class="btn-copy"> </button>
                  </span>
                </td>
                <td>
                  <span class="copy-text-inline">
                    <button data-clipboard-text="&lt;coding&gt;&lt;system value=&quot;https://clinyqai.github.io/open-nursing-core-ig/CodeSystem/onc-monk-scale&quot;&gt;&lt;version value=&quot;1.0.0&quot;&gt;&lt;code value=&quot;C&quot;&gt;&lt;display value=&quot;Medium Skin&quot;&gt;&lt;/coding&gt;" title="Click to Copy as Coding" class="btn-copy"> </button>
                  </span>
                </td>
              </tr>
              <tr>
                <td>
                  <a name="x-https://clinyqai.github.io/open-nursing-core-ig/CodeSystem/onc-monk-scale-D"> </a>
                  <code>https://clinyqai.github.io/open-nursing-core-ig/CodeSystem/onc-monk-scale</code>
                </td>
                <td style="white-space:nowrap">  
                  <a href="CodeSystem-onc-monk-scale.html#onc-monk-scale-D">D</a>
                </td>
                <td>Medium-Dark Skin</td>
                <td>
                  <span class="copy-text-inline">
                    <button data-clipboard-text="{&quot;system&quot;: &quot;https://clinyqai.github.io/open-nursing-core-ig/CodeSystem/onc-monk-scale&quot;, &quot;version&quot;: &quot;1.0.0&quot;, &quot;code&quot;: &quot;D&quot;, &quot;display&quot;: &quot;Medium-Dark Skin&quot;}" title="Click to Copy as Coding" class="btn-copy"> </button>
                  </span>
                </td>
                <td>
                  <span class="copy-text-inline">
                    <button data-clipboard-text="&lt;coding&gt;&lt;system value=&quot;https://clinyqai.github.io/open-nursing-core-ig/CodeSystem/onc-monk-scale&quot;&gt;&lt;version value=&quot;1.0.0&quot;&gt;&lt;code value=&quot;D&quot;&gt;&lt;display value=&quot;Medium-Dark Skin&quot;&gt;&lt;/coding&gt;" title="Click to Copy as Coding" class="btn-copy"> </button>
                  </span>
                </td>
              </tr>
              <tr>
                <td>
                  <a name="x-https://clinyqai.github.io/open-nursing-core-ig/CodeSystem/onc-monk-scale-E"> </a>
                  <code>https://clinyqai.github.io/open-nursing-core-ig/CodeSystem/onc-monk-scale</code>
                </td>
                <td style="white-space:nowrap">  
                  <a href="CodeSystem-onc-monk-scale.html#onc-monk-scale-E">E</a>
                </td>
                <td>Dark Skin</td>
                <td>
                  <span class="copy-text-inline">
                    <button data-clipboard-text="{&quot;system&quot;: &quot;https://clinyqai.github.io/open-nursing-core-ig/CodeSystem/onc-monk-scale&quot;, &quot;version&quot;: &quot;1.0.0&quot;, &quot;code&quot;: &quot;E&quot;, &quot;display&quot;: &quot;Dark Skin&quot;}" title="Click to Copy as Coding" class="btn-copy"> </button>
                  </span>
                </td>
                <td>
                  <span class="copy-text-inline">
                    <button data-clipboard-text="&lt;coding&gt;&lt;system value=&quot;https://clinyqai.github.io/open-nursing-core-ig/CodeSystem/onc-monk-scale&quot;&gt;&lt;version value=&quot;1.0.0&quot;&gt;&lt;code value=&quot;E&quot;&gt;&lt;display value=&quot;Dark Skin&quot;&gt;&lt;/coding&gt;" title="Click to Copy as Coding" class="btn-copy"> </button>
                  </span>
                </td>
              </tr>
              <tr>
                <td>
                  <a name="x-https://clinyqai.github.io/open-nursing-core-ig/CodeSystem/onc-monk-scale-F"> </a>
                  <code>https://clinyqai.github.io/open-nursing-core-ig/CodeSystem/onc-monk-scale</code>
                </td>
                <td style="white-space:nowrap">  
                  <a href="CodeSystem-onc-monk-scale.html#onc-monk-scale-F">F</a>
                </td>
                <td>Deep Dark Skin</td>
                <td>
                  <span class="copy-text-inline">
                    <button data-clipboard-text="{&quot;system&quot;: &quot;https://clinyqai.github.io/open-nursing-core-ig/CodeSystem/onc-monk-scale&quot;, &quot;version&quot;: &quot;1.0.0&quot;, &quot;code&quot;: &quot;F&quot;, &quot;display&quot;: &quot;Deep Dark Skin&quot;}" title="Click to Copy as Coding" class="btn-copy"> </button>
                  </span>
                </td>
                <td>
                  <span class="copy-text-inline">
                    <button data-clipboard-text="&lt;coding&gt;&lt;system value=&quot;https://clinyqai.github.io/open-nursing-core-ig/CodeSystem/onc-monk-scale&quot;&gt;&lt;version value=&quot;1.0.0&quot;&gt;&lt;code value=&quot;F&quot;&gt;&lt;display value=&quot;Deep Dark Skin&quot;&gt;&lt;/coding&gt;" title="Click to Copy as Coding" class="btn-copy"> </button>
                  </span>
                </td>
              </tr>
              <tr>
                <td>
                  <a name="x-https://clinyqai.github.io/open-nursing-core-ig/CodeSystem/onc-monk-scale-G"> </a>
                  <code>https://clinyqai.github.io/open-nursing-core-ig/CodeSystem/onc-monk-scale</code>
                </td>
                <td style="white-space:nowrap">  
                  <a href="CodeSystem-onc-monk-scale.html#onc-monk-scale-G">G</a>
                </td>
                <td>Very Dark Skin</td>
                <td>
                  <span class="copy-text-inline">
                    <button data-clipboard-text="{&quot;system&quot;: &quot;https://clinyqai.github.io/open-nursing-core-ig/CodeSystem/onc-monk-scale&quot;, &quot;version&quot;: &quot;1.0.0&quot;, &quot;code&quot;: &quot;G&quot;, &quot;display&quot;: &quot;Very Dark Skin&quot;}" title="Click to Copy as Coding" class="btn-copy"> </button>
                  </span>
                </td>
                <td>
                  <span class="copy-text-inline">
                    <button data-clipboard-text="&lt;coding&gt;&lt;system value=&quot;https://clinyqai.github.io/open-nursing-core-ig/CodeSystem/onc-monk-scale&quot;&gt;&lt;version value=&quot;1.0.0&quot;&gt;&lt;code value=&quot;G&quot;&gt;&lt;display value=&quot;Very Dark Skin&quot;&gt;&lt;/coding&gt;" title="Click to Copy as Coding" class="btn-copy"> </button>
                  </span>
                </td>
              </tr>
              <tr>
                <td>
                  <a name="x-https://clinyqai.github.io/open-nursing-core-ig/CodeSystem/onc-monk-scale-H"> </a>
                  <code>https://clinyqai.github.io/open-nursing-core-ig/CodeSystem/onc-monk-scale</code>
                </td>
                <td style="white-space:nowrap">  
                  <a href="CodeSystem-onc-monk-scale.html#onc-monk-scale-H">H</a>
                </td>
                <td>Deepest Dark Skin</td>
                <td>
                  <span class="copy-text-inline">
                    <button data-clipboard-text="{&quot;system&quot;: &quot;https://clinyqai.github.io/open-nursing-core-ig/CodeSystem/onc-monk-scale&quot;, &quot;version&quot;: &quot;1.0.0&quot;, &quot;code&quot;: &quot;H&quot;, &quot;display&quot;: &quot;Deepest Dark Skin&quot;}" title="Click to Copy as Coding" class="btn-copy"> </button>
                  </span>
                </td>
                <td>
                  <span class="copy-text-inline">
                    <button data-clipboard-text="&lt;coding&gt;&lt;system value=&quot;https://clinyqai.github.io/open-nursing-core-ig/CodeSystem/onc-monk-scale&quot;&gt;&lt;version value=&quot;1.0.0&quot;&gt;&lt;code value=&quot;H&quot;&gt;&lt;display value=&quot;Deepest Dark Skin&quot;&gt;&lt;/coding&gt;" title="Click to Copy as Coding" class="btn-copy"> </button>
                  </span>
                </td>
              </tr>
              <tr>
                <td>
                  <a name="x-https://clinyqai.github.io/open-nursing-core-ig/CodeSystem/onc-monk-scale-I"> </a>
                  <code>https://clinyqai.github.io/open-nursing-core-ig/CodeSystem/onc-monk-scale</code>
                </td>
                <td style="white-space:nowrap">  
                  <a href="CodeSystem-onc-monk-scale.html#onc-monk-scale-I">I</a>
                </td>
                <td>Ultra Dark Skin</td>
                <td>
                  <span class="copy-text-inline">
                    <button data-clipboard-text="{&quot;system&quot;: &quot;https://clinyqai.github.io/open-nursing-core-ig/CodeSystem/onc-monk-scale&quot;, &quot;version&quot;: &quot;1.0.0&quot;, &quot;code&quot;: &quot;I&quot;, &quot;display&quot;: &quot;Ultra Dark Skin&quot;}" title="Click to Copy as Coding" class="btn-copy"> </button>
                  </span>
                </td>
                <td>
                  <span class="copy-text-inline">
                    <button data-clipboard-text="&lt;coding&gt;&lt;system value=&quot;https://clinyqai.github.io/open-nursing-core-ig/CodeSystem/onc-monk-scale&quot;&gt;&lt;version value=&quot;1.0.0&quot;&gt;&lt;code value=&quot;I&quot;&gt;&lt;display value=&quot;Ultra Dark Skin&quot;&gt;&lt;/coding&gt;" title="Click to Copy as Coding" class="btn-copy"> </button>
                  </span>
                </td>
              </tr>
              <tr>
                <td>
                  <a name="x-https://clinyqai.github.io/open-nursing-core-ig/CodeSystem/onc-monk-scale-J"> </a>
                  <code>https://clinyqai.github.io/open-nursing-core-ig/CodeSystem/onc-monk-scale</code>
                </td>
                <td style="white-space:nowrap">  
                  <a href="CodeSystem-onc-monk-scale.html#onc-monk-scale-J">J</a>
                </td>
                <td>Black Skin</td>
                <td>
                  <span class="copy-text-inline">
                    <button data-clipboard-text="{&quot;system&quot;: &quot;https://clinyqai.github.io/open-nursing-core-ig/CodeSystem/onc-monk-scale&quot;, &quot;version&quot;: &quot;1.0.0&quot;, &quot;code&quot;: &quot;J&quot;, &quot;display&quot;: &quot;Black Skin&quot;}" title="Click to Copy as Coding" class="btn-copy"> </button>
                  </span>
                </td>
                <td>
                  <span class="copy-text-inline">
                    <button data-clipboard-text="&lt;coding&gt;&lt;system value=&quot;https://clinyqai.github.io/open-nursing-core-ig/CodeSystem/onc-monk-scale&quot;&gt;&lt;version value=&quot;1.0.0&quot;&gt;&lt;code value=&quot;J&quot;&gt;&lt;display value=&quot;Black Skin&quot;&gt;&lt;/coding&gt;" title="Click to Copy as Coding" class="btn-copy"> </button>
                  </span>
                </td>
              </tr>
            </table>
          </div>
        </text>
        <url value="https://clinyqai.github.io/open-nursing-core-ig/ValueSet/onc-monk-scale-vs"/>
        <version value="1.0.0"/>
        <name value="ONCMonkScaleVS"/>
        <title value="Monk Skin Tone Scale ValueSet"/>
        <status value="active"/>
        <date value="2025-12-25T23:47:50+00:00"/>
        <expansion>
          <identifier value="urn:uuid:e8ff8929-449f-4561-934f-e7beecc1dc2f"/>
          <timestamp value="2025-12-25T23:49:13+00:00"/>
          <total value="10"/>
          <offset value="0"/>
          <parameter>
            <name value="displayLanguage"/>
            <valueCode value="en"/>
          </parameter>
          <parameter>
            <name value="count"/>
            <valueInteger value="1000"/>
          </parameter>
          <parameter>
            <name value="offset"/>
            <valueInteger value="0"/>
          </parameter>
          <parameter>
            <name value="excludeNested"/>
            <valueBoolean value="false"/>
          </parameter>
          <parameter>
            <name value="used-codesystem"/>
            <valueUri value="https://clinyqai.github.io/open-nursing-core-ig/CodeSystem/onc-monk-scale|1.0.0"/>
          </parameter>
          <contains>
            <system value="https://clinyqai.github.io/open-nursing-core-ig/CodeSystem/onc-monk-scale"/>
            <code value="A"/>
            <display value="Light Skin"/>
          </contains>
          <contains>
            <system value="https://clinyqai.github.io/open-nursing-core-ig/CodeSystem/onc-monk-scale"/>
            <code value="B"/>
            <display value="Light-Medium Skin"/>
          </contains>
          <contains>
            <system value="https://clinyqai.github.io/open-nursing-core-ig/CodeSystem/onc-monk-scale"/>
            <code value="C"/>
            <display value="Medium Skin"/>
          </contains>
          <contains>
            <system value="https://clinyqai.github.io/open-nursing-core-ig/CodeSystem/onc-monk-scale"/>
            <code value="D"/>
            <display value="Medium-Dark Skin"/>
          </contains>
          <contains>
            <system value="https://clinyqai.github.io/open-nursing-core-ig/CodeSystem/onc-monk-scale"/>
            <code value="E"/>
            <display value="Dark Skin"/>
          </contains>
          <contains>
            <system value="https://clinyqai.github.io/open-nursing-core-ig/CodeSystem/onc-monk-scale"/>
            <code value="F"/>
            <display value="Deep Dark Skin"/>
          </contains>
          <contains>
            <system value="https://clinyqai.github.io/open-nursing-core-ig/CodeSystem/onc-monk-scale"/>
            <code value="G"/>
            <display value="Very Dark Skin"/>
          </contains>
          <contains>
            <system value="https://clinyqai.github.io/open-nursing-core-ig/CodeSystem/onc-monk-scale"/>
            <code value="H"/>
            <display value="Deepest Dark Skin"/>
          </contains>
          <contains>
            <system value="https://clinyqai.github.io/open-nursing-core-ig/CodeSystem/onc-monk-scale"/>
            <code value="I"/>
            <display value="Ultra Dark Skin"/>
          </contains>
          <contains>
            <system value="https://clinyqai.github.io/open-nursing-core-ig/CodeSystem/onc-monk-scale"/>
            <code value="J"/>
            <display value="Black Skin"/>
          </contains>
        </expansion>
      </ValueSet>
    </resource>
  </entry>
  <entry>
    <fullUrl value="https://clinyqai.github.io/open-nursing-core-ig/ValueSet/pain-assessment-code-vs"/>
    <resource>
      <ValueSet>
        <text>
          <status value="generated"/>
          <div xmlns="http://www.w3.org/1999/xhtml" data-fhir="generated">
            <p class="res-header-id"/>
            <p style="border: black 1px dotted; background-color: #EEEEEE; padding: 8px; margin-bottom: 8px">Expansion from tx.fhir.org based on Loinc v2.81
              <span class="copy-text-inline">
                <button data-clipboard-text="http://loinc.org|2.81" title="Click to Copy URL" class="btn-copy"> </button>
              </span>
            </p>
            <p>This value set contains 2 concepts</p>
            <table class="codes" data-fhir="generated">
              <tr>
                <td>
                  <b>System</b>
                </td>
                <td style="white-space:nowrap">
                  <b>Code</b>
                </td>
                <td>
                  <b>Display (en)</b>
                </td>
                <td>
                  <b>JSON</b>
                </td>
                <td>
                  <b>XML</b>
                </td>
              </tr>
              <tr>
                <td>
                  <a name="x-http://loinc.org-72514-3"> </a>
                  <code>http://loinc.org</code>
                </td>
                <td style="white-space:nowrap">  
                  <a href="https://loinc.org/72514-3/">72514-3</a>
                </td>
                <td>Pain severity - 0-10 verbal numeric rating [Score] - Reported</td>
                <td>
                  <span class="copy-text-inline">
                    <button data-clipboard-text="{&quot;system&quot;: &quot;http://loinc.org&quot;, &quot;version&quot;: &quot;2.81&quot;, &quot;code&quot;: &quot;72514-3&quot;, &quot;display&quot;: &quot;Pain severity - 0-10 verbal numeric rating [Score] - Reported&quot;}" title="Click to Copy as Coding" class="btn-copy"> </button>
                  </span>
                </td>
                <td>
                  <span class="copy-text-inline">
                    <button data-clipboard-text="&lt;coding&gt;&lt;system value=&quot;http://loinc.org&quot;&gt;&lt;version value=&quot;2.81&quot;&gt;&lt;code value=&quot;72514-3&quot;&gt;&lt;display value=&quot;Pain severity - 0-10 verbal numeric rating [Score] - Reported&quot;&gt;&lt;/coding&gt;" title="Click to Copy as Coding" class="btn-copy"> </button>
                  </span>
                </td>
              </tr>
              <tr>
                <td>
                  <a name="x-http://loinc.org-38208-5"> </a>
                  <code>http://loinc.org</code>
                </td>
                <td style="white-space:nowrap">  
                  <a href="https://loinc.org/38208-5/">38208-5</a>
                </td>
                <td>Pain severity - Reported</td>
                <td>
                  <span class="copy-text-inline">
                    <button data-clipboard-text="{&quot;system&quot;: &quot;http://loinc.org&quot;, &quot;version&quot;: &quot;2.81&quot;, &quot;code&quot;: &quot;38208-5&quot;, &quot;display&quot;: &quot;Pain severity - Reported&quot;}" title="Click to Copy as Coding" class="btn-copy"> </button>
                  </span>
                </td>
                <td>
                  <span class="copy-text-inline">
                    <button data-clipboard-text="&lt;coding&gt;&lt;system value=&quot;http://loinc.org&quot;&gt;&lt;version value=&quot;2.81&quot;&gt;&lt;code value=&quot;38208-5&quot;&gt;&lt;display value=&quot;Pain severity - Reported&quot;&gt;&lt;/coding&gt;" title="Click to Copy as Coding" class="btn-copy"> </button>
                  </span>
                </td>
              </tr>
            </table>
          </div>
        </text>
        <url value="https://clinyqai.github.io/open-nursing-core-ig/ValueSet/pain-assessment-code-vs"/>
        <version value="1.0.0"/>
        <name value="PainAssessmentCodeValueSet"/>
        <title value="Pain Assessment Code Value Set"/>
        <status value="active"/>
        <date value="2025-12-25T23:47:50+00:00"/>
        <expansion>
          <identifier value="urn:uuid:4d8a2378-1321-4568-bca7-3cb639c75f89"/>
          <timestamp value="2025-12-25T23:49:16+00:00"/>
          <total value="2"/>
          <offset value="0"/>
          <parameter>
            <name value="displayLanguage"/>
            <valueCode value="en"/>
          </parameter>
          <parameter>
            <name value="count"/>
            <valueInteger value="1000"/>
          </parameter>
          <parameter>
            <name value="offset"/>
            <valueInteger value="0"/>
          </parameter>
          <parameter>
            <name value="excludeNested"/>
            <valueBoolean value="false"/>
          </parameter>
          <parameter>
            <name value="used-valueset"/>
            <valueUri value="null"/>
          </parameter>
          <parameter>
            <name value="used-codesystem"/>
            <valueUri value="http://loinc.org|2.81"/>
          </parameter>
          <contains>
            <system value="http://loinc.org"/>
            <code value="72514-3"/>
            <display value="Pain severity - 0-10 verbal numeric rating [Score] - Reported"/>
          </contains>
          <contains>
            <system value="http://loinc.org"/>
            <code value="38208-5"/>
            <display value="Pain severity - Reported"/>
          </contains>
        </expansion>
      </ValueSet>
    </resource>
  </entry>
  <entry>
    <fullUrl value="https://clinyqai.github.io/open-nursing-core-ig/ValueSet/problem-category-valueset"/>
    <resource>
      <ValueSet>
        <text>
          <status value="generated"/>
          <div xmlns="http://www.w3.org/1999/xhtml" data-fhir="generated">
            <p class="res-header-id"/>
            <p style="border: black 1px dotted; background-color: #EEEEEE; padding: 8px; margin-bottom: 8px">Expansion performed internally based on 
              <a href="CodeSystem-onc-problem-type.html">codesystem Problem Type CodeSystem v1.0.0 (CodeSystem)</a>
              <span class="copy-text-inline">
                <button data-clipboard-text="http://open-nursing-core.org/CodeSystem/onc-problem-type|1.0.0" title="Click to Copy URL" class="btn-copy"> </button>
              </span>
            </p>
            <p>This value set contains 3 concepts</p>
            <table class="codes" data-fhir="generated">
              <tr>
                <td>
                  <b>System</b>
                </td>
                <td style="white-space:nowrap">
                  <b>Code</b>
                </td>
                <td>
                  <b>Display (en)</b>
                </td>
                <td>
                  <b>Definition</b>
                </td>
                <td>
                  <b>JSON</b>
                </td>
                <td>
                  <b>XML</b>
                </td>
              </tr>
              <tr>
                <td>
                  <a name="x-http://open-nursing-core.org/CodeSystem/onc-problem-type-nursing-diagnosis"> </a>
                  <code>http://open-nursing-core.org/CodeSystem/onc-problem-type</code>
                </td>
                <td style="white-space:nowrap">  
                  <a href="CodeSystem-onc-problem-type.html#onc-problem-type-nursing-diagnosis">nursing-diagnosis</a>
                </td>
                <td>Nursing Diagnosis</td>
                <td>A clinical judgment about individual, family, or community responses to actual or potential health problems</td>
                <td>
                  <span class="copy-text-inline">
                    <button data-clipboard-text="{&quot;system&quot;: &quot;http://open-nursing-core.org/CodeSystem/onc-problem-type&quot;, &quot;version&quot;: &quot;1.0.0&quot;, &quot;code&quot;: &quot;nursing-diagnosis&quot;, &quot;display&quot;: &quot;Nursing Diagnosis&quot;}" title="Click to Copy as Coding" class="btn-copy"> </button>
                  </span>
                </td>
                <td>
                  <span class="copy-text-inline">
                    <button data-clipboard-text="&lt;coding&gt;&lt;system value=&quot;http://open-nursing-core.org/CodeSystem/onc-problem-type&quot;&gt;&lt;version value=&quot;1.0.0&quot;&gt;&lt;code value=&quot;nursing-diagnosis&quot;&gt;&lt;display value=&quot;Nursing Diagnosis&quot;&gt;&lt;/coding&gt;" title="Click to Copy as Coding" class="btn-copy"> </button>
                  </span>
                </td>
              </tr>
              <tr>
                <td>
                  <a name="x-http://open-nursing-core.org/CodeSystem/onc-problem-type-risk-diagnosis"> </a>
                  <code>http://open-nursing-core.org/CodeSystem/onc-problem-type</code>
                </td>
                <td style="white-space:nowrap">  
                  <a href="CodeSystem-onc-problem-type.html#onc-problem-type-risk-diagnosis">risk-diagnosis</a>
                </td>
                <td>Risk Diagnosis</td>
                <td>A clinical judgment about an individual's vulnerability to developing an undesirable health condition</td>
                <td>
                  <span class="copy-text-inline">
                    <button data-clipboard-text="{&quot;system&quot;: &quot;http://open-nursing-core.org/CodeSystem/onc-problem-type&quot;, &quot;version&quot;: &quot;1.0.0&quot;, &quot;code&quot;: &quot;risk-diagnosis&quot;, &quot;display&quot;: &quot;Risk Diagnosis&quot;}" title="Click to Copy as Coding" class="btn-copy"> </button>
                  </span>
                </td>
                <td>
                  <span class="copy-text-inline">
                    <button data-clipboard-text="&lt;coding&gt;&lt;system value=&quot;http://open-nursing-core.org/CodeSystem/onc-problem-type&quot;&gt;&lt;version value=&quot;1.0.0&quot;&gt;&lt;code value=&quot;risk-diagnosis&quot;&gt;&lt;display value=&quot;Risk Diagnosis&quot;&gt;&lt;/coding&gt;" title="Click to Copy as Coding" class="btn-copy"> </button>
                  </span>
                </td>
              </tr>
              <tr>
                <td>
                  <a name="x-http://open-nursing-core.org/CodeSystem/onc-problem-type-health-promotion"> </a>
                  <code>http://open-nursing-core.org/CodeSystem/onc-problem-type</code>
                </td>
                <td style="white-space:nowrap">  
                  <a href="CodeSystem-onc-problem-type.html#onc-problem-type-health-promotion">health-promotion</a>
                </td>
                <td>Health Promotion Diagnosis</td>
                <td>A clinical judgment about motivation to increase wellbeing</td>
                <td>
                  <span class="copy-text-inline">
                    <button data-clipboard-text="{&quot;system&quot;: &quot;http://open-nursing-core.org/CodeSystem/onc-problem-type&quot;, &quot;version&quot;: &quot;1.0.0&quot;, &quot;code&quot;: &quot;health-promotion&quot;, &quot;display&quot;: &quot;Health Promotion Diagnosis&quot;}" title="Click to Copy as Coding" class="btn-copy"> </button>
                  </span>
                </td>
                <td>
                  <span class="copy-text-inline">
                    <button data-clipboard-text="&lt;coding&gt;&lt;system value=&quot;http://open-nursing-core.org/CodeSystem/onc-problem-type&quot;&gt;&lt;version value=&quot;1.0.0&quot;&gt;&lt;code value=&quot;health-promotion&quot;&gt;&lt;display value=&quot;Health Promotion Diagnosis&quot;&gt;&lt;/coding&gt;" title="Click to Copy as Coding" class="btn-copy"> </button>
                  </span>
                </td>
              </tr>
            </table>
          </div>
        </text>
        <url value="https://clinyqai.github.io/open-nursing-core-ig/ValueSet/problem-category-valueset"/>
        <version value="1.0.0"/>
        <name value="ProblemCategoryValueSet"/>
        <title value="Problem Category Value Set"/>
        <status value="active"/>
        <experimental value="false"/>
        <date value="2025-12-25T23:47:50+00:00"/>
        <expansion>
          <identifier value="urn:uuid:2c760202-1894-4e94-a909-7e9c4d368b5d"/>
          <timestamp value="2025-12-25T23:49:15+00:00"/>
          <total value="3"/>
          <offset value="0"/>
          <parameter>
            <name value="displayLanguage"/>
            <valueCode value="en"/>
          </parameter>
          <parameter>
            <name value="count"/>
            <valueInteger value="1000"/>
          </parameter>
          <parameter>
            <name value="offset"/>
            <valueInteger value="0"/>
          </parameter>
          <parameter>
            <name value="excludeNested"/>
            <valueBoolean value="false"/>
          </parameter>
          <parameter>
            <name value="used-codesystem"/>
            <valueUri value="http://open-nursing-core.org/CodeSystem/onc-problem-type|1.0.0"/>
          </parameter>
          <contains>
            <system value="http://open-nursing-core.org/CodeSystem/onc-problem-type"/>
            <code value="nursing-diagnosis"/>
            <display value="Nursing Diagnosis"/>
          </contains>
          <contains>
            <system value="http://open-nursing-core.org/CodeSystem/onc-problem-type"/>
            <code value="risk-diagnosis"/>
            <display value="Risk Diagnosis"/>
          </contains>
          <contains>
            <system value="http://open-nursing-core.org/CodeSystem/onc-problem-type"/>
            <code value="health-promotion"/>
            <display value="Health Promotion Diagnosis"/>
          </contains>
        </expansion>
      </ValueSet>
    </resource>
  </entry>
  <entry>
    <fullUrl value="https://clinyqai.github.io/open-nursing-core-ig/ValueSet/skintone-vs"/>
    <resource>
      <ValueSet>
        <text>
          <status value="generated"/>
          <div xmlns="http://www.w3.org/1999/xhtml" data-fhir="generated">
            <p class="res-header-id"/>
            <p style="border: black 1px dotted; background-color: #EEEEEE; padding: 8px; margin-bottom: 8px">Expansion from tx.fhir.org based on SNOMED CT International edition 01-Feb 2025
              <span class="copy-text-inline">
                <button data-clipboard-text="http://snomed.info/sct|http://snomed.info/sct/900000000000207008/version/20250201" title="Click to Copy URL" class="btn-copy"> </button>
              </span>
            </p>
            <p>This value set contains 6 concepts</p>
            <table class="codes" data-fhir="generated">
              <tr>
                <td>
                  <b>System</b>
                </td>
                <td style="white-space:nowrap">
                  <b>Code</b>
                </td>
                <td>
                  <b>Display (en)</b>
                </td>
                <td>
                  <b>JSON</b>
                </td>
                <td>
                  <b>XML</b>
                </td>
              </tr>
              <tr>
                <td>
                  <a name="x-http://snomed.info/sct-403153005"> </a>
                  <code>http://snomed.info/sct</code>
                </td>
                <td style="white-space:nowrap">  
                  <a href="http://snomed.info/id/403153005">403153005</a>
                </td>
                <td>Centipede bite</td>
                <td>
                  <span class="copy-text-inline">
                    <button data-clipboard-text="{&quot;system&quot;: &quot;http://snomed.info/sct&quot;, &quot;version&quot;: &quot;http://snomed.info/sct/900000000000207008/version/20250201&quot;, &quot;code&quot;: &quot;403153005&quot;, &quot;display&quot;: &quot;Centipede bite&quot;}" title="Click to Copy as Coding" class="btn-copy"> </button>
                  </span>
                </td>
                <td>
                  <span class="copy-text-inline">
                    <button data-clipboard-text="&lt;coding&gt;&lt;system value=&quot;http://snomed.info/sct&quot;&gt;&lt;version value=&quot;http://snomed.info/sct/900000000000207008/version/20250201&quot;&gt;&lt;code value=&quot;403153005&quot;&gt;&lt;display value=&quot;Centipede bite&quot;&gt;&lt;/coding&gt;" title="Click to Copy as Coding" class="btn-copy"> </button>
                  </span>
                </td>
              </tr>
              <tr>
                <td>
                  <a name="x-http://snomed.info/sct-403154004"> </a>
                  <code>http://snomed.info/sct</code>
                </td>
                <td style="white-space:nowrap">  
                  <a href="http://snomed.info/id/403154004">403154004</a>
                </td>
                <td>Millipede burn (disorder)</td>
                <td>
                  <span class="copy-text-inline">
                    <button data-clipboard-text="{&quot;system&quot;: &quot;http://snomed.info/sct&quot;, &quot;version&quot;: &quot;http://snomed.info/sct/900000000000207008/version/20250201&quot;, &quot;code&quot;: &quot;403154004&quot;, &quot;display&quot;: &quot;Millipede burn (disorder)&quot;}" title="Click to Copy as Coding" class="btn-copy"> </button>
                  </span>
                </td>
                <td>
                  <span class="copy-text-inline">
                    <button data-clipboard-text="&lt;coding&gt;&lt;system value=&quot;http://snomed.info/sct&quot;&gt;&lt;version value=&quot;http://snomed.info/sct/900000000000207008/version/20250201&quot;&gt;&lt;code value=&quot;403154004&quot;&gt;&lt;display value=&quot;Millipede burn (disorder)&quot;&gt;&lt;/coding&gt;" title="Click to Copy as Coding" class="btn-copy"> </button>
                  </span>
                </td>
              </tr>
              <tr>
                <td>
                  <a name="x-http://snomed.info/sct-403155003"> </a>
                  <code>http://snomed.info/sct</code>
                </td>
                <td style="white-space:nowrap">  
                  <a href="http://snomed.info/id/403155003">403155003</a>
                </td>
                <td>Dermatosis caused by Echinoidea (disorder)</td>
                <td>
                  <span class="copy-text-inline">
                    <button data-clipboard-text="{&quot;system&quot;: &quot;http://snomed.info/sct&quot;, &quot;version&quot;: &quot;http://snomed.info/sct/900000000000207008/version/20250201&quot;, &quot;code&quot;: &quot;403155003&quot;, &quot;display&quot;: &quot;Dermatosis caused by Echinoidea (disorder)&quot;}" title="Click to Copy as Coding" class="btn-copy"> </button>
                  </span>
                </td>
                <td>
                  <span class="copy-text-inline">
                    <button data-clipboard-text="&lt;coding&gt;&lt;system value=&quot;http://snomed.info/sct&quot;&gt;&lt;version value=&quot;http://snomed.info/sct/900000000000207008/version/20250201&quot;&gt;&lt;code value=&quot;403155003&quot;&gt;&lt;display value=&quot;Dermatosis caused by Echinoidea (disorder)&quot;&gt;&lt;/coding&gt;" title="Click to Copy as Coding" class="btn-copy"> </button>
                  </span>
                </td>
              </tr>
              <tr>
                <td>
                  <a name="x-http://snomed.info/sct-403156002"> </a>
                  <code>http://snomed.info/sct</code>
                </td>
                <td style="white-space:nowrap">  
                  <a href="http://snomed.info/id/403156002">403156002</a>
                </td>
                <td>Dermatosis caused by Coelenterata</td>
                <td>
                  <span class="copy-text-inline">
                    <button data-clipboard-text="{&quot;system&quot;: &quot;http://snomed.info/sct&quot;, &quot;version&quot;: &quot;http://snomed.info/sct/900000000000207008/version/20250201&quot;, &quot;code&quot;: &quot;403156002&quot;, &quot;display&quot;: &quot;Dermatosis caused by Coelenterata&quot;}" title="Click to Copy as Coding" class="btn-copy"> </button>
                  </span>
                </td>
                <td>
                  <span class="copy-text-inline">
                    <button data-clipboard-text="&lt;coding&gt;&lt;system value=&quot;http://snomed.info/sct&quot;&gt;&lt;version value=&quot;http://snomed.info/sct/900000000000207008/version/20250201&quot;&gt;&lt;code value=&quot;403156002&quot;&gt;&lt;display value=&quot;Dermatosis caused by Coelenterata&quot;&gt;&lt;/coding&gt;" title="Click to Copy as Coding" class="btn-copy"> </button>
                  </span>
                </td>
              </tr>
              <tr>
                <td>
                  <a name="x-http://snomed.info/sct-403157006"> </a>
                  <code>http://snomed.info/sct</code>
                </td>
                <td style="white-space:nowrap">  
                  <a href="http://snomed.info/id/403157006">403157006</a>
                </td>
                <td>Fire coral dermatitis (disorder)</td>
                <td>
                  <span class="copy-text-inline">
                    <button data-clipboard-text="{&quot;system&quot;: &quot;http://snomed.info/sct&quot;, &quot;version&quot;: &quot;http://snomed.info/sct/900000000000207008/version/20250201&quot;, &quot;code&quot;: &quot;403157006&quot;, &quot;display&quot;: &quot;Fire coral dermatitis (disorder)&quot;}" title="Click to Copy as Coding" class="btn-copy"> </button>
                  </span>
                </td>
                <td>
                  <span class="copy-text-inline">
                    <button data-clipboard-text="&lt;coding&gt;&lt;system value=&quot;http://snomed.info/sct&quot;&gt;&lt;version value=&quot;http://snomed.info/sct/900000000000207008/version/20250201&quot;&gt;&lt;code value=&quot;403157006&quot;&gt;&lt;display value=&quot;Fire coral dermatitis (disorder)&quot;&gt;&lt;/coding&gt;" title="Click to Copy as Coding" class="btn-copy"> </button>
                  </span>
                </td>
              </tr>
              <tr>
                <td>
                  <a name="x-http://snomed.info/sct-403158001"> </a>
                  <code>http://snomed.info/sct</code>
                </td>
                <td style="white-space:nowrap">  
                  <a href="http://snomed.info/id/403158001">403158001</a>
                </td>
                <td>Sea mat dermatitis</td>
                <td>
                  <span class="copy-text-inline">
                    <button data-clipboard-text="{&quot;system&quot;: &quot;http://snomed.info/sct&quot;, &quot;version&quot;: &quot;http://snomed.info/sct/900000000000207008/version/20250201&quot;, &quot;code&quot;: &quot;403158001&quot;, &quot;display&quot;: &quot;Sea mat dermatitis&quot;}" title="Click to Copy as Coding" class="btn-copy"> </button>
                  </span>
                </td>
                <td>
                  <span class="copy-text-inline">
                    <button data-clipboard-text="&lt;coding&gt;&lt;system value=&quot;http://snomed.info/sct&quot;&gt;&lt;version value=&quot;http://snomed.info/sct/900000000000207008/version/20250201&quot;&gt;&lt;code value=&quot;403158001&quot;&gt;&lt;display value=&quot;Sea mat dermatitis&quot;&gt;&lt;/coding&gt;" title="Click to Copy as Coding" class="btn-copy"> </button>
                  </span>
                </td>
              </tr>
            </table>
          </div>
        </text>
        <url value="https://clinyqai.github.io/open-nursing-core-ig/ValueSet/skintone-vs"/>
        <version value="1.0.0"/>
        <name value="SkinToneVS"/>
        <title value="Fitzpatrick Skin Tone Value Set"/>
        <status value="active"/>
        <experimental value="false"/>
        <date value="2025-12-25T23:47:50+00:00"/>
        <expansion>
          <identifier value="urn:uuid:a4148ae3-bfdf-4497-9814-55dcfc316bad"/>
          <timestamp value="2025-12-25T23:49:19+00:00"/>
          <total value="6"/>
          <offset value="0"/>
          <parameter>
            <name value="displayLanguage"/>
            <valueCode value="en"/>
          </parameter>
          <parameter>
            <name value="count"/>
            <valueInteger value="1000"/>
          </parameter>
          <parameter>
            <name value="offset"/>
            <valueInteger value="0"/>
          </parameter>
          <parameter>
            <name value="excludeNested"/>
            <valueBoolean value="false"/>
          </parameter>
          <parameter>
            <name value="used-valueset"/>
            <valueUri value="null"/>
          </parameter>
          <parameter>
            <name value="used-codesystem"/>
            <valueUri value="http://snomed.info/sct|http://snomed.info/sct/900000000000207008/version/20250201"/>
          </parameter>
          <contains>
            <system value="http://snomed.info/sct"/>
            <code value="403153005"/>
            <display value="Centipede bite"/>
          </contains>
          <contains>
            <system value="http://snomed.info/sct"/>
            <code value="403154004"/>
            <display value="Millipede burn (disorder)"/>
          </contains>
          <contains>
            <system value="http://snomed.info/sct"/>
            <code value="403155003"/>
            <display value="Dermatosis caused by Echinoidea (disorder)"/>
          </contains>
          <contains>
            <system value="http://snomed.info/sct"/>
            <code value="403156002"/>
            <display value="Dermatosis caused by Coelenterata"/>
          </contains>
          <contains>
            <system value="http://snomed.info/sct"/>
            <code value="403157006"/>
            <display value="Fire coral dermatitis (disorder)"/>
          </contains>
          <contains>
            <system value="http://snomed.info/sct"/>
            <code value="403158001"/>
            <display value="Sea mat dermatitis"/>
          </contains>
        </expansion>
      </ValueSet>
    </resource>
  </entry>
  <entry>
    <fullUrl value="https://clinyqai.github.io/open-nursing-core-ig/ValueSet/wound-stage-vs"/>
    <resource>
      <ValueSet>
        <text>
          <status value="generated"/>
          <div xmlns="http://www.w3.org/1999/xhtml" data-fhir="generated">
            <p class="res-header-id"/>
            <p style="border: black 1px dotted; background-color: #EEEEEE; padding: 8px; margin-bottom: 8px">Expansion from tx.fhir.org based on SNOMED CT International edition 01-Feb 2025
              <span class="copy-text-inline">
                <button data-clipboard-text="http://snomed.info/sct|http://snomed.info/sct/900000000000207008/version/20250201" title="Click to Copy URL" class="btn-copy"> </button>
              </span>
            </p>
            <p>This value set contains 4 concepts</p>
            <table class="codes" data-fhir="generated">
              <tr>
                <td>
                  <b>System</b>
                </td>
                <td style="white-space:nowrap">
                  <b>Code</b>
                </td>
                <td>
                  <b>Display (en)</b>
                </td>
                <td>
                  <b>Inactive</b>
                </td>
                <td>
                  <b>
                    <a href="http://hl7.org/fhir/concept-properties#status">status</a>
                  </b>
                </td>
                <td>
                  <b>JSON</b>
                </td>
                <td>
                  <b>XML</b>
                </td>
              </tr>
              <tr>
                <td>
                  <a name="x-http://snomed.info/sct-421257003"> </a>
                  <code>http://snomed.info/sct</code>
                </td>
                <td style="white-space:nowrap">  
                  <a href="http://snomed.info/id/421257003">421257003</a>
                </td>
                <td>Insert - dosing instruction imperative (qualifier value)</td>
                <td/>
                <td/>
                <td>
                  <span class="copy-text-inline">
                    <button data-clipboard-text="{&quot;system&quot;: &quot;http://snomed.info/sct&quot;, &quot;version&quot;: &quot;http://snomed.info/sct/900000000000207008/version/20250201&quot;, &quot;code&quot;: &quot;421257003&quot;, &quot;display&quot;: &quot;Insert - dosing instruction imperative (qualifier value)&quot;}" title="Click to Copy as Coding" class="btn-copy"> </button>
                  </span>
                </td>
                <td>
                  <span class="copy-text-inline">
                    <button data-clipboard-text="&lt;coding&gt;&lt;system value=&quot;http://snomed.info/sct&quot;&gt;&lt;version value=&quot;http://snomed.info/sct/900000000000207008/version/20250201&quot;&gt;&lt;code value=&quot;421257003&quot;&gt;&lt;display value=&quot;Insert - dosing instruction imperative (qualifier value)&quot;&gt;&lt;/coding&gt;" title="Click to Copy as Coding" class="btn-copy"> </button>
                  </span>
                </td>
              </tr>
              <tr>
                <td>
                  <a name="x-http://snomed.info/sct-420324007"> </a>
                  <code>http://snomed.info/sct</code>
                </td>
                <td style="white-space:nowrap">  
                  <a href="http://snomed.info/id/420324007">420324007</a>
                </td>
                <td>Pressure ulcer stage 2 (disorder)</td>
                <td>inactive</td>
                <td>inactive</td>
                <td>
                  <span class="copy-text-inline">
                    <button data-clipboard-text="{&quot;system&quot;: &quot;http://snomed.info/sct&quot;, &quot;version&quot;: &quot;http://snomed.info/sct/900000000000207008/version/20250201&quot;, &quot;code&quot;: &quot;420324007&quot;, &quot;display&quot;: &quot;Pressure ulcer stage 2 (disorder)&quot;}" title="Click to Copy as Coding" class="btn-copy"> </button>
                  </span>
                </td>
                <td>
                  <span class="copy-text-inline">
                    <button data-clipboard-text="&lt;coding&gt;&lt;system value=&quot;http://snomed.info/sct&quot;&gt;&lt;version value=&quot;http://snomed.info/sct/900000000000207008/version/20250201&quot;&gt;&lt;code value=&quot;420324007&quot;&gt;&lt;display value=&quot;Pressure ulcer stage 2 (disorder)&quot;&gt;&lt;/coding&gt;" title="Click to Copy as Coding" class="btn-copy"> </button>
                  </span>
                </td>
              </tr>
              <tr>
                <td>
                  <a name="x-http://snomed.info/sct-421076008"> </a>
                  <code>http://snomed.info/sct</code>
                </td>
                <td style="white-space:nowrap">  
                  <a href="http://snomed.info/id/421076008">421076008</a>
                </td>
                <td>Pressure ulcer stage 1 (disorder)</td>
                <td>inactive</td>
                <td>inactive</td>
                <td>
                  <span class="copy-text-inline">
                    <button data-clipboard-text="{&quot;system&quot;: &quot;http://snomed.info/sct&quot;, &quot;version&quot;: &quot;http://snomed.info/sct/900000000000207008/version/20250201&quot;, &quot;code&quot;: &quot;421076008&quot;, &quot;display&quot;: &quot;Pressure ulcer stage 1 (disorder)&quot;}" title="Click to Copy as Coding" class="btn-copy"> </button>
                  </span>
                </td>
                <td>
                  <span class="copy-text-inline">
                    <button data-clipboard-text="&lt;coding&gt;&lt;system value=&quot;http://snomed.info/sct&quot;&gt;&lt;version value=&quot;http://snomed.info/sct/900000000000207008/version/20250201&quot;&gt;&lt;code value=&quot;421076008&quot;&gt;&lt;display value=&quot;Pressure ulcer stage 1 (disorder)&quot;&gt;&lt;/coding&gt;" title="Click to Copy as Coding" class="btn-copy"> </button>
                  </span>
                </td>
              </tr>
              <tr>
                <td>
                  <a name="x-http://snomed.info/sct-723071003"> </a>
                  <code>http://snomed.info/sct</code>
                </td>
                <td style="white-space:nowrap">  
                  <a href="http://snomed.info/id/723071003">723071003</a>
                </td>
                <td>Pressure injury of deep tissue (disorder)</td>
                <td/>
                <td/>
                <td>
                  <span class="copy-text-inline">
                    <button data-clipboard-text="{&quot;system&quot;: &quot;http://snomed.info/sct&quot;, &quot;version&quot;: &quot;http://snomed.info/sct/900000000000207008/version/20250201&quot;, &quot;code&quot;: &quot;723071003&quot;, &quot;display&quot;: &quot;Pressure injury of deep tissue (disorder)&quot;}" title="Click to Copy as Coding" class="btn-copy"> </button>
                  </span>
                </td>
                <td>
                  <span class="copy-text-inline">
                    <button data-clipboard-text="&lt;coding&gt;&lt;system value=&quot;http://snomed.info/sct&quot;&gt;&lt;version value=&quot;http://snomed.info/sct/900000000000207008/version/20250201&quot;&gt;&lt;code value=&quot;723071003&quot;&gt;&lt;display value=&quot;Pressure injury of deep tissue (disorder)&quot;&gt;&lt;/coding&gt;" title="Click to Copy as Coding" class="btn-copy"> </button>
                  </span>
                </td>
              </tr>
            </table>
          </div>
        </text>
        <url value="https://clinyqai.github.io/open-nursing-core-ig/ValueSet/wound-stage-vs"/>
        <version value="1.0.0"/>
        <name value="WoundStageValueSet"/>
        <title value="Wound Stage Value Set"/>
        <status value="active"/>
        <date value="2025-12-25T23:47:50+00:00"/>
        <expansion>
          <identifier value="urn:uuid:2d31d29c-0552-4d3f-ab3f-2923e7f28e8c"/>
          <timestamp value="2025-12-25T23:49:20+00:00"/>
          <total value="4"/>
          <offset value="0"/>
          <parameter>
            <name value="displayLanguage"/>
            <valueCode value="en"/>
          </parameter>
          <parameter>
            <name value="count"/>
            <valueInteger value="1000"/>
          </parameter>
          <parameter>
            <name value="offset"/>
            <valueInteger value="0"/>
          </parameter>
          <parameter>
            <name value="excludeNested"/>
            <valueBoolean value="false"/>
          </parameter>
          <parameter>
            <name value="used-valueset"/>
            <valueUri value="null"/>
          </parameter>
          <parameter>
            <name value="used-codesystem"/>
            <valueUri value="http://snomed.info/sct|http://snomed.info/sct/900000000000207008/version/20250201"/>
          </parameter>
          <property>
            <code value="status"/>
            <uri value="http://hl7.org/fhir/concept-properties#status"/>
          </property>
          <contains>
            <system value="http://snomed.info/sct"/>
            <code value="421257003"/>
            <display value="Insert - dosing instruction imperative (qualifier value)"/>
          </contains>
          <contains>
            <system value="http://snomed.info/sct"/>
            <inactive value="true"/>
            <code value="420324007"/>
            <display value="Pressure ulcer stage 2 (disorder)"/>
            <property>
              <code value="status"/>
              <valueCode value="inactive"/>
            </property>
          </contains>
          <contains>
            <system value="http://snomed.info/sct"/>
            <inactive value="true"/>
            <code value="421076008"/>
            <display value="Pressure ulcer stage 1 (disorder)"/>
            <property>
              <code value="status"/>
              <valueCode value="inactive"/>
            </property>
          </contains>
          <contains>
            <system value="http://snomed.info/sct"/>
            <code value="723071003"/>
            <display value="Pressure injury of deep tissue (disorder)"/>
          </contains>
        </expansion>
      </ValueSet>
    </resource>
  </entry>
</Bundle>