<?xml version="1.0" encoding="UTF-8"?>

<Bundle xmlns="http://hl7.org/fhir">
  <id value="7544d79e-8dc7-4441-83f2-d28f5202c1c9"/>
  <meta>
    <lastUpdated value="2025-12-25T10:44:58.269+00:00"/>
  </meta>
  <type value="collection"/>
  <entry>
    <fullUrl value="https://clinyqai.github.io/open-nursing-core-ig/ValueSet/goal-evaluation-valueset"/>
    <resource>
      <ValueSet>
        <text>
          <status value="generated"/>
          <div xmlns="http://www.w3.org/1999/xhtml" data-fhir="generated">
            <p class="res-header-id"/>
            <p style="border: black 1px dotted; background-color: #EEEEEE; padding: 8px; margin-bottom: 8px">Expansion from tx.fhir.org based on SNOMED CT International edition 01-Feb 2025
              <span class="copy-text-inline">
                <button data-clipboard-text="http://snomed.info/sct|http://snomed.info/sct/900000000000207008/version/20250201" title="Click to Copy URL" class="btn-copy"> </button>
              </span>
            </p>
            <p>This value set contains 3 concepts</p>
            <table class="codes" data-fhir="generated">
              <tr>
                <td>
                  <b>System</b>
                </td>
                <td style="white-space:nowrap">
                  <b>Code</b>
                </td>
                <td>
                  <b>Display (en)</b>
                </td>
                <td>
                  <b>Inactive</b>
                </td>
                <td>
                  <b>
                    <a href="http://hl7.org/fhir/concept-properties#status">status</a>
                  </b>
                </td>
                <td>
                  <b>JSON</b>
                </td>
                <td>
                  <b>XML</b>
                </td>
              </tr>
              <tr>
                <td>
                  <a name="x-http://snomed.info/sct-385633008"> </a>
                  <code>http://snomed.info/sct</code>
                </td>
                <td style="white-space:nowrap">  
                  <a href="http://snomed.info/id/385633008">385633008</a>
                </td>
                <td>Improving (qualifier value)</td>
                <td/>
                <td/>
                <td>
                  <span class="copy-text-inline">
                    <button data-clipboard-text="{&quot;system&quot;: &quot;http://snomed.info/sct&quot;, &quot;version&quot;: &quot;http://snomed.info/sct/900000000000207008/version/20250201&quot;, &quot;code&quot;: &quot;385633008&quot;, &quot;display&quot;: &quot;Improving (qualifier value)&quot;}" title="Click to Copy as Coding" class="btn-copy"> </button>
                  </span>
                </td>
                <td>
                  <span class="copy-text-inline">
                    <button data-clipboard-text="&lt;coding&gt;&lt;system value=&quot;http://snomed.info/sct&quot;&gt;&lt;version value=&quot;http://snomed.info/sct/900000000000207008/version/20250201&quot;&gt;&lt;code value=&quot;385633008&quot;&gt;&lt;display value=&quot;Improving (qualifier value)&quot;&gt;&lt;/coding&gt;" title="Click to Copy as Coding" class="btn-copy"> </button>
                  </span>
                </td>
              </tr>
              <tr>
                <td>
                  <a name="x-http://snomed.info/sct-385634002"> </a>
                  <code>http://snomed.info/sct</code>
                </td>
                <td style="white-space:nowrap">  
                  <a href="http://snomed.info/id/385634002">385634002</a>
                </td>
                <td>Change patterns (qualifier value)</td>
                <td/>
                <td/>
                <td>
                  <span class="copy-text-inline">
                    <button data-clipboard-text="{&quot;system&quot;: &quot;http://snomed.info/sct&quot;, &quot;version&quot;: &quot;http://snomed.info/sct/900000000000207008/version/20250201&quot;, &quot;code&quot;: &quot;385634002&quot;, &quot;display&quot;: &quot;Change patterns (qualifier value)&quot;}" title="Click to Copy as Coding" class="btn-copy"> </button>
                  </span>
                </td>
                <td>
                  <span class="copy-text-inline">
                    <button data-clipboard-text="&lt;coding&gt;&lt;system value=&quot;http://snomed.info/sct&quot;&gt;&lt;version value=&quot;http://snomed.info/sct/900000000000207008/version/20250201&quot;&gt;&lt;code value=&quot;385634002&quot;&gt;&lt;display value=&quot;Change patterns (qualifier value)&quot;&gt;&lt;/coding&gt;" title="Click to Copy as Coding" class="btn-copy"> </button>
                  </span>
                </td>
              </tr>
              <tr>
                <td>
                  <a name="x-http://snomed.info/sct-118222006"> </a>
                  <code>http://snomed.info/sct</code>
                </td>
                <td style="white-space:nowrap">  
                  <a href="http://snomed.info/id/118222006">118222006</a>
                </td>
                <td>General finding of observation of patient</td>
                <td>inactive</td>
                <td>inactive</td>
                <td>
                  <span class="copy-text-inline">
                    <button data-clipboard-text="{&quot;system&quot;: &quot;http://snomed.info/sct&quot;, &quot;version&quot;: &quot;http://snomed.info/sct/900000000000207008/version/20250201&quot;, &quot;code&quot;: &quot;118222006&quot;, &quot;display&quot;: &quot;General finding of observation of patient&quot;}" title="Click to Copy as Coding" class="btn-copy"> </button>
                  </span>
                </td>
                <td>
                  <span class="copy-text-inline">
                    <button data-clipboard-text="&lt;coding&gt;&lt;system value=&quot;http://snomed.info/sct&quot;&gt;&lt;version value=&quot;http://snomed.info/sct/900000000000207008/version/20250201&quot;&gt;&lt;code value=&quot;118222006&quot;&gt;&lt;display value=&quot;General finding of observation of patient&quot;&gt;&lt;/coding&gt;" title="Click to Copy as Coding" class="btn-copy"> </button>
                  </span>
                </td>
              </tr>
            </table>
          </div>
        </text>
        <url value="https://clinyqai.github.io/open-nursing-core-ig/ValueSet/goal-evaluation-valueset"/>
        <version value="1.0.0"/>
        <name value="GoalEvaluationValueSet"/>
        <title value="Goal Evaluation Value Set"/>
        <status value="active"/>
        <experimental value="false"/>
        <date value="2025-12-25T10:44:58+00:00"/>
        <expansion>
          <identifier value="urn:uuid:12f132bb-a0c5-4b06-b38d-43b0f86f7a3e"/>
          <timestamp value="2025-12-25T10:45:53+00:00"/>
          <total value="3"/>
          <offset value="0"/>
          <parameter>
            <name value="displayLanguage"/>
            <valueCode value="en"/>
          </parameter>
          <parameter>
            <name value="count"/>
            <valueInteger value="1000"/>
          </parameter>
          <parameter>
            <name value="offset"/>
            <valueInteger value="0"/>
          </parameter>
          <parameter>
            <name value="excludeNested"/>
            <valueBoolean value="false"/>
          </parameter>
          <parameter>
            <name value="used-valueset"/>
            <valueUri value="null"/>
          </parameter>
          <parameter>
            <name value="used-codesystem"/>
            <valueUri value="http://snomed.info/sct|http://snomed.info/sct/900000000000207008/version/20250201"/>
          </parameter>
          <property>
            <code value="status"/>
            <uri value="http://hl7.org/fhir/concept-properties#status"/>
          </property>
          <contains>
            <system value="http://snomed.info/sct"/>
            <code value="385633008"/>
            <display value="Improving (qualifier value)"/>
          </contains>
          <contains>
            <system value="http://snomed.info/sct"/>
            <code value="385634002"/>
            <display value="Change patterns (qualifier value)"/>
          </contains>
          <contains>
            <system value="http://snomed.info/sct"/>
            <inactive value="true"/>
            <code value="118222006"/>
            <display value="General finding of observation of patient"/>
            <property>
              <code value="status"/>
              <valueCode value="inactive"/>
            </property>
          </contains>
        </expansion>
      </ValueSet>
    </resource>
  </entry>
  <entry>
    <fullUrl value="https://clinyqai.github.io/open-nursing-core-ig/ValueSet/housing-status-vs"/>
    <resource>
      <ValueSet>
        <text>
          <status value="generated"/>
          <div xmlns="http://www.w3.org/1999/xhtml" data-fhir="generated">
            <p class="res-header-id"/>
            <p style="border: black 1px dotted; background-color: #EEEEEE; padding: 8px; margin-bottom: 8px">Expansion from tx.fhir.org based on SNOMED CT International edition 01-Feb 2025
              <span class="copy-text-inline">
                <button data-clipboard-text="http://snomed.info/sct|http://snomed.info/sct/900000000000207008/version/20250201" title="Click to Copy URL" class="btn-copy"> </button>
              </span>
            </p>
            <p>This value set contains 2 concepts</p>
            <table class="codes" data-fhir="generated">
              <tr>
                <td>
                  <b>System</b>
                </td>
                <td style="white-space:nowrap">
                  <b>Code</b>
                </td>
                <td>
                  <b>Display (en)</b>
                </td>
                <td>
                  <b>JSON</b>
                </td>
                <td>
                  <b>XML</b>
                </td>
              </tr>
              <tr>
                <td>
                  <a name="x-http://snomed.info/sct-266935003"> </a>
                  <code>http://snomed.info/sct</code>
                </td>
                <td style="white-space:nowrap">  
                  <a href="http://snomed.info/id/266935003">266935003</a>
                </td>
                <td>Housing lack</td>
                <td>
                  <span class="copy-text-inline">
                    <button data-clipboard-text="{&quot;system&quot;: &quot;http://snomed.info/sct&quot;, &quot;version&quot;: &quot;http://snomed.info/sct/900000000000207008/version/20250201&quot;, &quot;code&quot;: &quot;266935003&quot;, &quot;display&quot;: &quot;Housing lack&quot;}" title="Click to Copy as Coding" class="btn-copy"> </button>
                  </span>
                </td>
                <td>
                  <span class="copy-text-inline">
                    <button data-clipboard-text="&lt;coding&gt;&lt;system value=&quot;http://snomed.info/sct&quot;&gt;&lt;version value=&quot;http://snomed.info/sct/900000000000207008/version/20250201&quot;&gt;&lt;code value=&quot;266935003&quot;&gt;&lt;display value=&quot;Housing lack&quot;&gt;&lt;/coding&gt;" title="Click to Copy as Coding" class="btn-copy"> </button>
                  </span>
                </td>
              </tr>
              <tr>
                <td>
                  <a name="x-http://snomed.info/sct-224224003"> </a>
                  <code>http://snomed.info/sct</code>
                </td>
                <td style="white-space:nowrap">  
                  <a href="http://snomed.info/id/224224003">224224003</a>
                </td>
                <td>Lives in staffed home</td>
                <td>
                  <span class="copy-text-inline">
                    <button data-clipboard-text="{&quot;system&quot;: &quot;http://snomed.info/sct&quot;, &quot;version&quot;: &quot;http://snomed.info/sct/900000000000207008/version/20250201&quot;, &quot;code&quot;: &quot;224224003&quot;, &quot;display&quot;: &quot;Lives in staffed home&quot;}" title="Click to Copy as Coding" class="btn-copy"> </button>
                  </span>
                </td>
                <td>
                  <span class="copy-text-inline">
                    <button data-clipboard-text="&lt;coding&gt;&lt;system value=&quot;http://snomed.info/sct&quot;&gt;&lt;version value=&quot;http://snomed.info/sct/900000000000207008/version/20250201&quot;&gt;&lt;code value=&quot;224224003&quot;&gt;&lt;display value=&quot;Lives in staffed home&quot;&gt;&lt;/coding&gt;" title="Click to Copy as Coding" class="btn-copy"> </button>
                  </span>
                </td>
              </tr>
            </table>
          </div>
        </text>
        <url value="https://clinyqai.github.io/open-nursing-core-ig/ValueSet/housing-status-vs"/>
        <version value="1.0.0"/>
        <name value="HousingStatusVS"/>
        <title value="Housing Status Value Set"/>
        <status value="active"/>
        <experimental value="false"/>
        <date value="2025-12-25T10:44:58+00:00"/>
        <expansion>
          <identifier value="urn:uuid:5936f44c-7272-4d8d-94df-6a9e329b275b"/>
          <timestamp value="2025-12-25T10:45:56+00:00"/>
          <total value="2"/>
          <offset value="0"/>
          <parameter>
            <name value="displayLanguage"/>
            <valueCode value="en"/>
          </parameter>
          <parameter>
            <name value="count"/>
            <valueInteger value="1000"/>
          </parameter>
          <parameter>
            <name value="offset"/>
            <valueInteger value="0"/>
          </parameter>
          <parameter>
            <name value="excludeNested"/>
            <valueBoolean value="false"/>
          </parameter>
          <parameter>
            <name value="used-valueset"/>
            <valueUri value="null"/>
          </parameter>
          <parameter>
            <name value="used-codesystem"/>
            <valueUri value="http://snomed.info/sct|http://snomed.info/sct/900000000000207008/version/20250201"/>
          </parameter>
          <contains>
            <system value="http://snomed.info/sct"/>
            <code value="266935003"/>
            <display value="Housing lack"/>
          </contains>
          <contains>
            <system value="http://snomed.info/sct"/>
            <code value="224224003"/>
            <display value="Lives in staffed home"/>
          </contains>
        </expansion>
      </ValueSet>
    </resource>
  </entry>
  <entry>
    <fullUrl value="https://clinyqai.github.io/open-nursing-core-ig/ValueSet/nursing-intervention-valueset"/>
    <resource>
      <ValueSet>
        <text>
          <status value="generated"/>
          <div xmlns="http://www.w3.org/1999/xhtml" data-fhir="generated">
            <p class="res-header-id"/>
            <p style="border: black 1px dotted; background-color: #EEEEEE; padding: 8px; margin-bottom: 8px">Expansion from tx.fhir.org based on SNOMED CT International edition 01-Feb 2025
              <span class="copy-text-inline">
                <button data-clipboard-text="http://snomed.info/sct|http://snomed.info/sct/900000000000207008/version/20250201" title="Click to Copy URL" class="btn-copy"> </button>
              </span>
            </p>
            <p>This value set contains 3 concepts</p>
            <table class="codes" data-fhir="generated">
              <tr>
                <td>
                  <b>System</b>
                </td>
                <td style="white-space:nowrap">
                  <b>Code</b>
                </td>
                <td>
                  <b>Display (en)</b>
                </td>
                <td>
                  <b>JSON</b>
                </td>
                <td>
                  <b>XML</b>
                </td>
              </tr>
              <tr>
                <td>
                  <a name="x-http://snomed.info/sct-71388002"> </a>
                  <code>http://snomed.info/sct</code>
                </td>
                <td style="white-space:nowrap">  
                  <a href="http://snomed.info/id/71388002">71388002</a>
                </td>
                <td>Procedure</td>
                <td>
                  <span class="copy-text-inline">
                    <button data-clipboard-text="{&quot;system&quot;: &quot;http://snomed.info/sct&quot;, &quot;version&quot;: &quot;http://snomed.info/sct/900000000000207008/version/20250201&quot;, &quot;code&quot;: &quot;71388002&quot;, &quot;display&quot;: &quot;Procedure&quot;}" title="Click to Copy as Coding" class="btn-copy"> </button>
                  </span>
                </td>
                <td>
                  <span class="copy-text-inline">
                    <button data-clipboard-text="&lt;coding&gt;&lt;system value=&quot;http://snomed.info/sct&quot;&gt;&lt;version value=&quot;http://snomed.info/sct/900000000000207008/version/20250201&quot;&gt;&lt;code value=&quot;71388002&quot;&gt;&lt;display value=&quot;Procedure&quot;&gt;&lt;/coding&gt;" title="Click to Copy as Coding" class="btn-copy"> </button>
                  </span>
                </td>
              </tr>
              <tr>
                <td>
                  <a name="x-http://snomed.info/sct-225358003"> </a>
                  <code>http://snomed.info/sct</code>
                </td>
                <td style="white-space:nowrap">  
                  <a href="http://snomed.info/id/225358003">225358003</a>
                </td>
                <td>Wound care</td>
                <td>
                  <span class="copy-text-inline">
                    <button data-clipboard-text="{&quot;system&quot;: &quot;http://snomed.info/sct&quot;, &quot;version&quot;: &quot;http://snomed.info/sct/900000000000207008/version/20250201&quot;, &quot;code&quot;: &quot;225358003&quot;, &quot;display&quot;: &quot;Wound care&quot;}" title="Click to Copy as Coding" class="btn-copy"> </button>
                  </span>
                </td>
                <td>
                  <span class="copy-text-inline">
                    <button data-clipboard-text="&lt;coding&gt;&lt;system value=&quot;http://snomed.info/sct&quot;&gt;&lt;version value=&quot;http://snomed.info/sct/900000000000207008/version/20250201&quot;&gt;&lt;code value=&quot;225358003&quot;&gt;&lt;display value=&quot;Wound care&quot;&gt;&lt;/coding&gt;" title="Click to Copy as Coding" class="btn-copy"> </button>
                  </span>
                </td>
              </tr>
              <tr>
                <td>
                  <a name="x-http://snomed.info/sct-386373004"> </a>
                  <code>http://snomed.info/sct</code>
                </td>
                <td style="white-space:nowrap">  
                  <a href="http://snomed.info/id/386373004">386373004</a>
                </td>
                <td>Nutrition therapy (regime/therapy)</td>
                <td>
                  <span class="copy-text-inline">
                    <button data-clipboard-text="{&quot;system&quot;: &quot;http://snomed.info/sct&quot;, &quot;version&quot;: &quot;http://snomed.info/sct/900000000000207008/version/20250201&quot;, &quot;code&quot;: &quot;386373004&quot;, &quot;display&quot;: &quot;Nutrition therapy (regime/therapy)&quot;}" title="Click to Copy as Coding" class="btn-copy"> </button>
                  </span>
                </td>
                <td>
                  <span class="copy-text-inline">
                    <button data-clipboard-text="&lt;coding&gt;&lt;system value=&quot;http://snomed.info/sct&quot;&gt;&lt;version value=&quot;http://snomed.info/sct/900000000000207008/version/20250201&quot;&gt;&lt;code value=&quot;386373004&quot;&gt;&lt;display value=&quot;Nutrition therapy (regime/therapy)&quot;&gt;&lt;/coding&gt;" title="Click to Copy as Coding" class="btn-copy"> </button>
                  </span>
                </td>
              </tr>
            </table>
          </div>
        </text>
        <url value="https://clinyqai.github.io/open-nursing-core-ig/ValueSet/nursing-intervention-valueset"/>
        <version value="1.0.0"/>
        <name value="NursingInterventionValueSet"/>
        <title value="Nursing Intervention Value Set"/>
        <status value="active"/>
        <experimental value="false"/>
        <date value="2025-12-25T10:44:58+00:00"/>
        <expansion>
          <identifier value="urn:uuid:6154c556-ac84-4a79-b2f9-fd575421ae5e"/>
          <timestamp value="2025-12-25T10:45:56+00:00"/>
          <total value="3"/>
          <offset value="0"/>
          <parameter>
            <name value="displayLanguage"/>
            <valueCode value="en"/>
          </parameter>
          <parameter>
            <name value="count"/>
            <valueInteger value="1000"/>
          </parameter>
          <parameter>
            <name value="offset"/>
            <valueInteger value="0"/>
          </parameter>
          <parameter>
            <name value="excludeNested"/>
            <valueBoolean value="false"/>
          </parameter>
          <parameter>
            <name value="used-valueset"/>
            <valueUri value="null"/>
          </parameter>
          <parameter>
            <name value="used-codesystem"/>
            <valueUri value="http://snomed.info/sct|http://snomed.info/sct/900000000000207008/version/20250201"/>
          </parameter>
          <contains>
            <system value="http://snomed.info/sct"/>
            <code value="71388002"/>
            <display value="Procedure"/>
          </contains>
          <contains>
            <system value="http://snomed.info/sct"/>
            <code value="225358003"/>
            <display value="Wound care"/>
          </contains>
          <contains>
            <system value="http://snomed.info/sct"/>
            <code value="386373004"/>
            <display value="Nutrition therapy (regime/therapy)"/>
          </contains>
        </expansion>
      </ValueSet>
    </resource>
  </entry>
  <entry>
    <fullUrl value="https://clinyqai.github.io/open-nursing-core-ig/ValueSet/nursing-problem-valueset"/>
    <resource>
      <ValueSet>
        <text>
          <status value="generated"/>
          <div xmlns="http://www.w3.org/1999/xhtml" data-fhir="generated">
            <p class="res-header-id"/>
            <p style="border: black 1px dotted; background-color: #EEEEEE; padding: 8px; margin-bottom: 8px">Expansion from tx.fhir.org based on SNOMED CT International edition 01-Feb 2025
              <span class="copy-text-inline">
                <button data-clipboard-text="http://snomed.info/sct|http://snomed.info/sct/900000000000207008/version/20250201" title="Click to Copy URL" class="btn-copy"> </button>
              </span>
            </p>
            <p>This value set contains 3 concepts</p>
            <table class="codes" data-fhir="generated">
              <tr>
                <td>
                  <b>System</b>
                </td>
                <td style="white-space:nowrap">
                  <b>Code</b>
                </td>
                <td>
                  <b>Display (en)</b>
                </td>
                <td>
                  <b>JSON</b>
                </td>
                <td>
                  <b>XML</b>
                </td>
              </tr>
              <tr>
                <td>
                  <a name="x-http://snomed.info/sct-129839007"> </a>
                  <code>http://snomed.info/sct</code>
                </td>
                <td style="white-space:nowrap">  
                  <a href="http://snomed.info/id/129839007">129839007</a>
                </td>
                <td>At risk for falls</td>
                <td>
                  <span class="copy-text-inline">
                    <button data-clipboard-text="{&quot;system&quot;: &quot;http://snomed.info/sct&quot;, &quot;version&quot;: &quot;http://snomed.info/sct/900000000000207008/version/20250201&quot;, &quot;code&quot;: &quot;129839007&quot;, &quot;display&quot;: &quot;At risk for falls&quot;}" title="Click to Copy as Coding" class="btn-copy"> </button>
                  </span>
                </td>
                <td>
                  <span class="copy-text-inline">
                    <button data-clipboard-text="&lt;coding&gt;&lt;system value=&quot;http://snomed.info/sct&quot;&gt;&lt;version value=&quot;http://snomed.info/sct/900000000000207008/version/20250201&quot;&gt;&lt;code value=&quot;129839007&quot;&gt;&lt;display value=&quot;At risk for falls&quot;&gt;&lt;/coding&gt;" title="Click to Copy as Coding" class="btn-copy"> </button>
                  </span>
                </td>
              </tr>
              <tr>
                <td>
                  <a name="x-http://snomed.info/sct-300893006"> </a>
                  <code>http://snomed.info/sct</code>
                </td>
                <td style="white-space:nowrap">  
                  <a href="http://snomed.info/id/300893006">300893006</a>
                </td>
                <td>Nutritional finding</td>
                <td>
                  <span class="copy-text-inline">
                    <button data-clipboard-text="{&quot;system&quot;: &quot;http://snomed.info/sct&quot;, &quot;version&quot;: &quot;http://snomed.info/sct/900000000000207008/version/20250201&quot;, &quot;code&quot;: &quot;300893006&quot;, &quot;display&quot;: &quot;Nutritional finding&quot;}" title="Click to Copy as Coding" class="btn-copy"> </button>
                  </span>
                </td>
                <td>
                  <span class="copy-text-inline">
                    <button data-clipboard-text="&lt;coding&gt;&lt;system value=&quot;http://snomed.info/sct&quot;&gt;&lt;version value=&quot;http://snomed.info/sct/900000000000207008/version/20250201&quot;&gt;&lt;code value=&quot;300893006&quot;&gt;&lt;display value=&quot;Nutritional finding&quot;&gt;&lt;/coding&gt;" title="Click to Copy as Coding" class="btn-copy"> </button>
                  </span>
                </td>
              </tr>
              <tr>
                <td>
                  <a name="x-http://snomed.info/sct-22253000"> </a>
                  <code>http://snomed.info/sct</code>
                </td>
                <td style="white-space:nowrap">  
                  <a href="http://snomed.info/id/22253000">22253000</a>
                </td>
                <td>Pain</td>
                <td>
                  <span class="copy-text-inline">
                    <button data-clipboard-text="{&quot;system&quot;: &quot;http://snomed.info/sct&quot;, &quot;version&quot;: &quot;http://snomed.info/sct/900000000000207008/version/20250201&quot;, &quot;code&quot;: &quot;22253000&quot;, &quot;display&quot;: &quot;Pain&quot;}" title="Click to Copy as Coding" class="btn-copy"> </button>
                  </span>
                </td>
                <td>
                  <span class="copy-text-inline">
                    <button data-clipboard-text="&lt;coding&gt;&lt;system value=&quot;http://snomed.info/sct&quot;&gt;&lt;version value=&quot;http://snomed.info/sct/900000000000207008/version/20250201&quot;&gt;&lt;code value=&quot;22253000&quot;&gt;&lt;display value=&quot;Pain&quot;&gt;&lt;/coding&gt;" title="Click to Copy as Coding" class="btn-copy"> </button>
                  </span>
                </td>
              </tr>
            </table>
          </div>
        </text>
        <url value="https://clinyqai.github.io/open-nursing-core-ig/ValueSet/nursing-problem-valueset"/>
        <version value="1.0.0"/>
        <name value="NursingProblemValueSet"/>
        <title value="Nursing Problem Value Set"/>
        <status value="active"/>
        <experimental value="false"/>
        <date value="2025-12-25T10:44:58+00:00"/>
        <expansion>
          <identifier value="urn:uuid:d9076f20-81d7-4063-ad7f-d7990c98ddbf"/>
          <timestamp value="2025-12-25T10:45:55+00:00"/>
          <total value="3"/>
          <offset value="0"/>
          <parameter>
            <name value="displayLanguage"/>
            <valueCode value="en"/>
          </parameter>
          <parameter>
            <name value="count"/>
            <valueInteger value="1000"/>
          </parameter>
          <parameter>
            <name value="offset"/>
            <valueInteger value="0"/>
          </parameter>
          <parameter>
            <name value="excludeNested"/>
            <valueBoolean value="false"/>
          </parameter>
          <parameter>
            <name value="used-valueset"/>
            <valueUri value="null"/>
          </parameter>
          <parameter>
            <name value="used-codesystem"/>
            <valueUri value="http://snomed.info/sct|http://snomed.info/sct/900000000000207008/version/20250201"/>
          </parameter>
          <contains>
            <system value="http://snomed.info/sct"/>
            <code value="129839007"/>
            <display value="At risk for falls"/>
          </contains>
          <contains>
            <system value="http://snomed.info/sct"/>
            <code value="300893006"/>
            <display value="Nutritional finding"/>
          </contains>
          <contains>
            <system value="http://snomed.info/sct"/>
            <code value="22253000"/>
            <display value="Pain"/>
          </contains>
        </expansion>
      </ValueSet>
    </resource>
  </entry>
  <entry>
    <fullUrl value="https://clinyqai.github.io/open-nursing-core-ig/ValueSet/onc-monk-scale-vs"/>
    <resource>
      <ValueSet>
        <text>
          <status value="generated"/>
          <div xmlns="http://www.w3.org/1999/xhtml" data-fhir="generated">
            <p class="res-header-id"/>
            <p style="border: black 1px dotted; background-color: #EEEEEE; padding: 8px; margin-bottom: 8px">Expansion performed internally based on 
              <a href="CodeSystem-onc-monk-scale.html">codesystem Monk Skin Tone Scale CodeSystem v1.0.0 (CodeSystem)</a>
              <span class="copy-text-inline">
                <button data-clipboard-text="https://clinyqai.github.io/open-nursing-core-ig/CodeSystem/onc-monk-scale|1.0.0" title="Click to Copy URL" class="btn-copy"> </button>
              </span>
            </p>
            <p>This value set contains 10 concepts</p>
            <table class="codes" data-fhir="generated">
              <tr>
                <td>
                  <b>System</b>
                </td>
                <td style="white-space:nowrap">
                  <b>Code</b>
                </td>
                <td>
                  <b>Display (en)</b>
                </td>
                <td>
                  <b>JSON</b>
                </td>
                <td>
                  <b>XML</b>
                </td>
              </tr>
              <tr>
                <td>
                  <a name="x-https://clinyqai.github.io/open-nursing-core-ig/CodeSystem/onc-monk-scale-A"> </a>
                  <code>https://clinyqai.github.io/open-nursing-core-ig/CodeSystem/onc-monk-scale</code>
                </td>
                <td style="white-space:nowrap">  
                  <a href="CodeSystem-onc-monk-scale.html#onc-monk-scale-A">A</a>
                </td>
                <td>Light Skin</td>
                <td>
                  <span class="copy-text-inline">
                    <button data-clipboard-text="{&quot;system&quot;: &quot;https://clinyqai.github.io/open-nursing-core-ig/CodeSystem/onc-monk-scale&quot;, &quot;version&quot;: &quot;1.0.0&quot;, &quot;code&quot;: &quot;A&quot;, &quot;display&quot;: &quot;Light Skin&quot;}" title="Click to Copy as Coding" class="btn-copy"> </button>
                  </span>
                </td>
                <td>
                  <span class="copy-text-inline">
                    <button data-clipboard-text="&lt;coding&gt;&lt;system value=&quot;https://clinyqai.github.io/open-nursing-core-ig/CodeSystem/onc-monk-scale&quot;&gt;&lt;version value=&quot;1.0.0&quot;&gt;&lt;code value=&quot;A&quot;&gt;&lt;display value=&quot;Light Skin&quot;&gt;&lt;/coding&gt;" title="Click to Copy as Coding" class="btn-copy"> </button>
                  </span>
                </td>
              </tr>
              <tr>
                <td>
                  <a name="x-https://clinyqai.github.io/open-nursing-core-ig/CodeSystem/onc-monk-scale-B"> </a>
                  <code>https://clinyqai.github.io/open-nursing-core-ig/CodeSystem/onc-monk-scale</code>
                </td>
                <td style="white-space:nowrap">  
                  <a href="CodeSystem-onc-monk-scale.html#onc-monk-scale-B">B</a>
                </td>
                <td>Light-Medium Skin</td>
                <td>
                  <span class="copy-text-inline">
                    <button data-clipboard-text="{&quot;system&quot;: &quot;https://clinyqai.github.io/open-nursing-core-ig/CodeSystem/onc-monk-scale&quot;, &quot;version&quot;: &quot;1.0.0&quot;, &quot;code&quot;: &quot;B&quot;, &quot;display&quot;: &quot;Light-Medium Skin&quot;}" title="Click to Copy as Coding" class="btn-copy"> </button>
                  </span>
                </td>
                <td>
                  <span class="copy-text-inline">
                    <button data-clipboard-text="&lt;coding&gt;&lt;system value=&quot;https://clinyqai.github.io/open-nursing-core-ig/CodeSystem/onc-monk-scale&quot;&gt;&lt;version value=&quot;1.0.0&quot;&gt;&lt;code value=&quot;B&quot;&gt;&lt;display value=&quot;Light-Medium Skin&quot;&gt;&lt;/coding&gt;" title="Click to Copy as Coding" class="btn-copy"> </button>
                  </span>
                </td>
              </tr>
              <tr>
                <td>
                  <a name="x-https://clinyqai.github.io/open-nursing-core-ig/CodeSystem/onc-monk-scale-C"> </a>
                  <code>https://clinyqai.github.io/open-nursing-core-ig/CodeSystem/onc-monk-scale</code>
                </td>
                <td style="white-space:nowrap">  
                  <a href="CodeSystem-onc-monk-scale.html#onc-monk-scale-C">C</a>
                </td>
                <td>Medium Skin</td>
                <td>
                  <span class="copy-text-inline">
                    <button data-clipboard-text="{&quot;system&quot;: &quot;https://clinyqai.github.io/open-nursing-core-ig/CodeSystem/onc-monk-scale&quot;, &quot;version&quot;: &quot;1.0.0&quot;, &quot;code&quot;: &quot;C&quot;, &quot;display&quot;: &quot;Medium Skin&quot;}" title="Click to Copy as Coding" class="btn-copy"> </button>
                  </span>
                </td>
                <td>
                  <span class="copy-text-inline">
                    <button data-clipboard-text="&lt;coding&gt;&lt;system value=&quot;https://clinyqai.github.io/open-nursing-core-ig/CodeSystem/onc-monk-scale&quot;&gt;&lt;version value=&quot;1.0.0&quot;&gt;&lt;code value=&quot;C&quot;&gt;&lt;display value=&quot;Medium Skin&quot;&gt;&lt;/coding&gt;" title="Click to Copy as Coding" class="btn-copy"> </button>
                  </span>
                </td>
              </tr>
              <tr>
                <td>
                  <a name="x-https://clinyqai.github.io/open-nursing-core-ig/CodeSystem/onc-monk-scale-D"> </a>
                  <code>https://clinyqai.github.io/open-nursing-core-ig/CodeSystem/onc-monk-scale</code>
                </td>
                <td style="white-space:nowrap">  
                  <a href="CodeSystem-onc-monk-scale.html#onc-monk-scale-D">D</a>
                </td>
                <td>Medium-Dark Skin</td>
                <td>
                  <span class="copy-text-inline">
                    <button data-clipboard-text="{&quot;system&quot;: &quot;https://clinyqai.github.io/open-nursing-core-ig/CodeSystem/onc-monk-scale&quot;, &quot;version&quot;: &quot;1.0.0&quot;, &quot;code&quot;: &quot;D&quot;, &quot;display&quot;: &quot;Medium-Dark Skin&quot;}" title="Click to Copy as Coding" class="btn-copy"> </button>
                  </span>
                </td>
                <td>
                  <span class="copy-text-inline">
                    <button data-clipboard-text="&lt;coding&gt;&lt;system value=&quot;https://clinyqai.github.io/open-nursing-core-ig/CodeSystem/onc-monk-scale&quot;&gt;&lt;version value=&quot;1.0.0&quot;&gt;&lt;code value=&quot;D&quot;&gt;&lt;display value=&quot;Medium-Dark Skin&quot;&gt;&lt;/coding&gt;" title="Click to Copy as Coding" class="btn-copy"> </button>
                  </span>
                </td>
              </tr>
              <tr>
                <td>
                  <a name="x-https://clinyqai.github.io/open-nursing-core-ig/CodeSystem/onc-monk-scale-E"> </a>
                  <code>https://clinyqai.github.io/open-nursing-core-ig/CodeSystem/onc-monk-scale</code>
                </td>
                <td style="white-space:nowrap">  
                  <a href="CodeSystem-onc-monk-scale.html#onc-monk-scale-E">E</a>
                </td>
                <td>Dark Skin</td>
                <td>
                  <span class="copy-text-inline">
                    <button data-clipboard-text="{&quot;system&quot;: &quot;https://clinyqai.github.io/open-nursing-core-ig/CodeSystem/onc-monk-scale&quot;, &quot;version&quot;: &quot;1.0.0&quot;, &quot;code&quot;: &quot;E&quot;, &quot;display&quot;: &quot;Dark Skin&quot;}" title="Click to Copy as Coding" class="btn-copy"> </button>
                  </span>
                </td>
                <td>
                  <span class="copy-text-inline">
                    <button data-clipboard-text="&lt;coding&gt;&lt;system value=&quot;https://clinyqai.github.io/open-nursing-core-ig/CodeSystem/onc-monk-scale&quot;&gt;&lt;version value=&quot;1.0.0&quot;&gt;&lt;code value=&quot;E&quot;&gt;&lt;display value=&quot;Dark Skin&quot;&gt;&lt;/coding&gt;" title="Click to Copy as Coding" class="btn-copy"> </button>
                  </span>
                </td>
              </tr>
              <tr>
                <td>
                  <a name="x-https://clinyqai.github.io/open-nursing-core-ig/CodeSystem/onc-monk-scale-F"> </a>
                  <code>https://clinyqai.github.io/open-nursing-core-ig/CodeSystem/onc-monk-scale</code>
                </td>
                <td style="white-space:nowrap">  
                  <a href="CodeSystem-onc-monk-scale.html#onc-monk-scale-F">F</a>
                </td>
                <td>Deep Dark Skin</td>
                <td>
                  <span class="copy-text-inline">
                    <button data-clipboard-text="{&quot;system&quot;: &quot;https://clinyqai.github.io/open-nursing-core-ig/CodeSystem/onc-monk-scale&quot;, &quot;version&quot;: &quot;1.0.0&quot;, &quot;code&quot;: &quot;F&quot;, &quot;display&quot;: &quot;Deep Dark Skin&quot;}" title="Click to Copy as Coding" class="btn-copy"> </button>
                  </span>
                </td>
                <td>
                  <span class="copy-text-inline">
                    <button data-clipboard-text="&lt;coding&gt;&lt;system value=&quot;https://clinyqai.github.io/open-nursing-core-ig/CodeSystem/onc-monk-scale&quot;&gt;&lt;version value=&quot;1.0.0&quot;&gt;&lt;code value=&quot;F&quot;&gt;&lt;display value=&quot;Deep Dark Skin&quot;&gt;&lt;/coding&gt;" title="Click to Copy as Coding" class="btn-copy"> </button>
                  </span>
                </td>
              </tr>
              <tr>
                <td>
                  <a name="x-https://clinyqai.github.io/open-nursing-core-ig/CodeSystem/onc-monk-scale-G"> </a>
                  <code>https://clinyqai.github.io/open-nursing-core-ig/CodeSystem/onc-monk-scale</code>
                </td>
                <td style="white-space:nowrap">  
                  <a href="CodeSystem-onc-monk-scale.html#onc-monk-scale-G">G</a>
                </td>
                <td>Very Dark Skin</td>
                <td>
                  <span class="copy-text-inline">
                    <button data-clipboard-text="{&quot;system&quot;: &quot;https://clinyqai.github.io/open-nursing-core-ig/CodeSystem/onc-monk-scale&quot;, &quot;version&quot;: &quot;1.0.0&quot;, &quot;code&quot;: &quot;G&quot;, &quot;display&quot;: &quot;Very Dark Skin&quot;}" title="Click to Copy as Coding" class="btn-copy"> </button>
                  </span>
                </td>
                <td>
                  <span class="copy-text-inline">
                    <button data-clipboard-text="&lt;coding&gt;&lt;system value=&quot;https://clinyqai.github.io/open-nursing-core-ig/CodeSystem/onc-monk-scale&quot;&gt;&lt;version value=&quot;1.0.0&quot;&gt;&lt;code value=&quot;G&quot;&gt;&lt;display value=&quot;Very Dark Skin&quot;&gt;&lt;/coding&gt;" title="Click to Copy as Coding" class="btn-copy"> </button>
                  </span>
                </td>
              </tr>
              <tr>
                <td>
                  <a name="x-https://clinyqai.github.io/open-nursing-core-ig/CodeSystem/onc-monk-scale-H"> </a>
                  <code>https://clinyqai.github.io/open-nursing-core-ig/CodeSystem/onc-monk-scale</code>
                </td>
                <td style="white-space:nowrap">  
                  <a href="CodeSystem-onc-monk-scale.html#onc-monk-scale-H">H</a>
                </td>
                <td>Deepest Dark Skin</td>
                <td>
                  <span class="copy-text-inline">
                    <button data-clipboard-text="{&quot;system&quot;: &quot;https://clinyqai.github.io/open-nursing-core-ig/CodeSystem/onc-monk-scale&quot;, &quot;version&quot;: &quot;1.0.0&quot;, &quot;code&quot;: &quot;H&quot;, &quot;display&quot;: &quot;Deepest Dark Skin&quot;}" title="Click to Copy as Coding" class="btn-copy"> </button>
                  </span>
                </td>
                <td>
                  <span class="copy-text-inline">
                    <button data-clipboard-text="&lt;coding&gt;&lt;system value=&quot;https://clinyqai.github.io/open-nursing-core-ig/CodeSystem/onc-monk-scale&quot;&gt;&lt;version value=&quot;1.0.0&quot;&gt;&lt;code value=&quot;H&quot;&gt;&lt;display value=&quot;Deepest Dark Skin&quot;&gt;&lt;/coding&gt;" title="Click to Copy as Coding" class="btn-copy"> </button>
                  </span>
                </td>
              </tr>
              <tr>
                <td>
                  <a name="x-https://clinyqai.github.io/open-nursing-core-ig/CodeSystem/onc-monk-scale-I"> </a>
                  <code>https://clinyqai.github.io/open-nursing-core-ig/CodeSystem/onc-monk-scale</code>
                </td>
                <td style="white-space:nowrap">  
                  <a href="CodeSystem-onc-monk-scale.html#onc-monk-scale-I">I</a>
                </td>
                <td>Ultra Dark Skin</td>
                <td>
                  <span class="copy-text-inline">
                    <button data-clipboard-text="{&quot;system&quot;: &quot;https://clinyqai.github.io/open-nursing-core-ig/CodeSystem/onc-monk-scale&quot;, &quot;version&quot;: &quot;1.0.0&quot;, &quot;code&quot;: &quot;I&quot;, &quot;display&quot;: &quot;Ultra Dark Skin&quot;}" title="Click to Copy as Coding" class="btn-copy"> </button>
                  </span>
                </td>
                <td>
                  <span class="copy-text-inline">
                    <button data-clipboard-text="&lt;coding&gt;&lt;system value=&quot;https://clinyqai.github.io/open-nursing-core-ig/CodeSystem/onc-monk-scale&quot;&gt;&lt;version value=&quot;1.0.0&quot;&gt;&lt;code value=&quot;I&quot;&gt;&lt;display value=&quot;Ultra Dark Skin&quot;&gt;&lt;/coding&gt;" title="Click to Copy as Coding" class="btn-copy"> </button>
                  </span>
                </td>
              </tr>
              <tr>
                <td>
                  <a name="x-https://clinyqai.github.io/open-nursing-core-ig/CodeSystem/onc-monk-scale-J"> </a>
                  <code>https://clinyqai.github.io/open-nursing-core-ig/CodeSystem/onc-monk-scale</code>
                </td>
                <td style="white-space:nowrap">  
                  <a href="CodeSystem-onc-monk-scale.html#onc-monk-scale-J">J</a>
                </td>
                <td>Black Skin</td>
                <td>
                  <span class="copy-text-inline">
                    <button data-clipboard-text="{&quot;system&quot;: &quot;https://clinyqai.github.io/open-nursing-core-ig/CodeSystem/onc-monk-scale&quot;, &quot;version&quot;: &quot;1.0.0&quot;, &quot;code&quot;: &quot;J&quot;, &quot;display&quot;: &quot;Black Skin&quot;}" title="Click to Copy as Coding" class="btn-copy"> </button>
                  </span>
                </td>
                <td>
                  <span class="copy-text-inline">
                    <button data-clipboard-text="&lt;coding&gt;&lt;system value=&quot;https://clinyqai.github.io/open-nursing-core-ig/CodeSystem/onc-monk-scale&quot;&gt;&lt;version value=&quot;1.0.0&quot;&gt;&lt;code value=&quot;J&quot;&gt;&lt;display value=&quot;Black Skin&quot;&gt;&lt;/coding&gt;" title="Click to Copy as Coding" class="btn-copy"> </button>
                  </span>
                </td>
              </tr>
            </table>
          </div>
        </text>
        <url value="https://clinyqai.github.io/open-nursing-core-ig/ValueSet/onc-monk-scale-vs"/>
        <version value="1.0.0"/>
        <name value="ONCMonkScaleVS"/>
        <title value="Monk Skin Tone Scale ValueSet"/>
        <status value="active"/>
        <date value="2025-12-25T10:44:58+00:00"/>
        <expansion>
          <identifier value="urn:uuid:92925c26-d525-481e-b416-539089e90d1b"/>
          <timestamp value="2025-12-25T10:45:54+00:00"/>
          <total value="10"/>
          <offset value="0"/>
          <parameter>
            <name value="displayLanguage"/>
            <valueCode value="en"/>
          </parameter>
          <parameter>
            <name value="count"/>
            <valueInteger value="1000"/>
          </parameter>
          <parameter>
            <name value="offset"/>
            <valueInteger value="0"/>
          </parameter>
          <parameter>
            <name value="excludeNested"/>
            <valueBoolean value="false"/>
          </parameter>
          <parameter>
            <name value="used-codesystem"/>
            <valueUri value="https://clinyqai.github.io/open-nursing-core-ig/CodeSystem/onc-monk-scale|1.0.0"/>
          </parameter>
          <contains>
            <system value="https://clinyqai.github.io/open-nursing-core-ig/CodeSystem/onc-monk-scale"/>
            <code value="A"/>
            <display value="Light Skin"/>
          </contains>
          <contains>
            <system value="https://clinyqai.github.io/open-nursing-core-ig/CodeSystem/onc-monk-scale"/>
            <code value="B"/>
            <display value="Light-Medium Skin"/>
          </contains>
          <contains>
            <system value="https://clinyqai.github.io/open-nursing-core-ig/CodeSystem/onc-monk-scale"/>
            <code value="C"/>
            <display value="Medium Skin"/>
          </contains>
          <contains>
            <system value="https://clinyqai.github.io/open-nursing-core-ig/CodeSystem/onc-monk-scale"/>
            <code value="D"/>
            <display value="Medium-Dark Skin"/>
          </contains>
          <contains>
            <system value="https://clinyqai.github.io/open-nursing-core-ig/CodeSystem/onc-monk-scale"/>
            <code value="E"/>
            <display value="Dark Skin"/>
          </contains>
          <contains>
            <system value="https://clinyqai.github.io/open-nursing-core-ig/CodeSystem/onc-monk-scale"/>
            <code value="F"/>
            <display value="Deep Dark Skin"/>
          </contains>
          <contains>
            <system value="https://clinyqai.github.io/open-nursing-core-ig/CodeSystem/onc-monk-scale"/>
            <code value="G"/>
            <display value="Very Dark Skin"/>
          </contains>
          <contains>
            <system value="https://clinyqai.github.io/open-nursing-core-ig/CodeSystem/onc-monk-scale"/>
            <code value="H"/>
            <display value="Deepest Dark Skin"/>
          </contains>
          <contains>
            <system value="https://clinyqai.github.io/open-nursing-core-ig/CodeSystem/onc-monk-scale"/>
            <code value="I"/>
            <display value="Ultra Dark Skin"/>
          </contains>
          <contains>
            <system value="https://clinyqai.github.io/open-nursing-core-ig/CodeSystem/onc-monk-scale"/>
            <code value="J"/>
            <display value="Black Skin"/>
          </contains>
        </expansion>
      </ValueSet>
    </resource>
  </entry>
  <entry>
    <fullUrl value="https://clinyqai.github.io/open-nursing-core-ig/ValueSet/problem-category-valueset"/>
    <resource>
      <ValueSet>
        <text>
          <status value="generated"/>
          <div xmlns="http://www.w3.org/1999/xhtml" data-fhir="generated">
            <p class="res-header-id"/>
            <p style="border: black 1px dotted; background-color: #EEEEEE; padding: 8px; margin-bottom: 8px">Expansion performed internally based on 
              <a href="CodeSystem-onc-problem-type.html">codesystem Problem Type CodeSystem v1.0.0 (CodeSystem)</a>
              <span class="copy-text-inline">
                <button data-clipboard-text="http://open-nursing-core.org/CodeSystem/onc-problem-type|1.0.0" title="Click to Copy URL" class="btn-copy"> </button>
              </span>
            </p>
            <p>This value set contains 3 concepts</p>
            <table class="codes" data-fhir="generated">
              <tr>
                <td>
                  <b>System</b>
                </td>
                <td style="white-space:nowrap">
                  <b>Code</b>
                </td>
                <td>
                  <b>Display (en)</b>
                </td>
                <td>
                  <b>Definition</b>
                </td>
                <td>
                  <b>JSON</b>
                </td>
                <td>
                  <b>XML</b>
                </td>
              </tr>
              <tr>
                <td>
                  <a name="x-http://open-nursing-core.org/CodeSystem/onc-problem-type-nursing-diagnosis"> </a>
                  <code>http://open-nursing-core.org/CodeSystem/onc-problem-type</code>
                </td>
                <td style="white-space:nowrap">  
                  <a href="CodeSystem-onc-problem-type.html#onc-problem-type-nursing-diagnosis">nursing-diagnosis</a>
                </td>
                <td>Nursing Diagnosis</td>
                <td>A clinical judgment about individual, family, or community responses to actual or potential health problems</td>
                <td>
                  <span class="copy-text-inline">
                    <button data-clipboard-text="{&quot;system&quot;: &quot;http://open-nursing-core.org/CodeSystem/onc-problem-type&quot;, &quot;version&quot;: &quot;1.0.0&quot;, &quot;code&quot;: &quot;nursing-diagnosis&quot;, &quot;display&quot;: &quot;Nursing Diagnosis&quot;}" title="Click to Copy as Coding" class="btn-copy"> </button>
                  </span>
                </td>
                <td>
                  <span class="copy-text-inline">
                    <button data-clipboard-text="&lt;coding&gt;&lt;system value=&quot;http://open-nursing-core.org/CodeSystem/onc-problem-type&quot;&gt;&lt;version value=&quot;1.0.0&quot;&gt;&lt;code value=&quot;nursing-diagnosis&quot;&gt;&lt;display value=&quot;Nursing Diagnosis&quot;&gt;&lt;/coding&gt;" title="Click to Copy as Coding" class="btn-copy"> </button>
                  </span>
                </td>
              </tr>
              <tr>
                <td>
                  <a name="x-http://open-nursing-core.org/CodeSystem/onc-problem-type-risk-diagnosis"> </a>
                  <code>http://open-nursing-core.org/CodeSystem/onc-problem-type</code>
                </td>
                <td style="white-space:nowrap">  
                  <a href="CodeSystem-onc-problem-type.html#onc-problem-type-risk-diagnosis">risk-diagnosis</a>
                </td>
                <td>Risk Diagnosis</td>
                <td>A clinical judgment about an individual's vulnerability to developing an undesirable health condition</td>
                <td>
                  <span class="copy-text-inline">
                    <button data-clipboard-text="{&quot;system&quot;: &quot;http://open-nursing-core.org/CodeSystem/onc-problem-type&quot;, &quot;version&quot;: &quot;1.0.0&quot;, &quot;code&quot;: &quot;risk-diagnosis&quot;, &quot;display&quot;: &quot;Risk Diagnosis&quot;}" title="Click to Copy as Coding" class="btn-copy"> </button>
                  </span>
                </td>
                <td>
                  <span class="copy-text-inline">
                    <button data-clipboard-text="&lt;coding&gt;&lt;system value=&quot;http://open-nursing-core.org/CodeSystem/onc-problem-type&quot;&gt;&lt;version value=&quot;1.0.0&quot;&gt;&lt;code value=&quot;risk-diagnosis&quot;&gt;&lt;display value=&quot;Risk Diagnosis&quot;&gt;&lt;/coding&gt;" title="Click to Copy as Coding" class="btn-copy"> </button>
                  </span>
                </td>
              </tr>
              <tr>
                <td>
                  <a name="x-http://open-nursing-core.org/CodeSystem/onc-problem-type-health-promotion"> </a>
                  <code>http://open-nursing-core.org/CodeSystem/onc-problem-type</code>
                </td>
                <td style="white-space:nowrap">  
                  <a href="CodeSystem-onc-problem-type.html#onc-problem-type-health-promotion">health-promotion</a>
                </td>
                <td>Health Promotion Diagnosis</td>
                <td>A clinical judgment about motivation to increase wellbeing</td>
                <td>
                  <span class="copy-text-inline">
                    <button data-clipboard-text="{&quot;system&quot;: &quot;http://open-nursing-core.org/CodeSystem/onc-problem-type&quot;, &quot;version&quot;: &quot;1.0.0&quot;, &quot;code&quot;: &quot;health-promotion&quot;, &quot;display&quot;: &quot;Health Promotion Diagnosis&quot;}" title="Click to Copy as Coding" class="btn-copy"> </button>
                  </span>
                </td>
                <td>
                  <span class="copy-text-inline">
                    <button data-clipboard-text="&lt;coding&gt;&lt;system value=&quot;http://open-nursing-core.org/CodeSystem/onc-problem-type&quot;&gt;&lt;version value=&quot;1.0.0&quot;&gt;&lt;code value=&quot;health-promotion&quot;&gt;&lt;display value=&quot;Health Promotion Diagnosis&quot;&gt;&lt;/coding&gt;" title="Click to Copy as Coding" class="btn-copy"> </button>
                  </span>
                </td>
              </tr>
            </table>
          </div>
        </text>
        <url value="https://clinyqai.github.io/open-nursing-core-ig/ValueSet/problem-category-valueset"/>
        <version value="1.0.0"/>
        <name value="ProblemCategoryValueSet"/>
        <title value="Problem Category Value Set"/>
        <status value="active"/>
        <experimental value="false"/>
        <date value="2025-12-25T10:44:58+00:00"/>
        <expansion>
          <identifier value="urn:uuid:90d6350c-fefe-4d90-859f-c65f94c7f072"/>
          <timestamp value="2025-12-25T10:45:55+00:00"/>
          <total value="3"/>
          <offset value="0"/>
          <parameter>
            <name value="displayLanguage"/>
            <valueCode value="en"/>
          </parameter>
          <parameter>
            <name value="count"/>
            <valueInteger value="1000"/>
          </parameter>
          <parameter>
            <name value="offset"/>
            <valueInteger value="0"/>
          </parameter>
          <parameter>
            <name value="excludeNested"/>
            <valueBoolean value="false"/>
          </parameter>
          <parameter>
            <name value="used-codesystem"/>
            <valueUri value="http://open-nursing-core.org/CodeSystem/onc-problem-type|1.0.0"/>
          </parameter>
          <contains>
            <system value="http://open-nursing-core.org/CodeSystem/onc-problem-type"/>
            <code value="nursing-diagnosis"/>
            <display value="Nursing Diagnosis"/>
          </contains>
          <contains>
            <system value="http://open-nursing-core.org/CodeSystem/onc-problem-type"/>
            <code value="risk-diagnosis"/>
            <display value="Risk Diagnosis"/>
          </contains>
          <contains>
            <system value="http://open-nursing-core.org/CodeSystem/onc-problem-type"/>
            <code value="health-promotion"/>
            <display value="Health Promotion Diagnosis"/>
          </contains>
        </expansion>
      </ValueSet>
    </resource>
  </entry>
  <entry>
    <fullUrl value="https://clinyqai.github.io/open-nursing-core-ig/ValueSet/skintone-vs"/>
    <resource>
      <ValueSet>
        <text>
          <status value="generated"/>
          <div xmlns="http://www.w3.org/1999/xhtml" data-fhir="generated">
            <p class="res-header-id"/>
            <p style="border: black 1px dotted; background-color: #EEEEEE; padding: 8px; margin-bottom: 8px">Expansion from tx.fhir.org based on SNOMED CT International edition 01-Feb 2025
              <span class="copy-text-inline">
                <button data-clipboard-text="http://snomed.info/sct|http://snomed.info/sct/900000000000207008/version/20250201" title="Click to Copy URL" class="btn-copy"> </button>
              </span>
            </p>
            <p>This value set contains 6 concepts</p>
            <table class="codes" data-fhir="generated">
              <tr>
                <td>
                  <b>System</b>
                </td>
                <td style="white-space:nowrap">
                  <b>Code</b>
                </td>
                <td>
                  <b>Display (en)</b>
                </td>
                <td>
                  <b>JSON</b>
                </td>
                <td>
                  <b>XML</b>
                </td>
              </tr>
              <tr>
                <td>
                  <a name="x-http://snomed.info/sct-403153005"> </a>
                  <code>http://snomed.info/sct</code>
                </td>
                <td style="white-space:nowrap">  
                  <a href="http://snomed.info/id/403153005">403153005</a>
                </td>
                <td>Centipede bite</td>
                <td>
                  <span class="copy-text-inline">
                    <button data-clipboard-text="{&quot;system&quot;: &quot;http://snomed.info/sct&quot;, &quot;version&quot;: &quot;http://snomed.info/sct/900000000000207008/version/20250201&quot;, &quot;code&quot;: &quot;403153005&quot;, &quot;display&quot;: &quot;Centipede bite&quot;}" title="Click to Copy as Coding" class="btn-copy"> </button>
                  </span>
                </td>
                <td>
                  <span class="copy-text-inline">
                    <button data-clipboard-text="&lt;coding&gt;&lt;system value=&quot;http://snomed.info/sct&quot;&gt;&lt;version value=&quot;http://snomed.info/sct/900000000000207008/version/20250201&quot;&gt;&lt;code value=&quot;403153005&quot;&gt;&lt;display value=&quot;Centipede bite&quot;&gt;&lt;/coding&gt;" title="Click to Copy as Coding" class="btn-copy"> </button>
                  </span>
                </td>
              </tr>
              <tr>
                <td>
                  <a name="x-http://snomed.info/sct-403154004"> </a>
                  <code>http://snomed.info/sct</code>
                </td>
                <td style="white-space:nowrap">  
                  <a href="http://snomed.info/id/403154004">403154004</a>
                </td>
                <td>Millipede burn (disorder)</td>
                <td>
                  <span class="copy-text-inline">
                    <button data-clipboard-text="{&quot;system&quot;: &quot;http://snomed.info/sct&quot;, &quot;version&quot;: &quot;http://snomed.info/sct/900000000000207008/version/20250201&quot;, &quot;code&quot;: &quot;403154004&quot;, &quot;display&quot;: &quot;Millipede burn (disorder)&quot;}" title="Click to Copy as Coding" class="btn-copy"> </button>
                  </span>
                </td>
                <td>
                  <span class="copy-text-inline">
                    <button data-clipboard-text="&lt;coding&gt;&lt;system value=&quot;http://snomed.info/sct&quot;&gt;&lt;version value=&quot;http://snomed.info/sct/900000000000207008/version/20250201&quot;&gt;&lt;code value=&quot;403154004&quot;&gt;&lt;display value=&quot;Millipede burn (disorder)&quot;&gt;&lt;/coding&gt;" title="Click to Copy as Coding" class="btn-copy"> </button>
                  </span>
                </td>
              </tr>
              <tr>
                <td>
                  <a name="x-http://snomed.info/sct-403155003"> </a>
                  <code>http://snomed.info/sct</code>
                </td>
                <td style="white-space:nowrap">  
                  <a href="http://snomed.info/id/403155003">403155003</a>
                </td>
                <td>Dermatosis caused by Echinoidea (disorder)</td>
                <td>
                  <span class="copy-text-inline">
                    <button data-clipboard-text="{&quot;system&quot;: &quot;http://snomed.info/sct&quot;, &quot;version&quot;: &quot;http://snomed.info/sct/900000000000207008/version/20250201&quot;, &quot;code&quot;: &quot;403155003&quot;, &quot;display&quot;: &quot;Dermatosis caused by Echinoidea (disorder)&quot;}" title="Click to Copy as Coding" class="btn-copy"> </button>
                  </span>
                </td>
                <td>
                  <span class="copy-text-inline">
                    <button data-clipboard-text="&lt;coding&gt;&lt;system value=&quot;http://snomed.info/sct&quot;&gt;&lt;version value=&quot;http://snomed.info/sct/900000000000207008/version/20250201&quot;&gt;&lt;code value=&quot;403155003&quot;&gt;&lt;display value=&quot;Dermatosis caused by Echinoidea (disorder)&quot;&gt;&lt;/coding&gt;" title="Click to Copy as Coding" class="btn-copy"> </button>
                  </span>
                </td>
              </tr>
              <tr>
                <td>
                  <a name="x-http://snomed.info/sct-403156002"> </a>
                  <code>http://snomed.info/sct</code>
                </td>
                <td style="white-space:nowrap">  
                  <a href="http://snomed.info/id/403156002">403156002</a>
                </td>
                <td>Dermatosis caused by Coelenterata</td>
                <td>
                  <span class="copy-text-inline">
                    <button data-clipboard-text="{&quot;system&quot;: &quot;http://snomed.info/sct&quot;, &quot;version&quot;: &quot;http://snomed.info/sct/900000000000207008/version/20250201&quot;, &quot;code&quot;: &quot;403156002&quot;, &quot;display&quot;: &quot;Dermatosis caused by Coelenterata&quot;}" title="Click to Copy as Coding" class="btn-copy"> </button>
                  </span>
                </td>
                <td>
                  <span class="copy-text-inline">
                    <button data-clipboard-text="&lt;coding&gt;&lt;system value=&quot;http://snomed.info/sct&quot;&gt;&lt;version value=&quot;http://snomed.info/sct/900000000000207008/version/20250201&quot;&gt;&lt;code value=&quot;403156002&quot;&gt;&lt;display value=&quot;Dermatosis caused by Coelenterata&quot;&gt;&lt;/coding&gt;" title="Click to Copy as Coding" class="btn-copy"> </button>
                  </span>
                </td>
              </tr>
              <tr>
                <td>
                  <a name="x-http://snomed.info/sct-403157006"> </a>
                  <code>http://snomed.info/sct</code>
                </td>
                <td style="white-space:nowrap">  
                  <a href="http://snomed.info/id/403157006">403157006</a>
                </td>
                <td>Fire coral dermatitis (disorder)</td>
                <td>
                  <span class="copy-text-inline">
                    <button data-clipboard-text="{&quot;system&quot;: &quot;http://snomed.info/sct&quot;, &quot;version&quot;: &quot;http://snomed.info/sct/900000000000207008/version/20250201&quot;, &quot;code&quot;: &quot;403157006&quot;, &quot;display&quot;: &quot;Fire coral dermatitis (disorder)&quot;}" title="Click to Copy as Coding" class="btn-copy"> </button>
                  </span>
                </td>
                <td>
                  <span class="copy-text-inline">
                    <button data-clipboard-text="&lt;coding&gt;&lt;system value=&quot;http://snomed.info/sct&quot;&gt;&lt;version value=&quot;http://snomed.info/sct/900000000000207008/version/20250201&quot;&gt;&lt;code value=&quot;403157006&quot;&gt;&lt;display value=&quot;Fire coral dermatitis (disorder)&quot;&gt;&lt;/coding&gt;" title="Click to Copy as Coding" class="btn-copy"> </button>
                  </span>
                </td>
              </tr>
              <tr>
                <td>
                  <a name="x-http://snomed.info/sct-403158001"> </a>
                  <code>http://snomed.info/sct</code>
                </td>
                <td style="white-space:nowrap">  
                  <a href="http://snomed.info/id/403158001">403158001</a>
                </td>
                <td>Sea mat dermatitis</td>
                <td>
                  <span class="copy-text-inline">
                    <button data-clipboard-text="{&quot;system&quot;: &quot;http://snomed.info/sct&quot;, &quot;version&quot;: &quot;http://snomed.info/sct/900000000000207008/version/20250201&quot;, &quot;code&quot;: &quot;403158001&quot;, &quot;display&quot;: &quot;Sea mat dermatitis&quot;}" title="Click to Copy as Coding" class="btn-copy"> </button>
                  </span>
                </td>
                <td>
                  <span class="copy-text-inline">
                    <button data-clipboard-text="&lt;coding&gt;&lt;system value=&quot;http://snomed.info/sct&quot;&gt;&lt;version value=&quot;http://snomed.info/sct/900000000000207008/version/20250201&quot;&gt;&lt;code value=&quot;403158001&quot;&gt;&lt;display value=&quot;Sea mat dermatitis&quot;&gt;&lt;/coding&gt;" title="Click to Copy as Coding" class="btn-copy"> </button>
                  </span>
                </td>
              </tr>
            </table>
          </div>
        </text>
        <url value="https://clinyqai.github.io/open-nursing-core-ig/ValueSet/skintone-vs"/>
        <version value="1.0.0"/>
        <name value="SkinToneVS"/>
        <title value="Fitzpatrick Skin Tone Value Set"/>
        <status value="active"/>
        <experimental value="false"/>
        <date value="2025-12-25T10:44:58+00:00"/>
        <expansion>
          <identifier value="urn:uuid:05c15624-bb77-40bc-8878-aa18bdd1a1b3"/>
          <timestamp value="2025-12-25T10:45:56+00:00"/>
          <total value="6"/>
          <offset value="0"/>
          <parameter>
            <name value="displayLanguage"/>
            <valueCode value="en"/>
          </parameter>
          <parameter>
            <name value="count"/>
            <valueInteger value="1000"/>
          </parameter>
          <parameter>
            <name value="offset"/>
            <valueInteger value="0"/>
          </parameter>
          <parameter>
            <name value="excludeNested"/>
            <valueBoolean value="false"/>
          </parameter>
          <parameter>
            <name value="used-valueset"/>
            <valueUri value="null"/>
          </parameter>
          <parameter>
            <name value="used-codesystem"/>
            <valueUri value="http://snomed.info/sct|http://snomed.info/sct/900000000000207008/version/20250201"/>
          </parameter>
          <contains>
            <system value="http://snomed.info/sct"/>
            <code value="403153005"/>
            <display value="Centipede bite"/>
          </contains>
          <contains>
            <system value="http://snomed.info/sct"/>
            <code value="403154004"/>
            <display value="Millipede burn (disorder)"/>
          </contains>
          <contains>
            <system value="http://snomed.info/sct"/>
            <code value="403155003"/>
            <display value="Dermatosis caused by Echinoidea (disorder)"/>
          </contains>
          <contains>
            <system value="http://snomed.info/sct"/>
            <code value="403156002"/>
            <display value="Dermatosis caused by Coelenterata"/>
          </contains>
          <contains>
            <system value="http://snomed.info/sct"/>
            <code value="403157006"/>
            <display value="Fire coral dermatitis (disorder)"/>
          </contains>
          <contains>
            <system value="http://snomed.info/sct"/>
            <code value="403158001"/>
            <display value="Sea mat dermatitis"/>
          </contains>
        </expansion>
      </ValueSet>
    </resource>
  </entry>
</Bundle>