<?xml version="1.0" encoding="UTF-8"?>

<Observation xmlns="http://hl7.org/fhir">
  <id value="example-4at-delirium"/>
  <meta>
    <profile value="https://fhir.clinyq.ai/StructureDefinition/onc-4at-delirium"/>
  </meta>
  <text>
    <status value="generated"/><div xmlns="http://www.w3.org/1999/xhtml"><p class="res-header-id"><b>Generated Narrative: Observation example-4at-delirium</b></p><a name="example-4at-delirium"> </a><a name="hcexample-4at-delirium"> </a><div style="display: inline-block; background-color: #d9e0e7; padding: 6px; margin: 4px; border: 1px solid #8da1b4; border-radius: 5px; line-height: 60%"><p style="margin-bottom: 0px"/><p style="margin-bottom: 0px">Profile: <a href="StructureDefinition-onc-4at-delirium.html">4AT Delirium Assessment</a></p></div><p><b>status</b>: Final</p><p><b>category</b>: <span title="Codes:{http://terminology.hl7.org/CodeSystem/observation-category exam}">Exam</span></p><p><b>code</b>: <span title="Codes:{https://clinyqai.github.io/open-nursing-core-ig/CodeSystem/onc-observation-codes 4at-score}">4AT Delirium Score</span></p><p><b>subject</b>: <a href="Patient-patient-example-jane.html">Jane Doe  Female, DoB Unknown</a></p><p><b>performer</b>: <a href="Practitioner-practitioner-example.html">Practitioner Nightingale </a></p><p><b>value</b>: 5 {score}</p><blockquote><p><b>component</b></p><p><b>code</b>: <span title="Codes:{https://clinyqai.github.io/open-nursing-core-ig/CodeSystem/onc-observation-codes 4at-alertness}">Alertness</span></p><p><b>value</b>: <span title="Codes:{https://clinyqai.github.io/open-nursing-core-ig/CodeSystem/onc-observation-codes 4at-alert-normal}">Normal</span></p></blockquote><blockquote><p><b>component</b></p><p><b>code</b>: <span title="Codes:{https://clinyqai.github.io/open-nursing-core-ig/CodeSystem/onc-observation-codes 4at-amt4}">AMT4 Score</span></p><p><b>value</b>: <span title="Codes:{https://clinyqai.github.io/open-nursing-core-ig/CodeSystem/onc-observation-codes 4at-amt4-1error}">1 Error</span></p></blockquote><blockquote><p><b>component</b></p><p><b>code</b>: <span title="Codes:{https://clinyqai.github.io/open-nursing-core-ig/CodeSystem/onc-observation-codes 4at-attention}">Attention</span></p><p><b>value</b>: <span title="Codes:{https://clinyqai.github.io/open-nursing-core-ig/CodeSystem/onc-observation-codes 4at-attention-gt7}">Months backwards &lt; 7 months correct</span></p></blockquote><blockquote><p><b>component</b></p><p><b>code</b>: <span title="Codes:{https://clinyqai.github.io/open-nursing-core-ig/CodeSystem/onc-observation-codes 4at-acute-change}">Acute Change</span></p><p><b>value</b>: <span title="Codes:{https://clinyqai.github.io/open-nursing-core-ig/CodeSystem/onc-observation-codes 4at-change-no}">No</span></p></blockquote></div>
  </text>
  <status value="final"/>
  <category>
    <coding>
      <system value="http://terminology.hl7.org/CodeSystem/observation-category"/>
      <code value="exam"/>
    </coding>
  </category>
  <code>
    <coding>
      <system value="https://clinyqai.github.io/open-nursing-core-ig/CodeSystem/onc-observation-codes"/>
      <code value="4at-score"/>
    </coding>
  </code>
  <subject>
    <reference value="Patient/patient-example-jane"/>
  </subject>
  <performer>
    <reference value="Practitioner/practitioner-example"/>
  </performer>
  <valueQuantity>
    <value value="5"/>
    <unit value="{score}"/>
  </valueQuantity>
  <component>
    <code>
      <coding>
        <system value="https://clinyqai.github.io/open-nursing-core-ig/CodeSystem/onc-observation-codes"/>
        <code value="4at-alertness"/>
      </coding>
    </code>
    <valueCodeableConcept>
      <coding>
        <system value="https://clinyqai.github.io/open-nursing-core-ig/CodeSystem/onc-observation-codes"/>
        <code value="4at-alert-normal"/>
        <display value="Normal"/>
      </coding>
    </valueCodeableConcept>
  </component>
  <component>
    <code>
      <coding>
        <system value="https://clinyqai.github.io/open-nursing-core-ig/CodeSystem/onc-observation-codes"/>
        <code value="4at-amt4"/>
      </coding>
    </code>
    <valueCodeableConcept>
      <coding>
        <system value="https://clinyqai.github.io/open-nursing-core-ig/CodeSystem/onc-observation-codes"/>
        <code value="4at-amt4-1error"/>
        <display value="1 Error"/>
      </coding>
    </valueCodeableConcept>
  </component>
  <component>
    <code>
      <coding>
        <system value="https://clinyqai.github.io/open-nursing-core-ig/CodeSystem/onc-observation-codes"/>
        <code value="4at-attention"/>
      </coding>
    </code>
    <valueCodeableConcept>
      <coding>
        <system value="https://clinyqai.github.io/open-nursing-core-ig/CodeSystem/onc-observation-codes"/>
        <code value="4at-attention-gt7"/>
        <display value="Months backwards &lt; 7 months correct"/>
      </coding>
    </valueCodeableConcept>
  </component>
  <component>
    <code>
      <coding>
        <system value="https://clinyqai.github.io/open-nursing-core-ig/CodeSystem/onc-observation-codes"/>
        <code value="4at-acute-change"/>
      </coding>
    </code>
    <valueCodeableConcept>
      <coding>
        <system value="https://clinyqai.github.io/open-nursing-core-ig/CodeSystem/onc-observation-codes"/>
        <code value="4at-change-no"/>
        <display value="No"/>
      </coding>
    </valueCodeableConcept>
  </component>
</Observation>