<?xml version="1.0" encoding="UTF-8"?>

<Observation xmlns="http://hl7.org/fhir">
  <id value="observation-braden-scale"/>
  <meta>
    <profile value="https://opennursingcoreig.com/StructureDefinition/onc-braden-scale-assessment"/>
  </meta>
  <text>
    <status value="generated"/><div xmlns="http://www.w3.org/1999/xhtml"><p class="res-header-id"><b>Generated Narrative: Observation observation-braden-scale</b></p><a name="observation-braden-scale"> </a><a name="hcobservation-braden-scale"> </a><div style="display: inline-block; background-color: #d9e0e7; padding: 6px; margin: 4px; border: 1px solid #8da1b4; border-radius: 5px; line-height: 60%"><p style="margin-bottom: 0px"/><p style="margin-bottom: 0px">Profile: <a href="StructureDefinition-onc-braden-scale-assessment.html">Braden Scale Assessment</a></p></div><p><b>status</b>: Final</p><p><b>category</b>: <span title="Codes:{http://terminology.hl7.org/CodeSystem/observation-category survey}">Survey</span></p><p><b>code</b>: <span title="Codes:{https://clinyqai.github.io/open-nursing-core-ig/CodeSystem/onc-observation-codes braden-total-score}">Braden Total Score</span></p><p><b>subject</b>: <a href="Patient-patient-example-jane.html">Jane Doe  Female, DoB Unknown</a></p><p><b>performer</b>: <a href="Practitioner-practitioner-example.html">Practitioner Nightingale </a></p><p><b>value</b>: 18 {score}<span style="background: LightGoldenRodYellow"> (Details: UCUM  code1 = '1')</span></p><p><b>hasMember</b>: <a href="Observation-observation-skin-tone.html">Observation Skin type [Fitzpatrick Classification Scale]</a></p><blockquote><p><b>component</b></p><p><b>code</b>: <span title="Codes:{https://clinyqai.github.io/open-nursing-core-ig/CodeSystem/onc-observation-codes braden-sensory}">Braden Sensory Perception</span></p><p><b>value</b>: 3 {score}<span style="background: LightGoldenRodYellow"> (Details: UCUM  code1 = '1')</span></p></blockquote><blockquote><p><b>component</b></p><p><b>code</b>: <span title="Codes:{https://clinyqai.github.io/open-nursing-core-ig/CodeSystem/onc-observation-codes braden-moisture}">Braden Moisture</span></p><p><b>value</b>: 4 {score}<span style="background: LightGoldenRodYellow"> (Details: UCUM  code1 = '1')</span></p></blockquote><blockquote><p><b>component</b></p><p><b>code</b>: <span title="Codes:{https://clinyqai.github.io/open-nursing-core-ig/CodeSystem/onc-observation-codes braden-activity}">Braden Activity</span></p><p><b>value</b>: 2 {score}<span style="background: LightGoldenRodYellow"> (Details: UCUM  code1 = '1')</span></p></blockquote><blockquote><p><b>component</b></p><p><b>code</b>: <span title="Codes:{https://clinyqai.github.io/open-nursing-core-ig/CodeSystem/onc-observation-codes braden-mobility}">Braden Mobility</span></p><p><b>value</b>: 3 {score}<span style="background: LightGoldenRodYellow"> (Details: UCUM  code1 = '1')</span></p></blockquote><blockquote><p><b>component</b></p><p><b>code</b>: <span title="Codes:{https://clinyqai.github.io/open-nursing-core-ig/CodeSystem/onc-observation-codes braden-nutrition}">Braden Nutrition</span></p><p><b>value</b>: 3 {score}<span style="background: LightGoldenRodYellow"> (Details: UCUM  code1 = '1')</span></p></blockquote><blockquote><p><b>component</b></p><p><b>code</b>: <span title="Codes:{https://clinyqai.github.io/open-nursing-core-ig/CodeSystem/onc-observation-codes braden-friction}">Braden Friction/Shear</span></p><p><b>value</b>: 3 {score}<span style="background: LightGoldenRodYellow"> (Details: UCUM  code1 = '1')</span></p></blockquote></div>
  </text>
  <status value="final"/>
  <category>
    <coding>
      <system value="http://terminology.hl7.org/CodeSystem/observation-category"/>
      <code value="survey"/>
    </coding>
  </category>
  <code>
    <coding>
      <system value="https://clinyqai.github.io/open-nursing-core-ig/CodeSystem/onc-observation-codes"/>
      <code value="braden-total-score"/>
      <display value="Braden Total Score"/>
    </coding>
  </code>
  <subject>
    <reference value="Patient/patient-example-jane"/>
  </subject>
  <performer>
    <reference value="Practitioner/practitioner-example"/>
  </performer>
  <valueQuantity>
    <value value="18"/>
    <unit value="{score}"/>
    <system value="http://unitsofmeasure.org"/>
    <code value="1"/>
  </valueQuantity>
  <hasMember>
    <reference value="Observation/observation-skin-tone"/>
  </hasMember>
  <component>
    <code>
      <coding>
        <system value="https://clinyqai.github.io/open-nursing-core-ig/CodeSystem/onc-observation-codes"/>
        <code value="braden-sensory"/>
        <display value="Braden Sensory Perception"/>
      </coding>
    </code>
    <valueQuantity>
      <value value="3"/>
      <unit value="{score}"/>
      <system value="http://unitsofmeasure.org"/>
      <code value="1"/>
    </valueQuantity>
  </component>
  <component>
    <code>
      <coding>
        <system value="https://clinyqai.github.io/open-nursing-core-ig/CodeSystem/onc-observation-codes"/>
        <code value="braden-moisture"/>
        <display value="Braden Moisture"/>
      </coding>
    </code>
    <valueQuantity>
      <value value="4"/>
      <unit value="{score}"/>
      <system value="http://unitsofmeasure.org"/>
      <code value="1"/>
    </valueQuantity>
  </component>
  <component>
    <code>
      <coding>
        <system value="https://clinyqai.github.io/open-nursing-core-ig/CodeSystem/onc-observation-codes"/>
        <code value="braden-activity"/>
        <display value="Braden Activity"/>
      </coding>
    </code>
    <valueQuantity>
      <value value="2"/>
      <unit value="{score}"/>
      <system value="http://unitsofmeasure.org"/>
      <code value="1"/>
    </valueQuantity>
  </component>
  <component>
    <code>
      <coding>
        <system value="https://clinyqai.github.io/open-nursing-core-ig/CodeSystem/onc-observation-codes"/>
        <code value="braden-mobility"/>
        <display value="Braden Mobility"/>
      </coding>
    </code>
    <valueQuantity>
      <value value="3"/>
      <unit value="{score}"/>
      <system value="http://unitsofmeasure.org"/>
      <code value="1"/>
    </valueQuantity>
  </component>
  <component>
    <code>
      <coding>
        <system value="https://clinyqai.github.io/open-nursing-core-ig/CodeSystem/onc-observation-codes"/>
        <code value="braden-nutrition"/>
        <display value="Braden Nutrition"/>
      </coding>
    </code>
    <valueQuantity>
      <value value="3"/>
      <unit value="{score}"/>
      <system value="http://unitsofmeasure.org"/>
      <code value="1"/>
    </valueQuantity>
  </component>
  <component>
    <code>
      <coding>
        <system value="https://clinyqai.github.io/open-nursing-core-ig/CodeSystem/onc-observation-codes"/>
        <code value="braden-friction"/>
        <display value="Braden Friction/Shear"/>
      </coding>
    </code>
    <valueQuantity>
      <value value="3"/>
      <unit value="{score}"/>
      <system value="http://unitsofmeasure.org"/>
      <code value="1"/>
    </valueQuantity>
  </component>
</Observation>