<?xml version="1.0" encoding="UTF-8"?>

<Observation xmlns="http://hl7.org/fhir">
  <id value="example-fluid-balance"/>
  <meta>
    <profile value="https://fhir.clinyq.ai/StructureDefinition/onc-fluid-balance"/>
  </meta>
  <text>
    <status value="generated"/><div xmlns="http://www.w3.org/1999/xhtml"><p class="res-header-id"><b>Generated Narrative: Observation example-fluid-balance</b></p><a name="example-fluid-balance"> </a><a name="hcexample-fluid-balance"> </a><div style="display: inline-block; background-color: #d9e0e7; padding: 6px; margin: 4px; border: 1px solid #8da1b4; border-radius: 5px; line-height: 60%"><p style="margin-bottom: 0px"/><p style="margin-bottom: 0px">Profile: <a href="StructureDefinition-onc-fluid-balance.html">Fluid Balance</a></p></div><p><b>status</b>: Final</p><p><b>category</b>: <span title="Codes:{http://terminology.hl7.org/CodeSystem/observation-category exam}">Exam</span></p><p><b>code</b>: <span title="Codes:{https://clinyqai.github.io/open-nursing-core-ig/CodeSystem/onc-observation-codes fluid-balance}">Fluid Balance</span></p><p><b>subject</b>: <a href="Patient-patient-example-jane.html">Jane Doe  Female, DoB Unknown</a></p><p><b>performer</b>: <a href="Practitioner-practitioner-example.html">Practitioner Nightingale </a></p><p><b>value</b>: 500 mL</p><blockquote><p><b>component</b></p><p><b>code</b>: <span title="Codes:{https://clinyqai.github.io/open-nursing-core-ig/CodeSystem/onc-observation-codes fluid-input-total}">Total Fluid Input</span></p><p><b>value</b>: 2000 mL</p></blockquote><blockquote><p><b>component</b></p><p><b>code</b>: <span title="Codes:{https://clinyqai.github.io/open-nursing-core-ig/CodeSystem/onc-observation-codes fluid-output-total}">Total Fluid Output</span></p><p><b>value</b>: 1500 mL</p></blockquote></div>
  </text>
  <status value="final"/>
  <category>
    <coding>
      <system value="http://terminology.hl7.org/CodeSystem/observation-category"/>
      <code value="exam"/>
    </coding>
  </category>
  <code>
    <coding>
      <system value="https://clinyqai.github.io/open-nursing-core-ig/CodeSystem/onc-observation-codes"/>
      <code value="fluid-balance"/>
    </coding>
  </code>
  <subject>
    <reference value="Patient/patient-example-jane"/>
  </subject>
  <performer>
    <reference value="Practitioner/practitioner-example"/>
  </performer>
  <valueQuantity>
    <value value="500"/>
    <unit value="mL"/>
  </valueQuantity>
  <component>
    <code>
      <coding>
        <system value="https://clinyqai.github.io/open-nursing-core-ig/CodeSystem/onc-observation-codes"/>
        <code value="fluid-input-total"/>
      </coding>
    </code>
    <valueQuantity>
      <value value="2000"/>
      <unit value="mL"/>
    </valueQuantity>
  </component>
  <component>
    <code>
      <coding>
        <system value="https://clinyqai.github.io/open-nursing-core-ig/CodeSystem/onc-observation-codes"/>
        <code value="fluid-output-total"/>
      </coding>
    </code>
    <valueQuantity>
      <value value="1500"/>
      <unit value="mL"/>
    </valueQuantity>
  </component>
</Observation>