<?xml version="1.0" encoding="UTF-8"?>

<Observation xmlns="http://hl7.org/fhir">
  <id value="example-patient-story"/>
  <meta>
    <profile value="https://fhir.clinyq.ai/StructureDefinition/onc-patient-story"/>
  </meta>
  <text>
    <status value="generated"/><div xmlns="http://www.w3.org/1999/xhtml"><p class="res-header-id"><b>Generated Narrative: Observation example-patient-story</b></p><a name="example-patient-story"> </a><a name="hcexample-patient-story"> </a><div style="display: inline-block; background-color: #d9e0e7; padding: 6px; margin: 4px; border: 1px solid #8da1b4; border-radius: 5px; line-height: 60%"><p style="margin-bottom: 0px"/><p style="margin-bottom: 0px">Profile: <a href="StructureDefinition-onc-patient-story.html">Patient Story</a></p></div><p><b>status</b>: Final</p><p><b>category</b>: <span title="Codes:{http://terminology.hl7.org/CodeSystem/observation-category social-history}">Social History</span></p><p><b>code</b>: <span title="Codes:{https://clinyqai.github.io/open-nursing-core-ig/CodeSystem/onc-observation-codes patient-story}">Patient Story</span></p><p><b>subject</b>: <a href="Patient-patient-example-jane.html">Jane Doe  Female, DoB Unknown</a></p><p><b>performer</b>: <a href="Practitioner-practitioner-example.html">Practitioner Nightingale </a></p><p><b>value</b>: Jane was a librarian for 40 years. She loves classical music and gardening. She lost her husband 2 years ago.</p></div>
  </text>
  <status value="final"/>
  <category>
    <coding>
      <system value="http://terminology.hl7.org/CodeSystem/observation-category"/>
      <code value="social-history"/>
    </coding>
  </category>
  <code>
    <coding>
      <system value="https://clinyqai.github.io/open-nursing-core-ig/CodeSystem/onc-observation-codes"/>
      <code value="patient-story"/>
    </coding>
  </code>
  <subject>
    <reference value="Patient/patient-example-jane"/>
  </subject>
  <performer>
    <reference value="Practitioner/practitioner-example"/>
  </performer>
  <valueString value="Jane was a librarian for 40 years. She loves classical music and gardening. She lost her husband 2 years ago."/>
</Observation>