<?xml version="1.0" encoding="UTF-8"?>

<Observation xmlns="http://hl7.org/fhir">
  <id value="example-abc-chart"/>
  <meta>
    <profile value="https://fhir.clinyq.ai/StructureDefinition/onc-abc-chart"/>
  </meta>
  <text>
    <status value="generated"/><div xmlns="http://www.w3.org/1999/xhtml"><p class="res-header-id"><b>Generated Narrative: Observation example-abc-chart</b></p><a name="example-abc-chart"> </a><a name="hcexample-abc-chart"> </a><div style="display: inline-block; background-color: #d9e0e7; padding: 6px; margin: 4px; border: 1px solid #8da1b4; border-radius: 5px; line-height: 60%"><p style="margin-bottom: 0px"/><p style="margin-bottom: 0px">Profile: <a href="StructureDefinition-onc-abc-chart.html">PBS ABC Chart</a></p></div><p><b>status</b>: Final</p><p><b>category</b>: <span title="Codes:{http://terminology.hl7.org/CodeSystem/observation-category survey}">Survey</span></p><p><b>code</b>: <span title="Codes:{https://opennursingcoreig.com/CodeSystem/onc-observation-codes abc-chart}">ABC Chart</span></p><p><b>subject</b>: <a href="Patient-patient-example-jane.html">Jane Doe  Female, DoB Unknown</a></p><p><b>performer</b>: <a href="Practitioner-practitioner-example.html">Practitioner Nightingale </a></p><p><b>value</b>: <span title="Codes:">Frustration/Tangible</span></p><p><b>note</b>: </p><blockquote><div><p>Aggressive episode managed with de-escalation.</p>
</div></blockquote><blockquote><p><b>component</b></p><p><b>code</b>: <span title="Codes:{https://opennursingcoreig.com/CodeSystem/onc-observation-codes abc-antecedent}">Antecedent</span></p><p><b>value</b>: Denied access to garden due to rain.</p></blockquote><blockquote><p><b>component</b></p><p><b>code</b>: <span title="Codes:{https://opennursingcoreig.com/CodeSystem/onc-observation-codes abc-behaviour}">Behaviour</span></p><p><b>value</b>: Shouting and hitting door.</p></blockquote><blockquote><p><b>component</b></p><p><b>code</b>: <span title="Codes:{https://opennursingcoreig.com/CodeSystem/onc-observation-codes abc-consequence}">Consequence</span></p><p><b>value</b>: Verbal de-escalation, distraction with music.</p></blockquote></div>
  </text>
  <status value="final"/>
  <category>
    <coding>
      <system value="http://terminology.hl7.org/CodeSystem/observation-category"/>
      <code value="survey"/>
    </coding>
  </category>
  <code>
    <coding>
      <system value="https://opennursingcoreig.com/CodeSystem/onc-observation-codes"/>
      <code value="abc-chart"/>
    </coding>
  </code>
  <subject>
    <reference value="Patient/patient-example-jane"/>
  </subject>
  <performer>
    <reference value="Practitioner/practitioner-example"/>
  </performer>
  <valueCodeableConcept>
    <text value="Frustration/Tangible"/>
  </valueCodeableConcept>
  <note>
    <text value="Aggressive episode managed with de-escalation."/>
  </note>
  <component>
    <code>
      <coding>
        <system value="https://opennursingcoreig.com/CodeSystem/onc-observation-codes"/>
        <code value="abc-antecedent"/>
      </coding>
    </code>
    <valueString value="Denied access to garden due to rain."/>
  </component>
  <component>
    <code>
      <coding>
        <system value="https://opennursingcoreig.com/CodeSystem/onc-observation-codes"/>
        <code value="abc-behaviour"/>
      </coding>
    </code>
    <valueString value="Shouting and hitting door."/>
  </component>
  <component>
    <code>
      <coding>
        <system value="https://opennursingcoreig.com/CodeSystem/onc-observation-codes"/>
        <code value="abc-consequence"/>
      </coding>
    </code>
    <valueString value="Verbal de-escalation, distraction with music."/>
  </component>
</Observation>