<?xml version="1.0" encoding="UTF-8"?>

<Observation xmlns="http://hl7.org/fhir">
  <id value="example-mental-capacity"/>
  <meta>
    <profile value="https://fhir.clinyq.ai/StructureDefinition/onc-mental-capacity"/>
  </meta>
  <text>
    <status value="generated"/><div xmlns="http://www.w3.org/1999/xhtml"><p class="res-header-id"><b>Generated Narrative: Observation example-mental-capacity</b></p><a name="example-mental-capacity"> </a><a name="hcexample-mental-capacity"> </a><div style="display: inline-block; background-color: #d9e0e7; padding: 6px; margin: 4px; border: 1px solid #8da1b4; border-radius: 5px; line-height: 60%"><p style="margin-bottom: 0px"/><p style="margin-bottom: 0px">Profile: <a href="StructureDefinition-onc-mental-capacity.html">Mental Capacity Assessment</a></p></div><p><b>status</b>: Final</p><p><b>category</b>: <span title="Codes:{http://terminology.hl7.org/CodeSystem/observation-category survey}">Survey</span></p><p><b>code</b>: <span title="Codes:{https://opennursingcoreig.com/CodeSystem/onc-observation-codes mca-assessment}">Mental Capacity Assessment</span></p><p><b>subject</b>: <a href="Patient-patient-example-jane.html">Jane Doe  Female, DoB Unknown</a></p><p><b>performer</b>: <a href="Practitioner-practitioner-example.html">Practitioner Nightingale </a></p><p><b>value</b>: <span title="Codes:{https://opennursingcoreig.com/CodeSystem/onc-observation-codes mca-present}">Capacity Present</span></p><p><b>note</b>: </p><blockquote><div><p>Assessment for decision to return home.</p>
</div></blockquote></div>
  </text>
  <status value="final"/>
  <category>
    <coding>
      <system value="http://terminology.hl7.org/CodeSystem/observation-category"/>
      <code value="survey"/>
    </coding>
  </category>
  <code>
    <coding>
      <system value="https://opennursingcoreig.com/CodeSystem/onc-observation-codes"/>
      <code value="mca-assessment"/>
    </coding>
  </code>
  <subject>
    <reference value="Patient/patient-example-jane"/>
  </subject>
  <performer>
    <reference value="Practitioner/practitioner-example"/>
  </performer>
  <valueCodeableConcept>
    <coding>
      <system value="https://opennursingcoreig.com/CodeSystem/onc-observation-codes"/>
      <code value="mca-present"/>
      <display value="Capacity Present"/>
    </coding>
  </valueCodeableConcept>
  <note>
    <text value="Assessment for decision to return home."/>
  </note>
</Observation>