{
  "codeSystems" : [
    {
      "url" : "https://clinyqai.github.io/open-nursing-core-ig/CodeSystem/onc-monk-scale",
      "version" : "0.1.0",
      "status" : "draft",
      "name" : "ONCMonkScale",
      "title" : "Monk Skin Tone Scale CodeSystem",
      "description" : ""
    },
    {
      "url" : "https://clinyqai.github.io/open-nursing-core-ig/CodeSystem/onc-observation-codes",
      "version" : "0.1.0",
      "status" : "draft",
      "name" : "ONCObservationCodes",
      "title" : "ONC Observation Codes",
      "description" : "Custom observation codes for Open Nursing Core"
    },
    {
      "url" : "https://clinyqai.github.io/open-nursing-core-ig/CodeSystem/onc-problem-type",
      "version" : "0.1.0",
      "status" : "draft",
      "name" : "ONCProblemType",
      "title" : "Problem Type CodeSystem",
      "description" : "Code system for categorizing types of nursing problems"
    }
  ]
}
