{
  "codeSystems" : [
    {
      "url" : "http://snomed.info/sct",
      "version" : null,
      "status" : "active",
      "name" : "SNOMED_CT",
      "title" : "SNOMED CT (all versions)",
      "description" : "SNOMED CT is the most comprehensive and precise clinical health terminology product in the world, owned and distributed around the world by The International Health Terminology Standards Development Organisation (IHTSDO).",
      "oids" : ["2.16.840.1.113883.6.96"],
      "uses" : {
      },
      "ValueSet-onc-4at-amt4-vs.html" : "4AT AMT4 Value Set",
      "ValueSet-onc-4at-acute-change-vs.html" : "4AT Acute Change Value Set",
      "ValueSet-acvpu-vs.html" : "ACVPU Value Set",
      "ValueSet-onc-goal-target-measure-vs.html" : "Goal Target Measure ValueSet",
      "ValueSet-onc-prognosis-vs.html" : "Nursing Prognosis ValueSet",
      "ValueSet-housing-status-vs.html" : "Housing Status Value Set",
      "ValueSet-nursing-intervention-valueset.html" : "Nursing Intervention Value Set",
      "ValueSet-onc-4at-attention-vs.html" : "4AT Attention Value Set",
      "ValueSet-goal-evaluation-valueset.html" : "Goal Evaluation Value Set",
      "ValueSet-nursing-problem-valueset.html" : "Nursing Problem Value Set",
      "ValueSet-onc-4at-alertness-vs.html" : "4AT Alertness Value Set",
      "ValueSet-inspired-oxygen-vs.html" : "Inspired Oxygen Value Set"
    },
    {
      "url" : "https://clinyqai.github.io/open-nursing-core-ig/CodeSystem/onc-monk-scale",
      "version" : "0.1.0",
      "status" : "draft",
      "name" : "ONCMonkScale",
      "title" : "Monk Skin Tone Scale CodeSystem",
      "description" : "",
      "uses" : {
      },
      "ValueSet-onc-monk-scale-vs.html" : "Monk Skin Tone Scale ValueSet"
    },
    {
      "url" : "https://clinyqai.github.io/open-nursing-core-ig/CodeSystem/onc-observation-codes",
      "version" : "0.1.0",
      "status" : "draft",
      "name" : "ONCObservationCodes",
      "title" : "ONC Observation Codes",
      "description" : "Custom observation codes for Open Nursing Core",
      "uses" : {
      },
      "ValueSet-news2-subscore-code-vs.html" : "NEWS2 Sub-Score Codes",
      "ValueSet-onc-cfs-vs.html" : "Clinical Frailty Scale Value Set",
      "ValueSet-onc-pbs-function-vs.html" : "PBS Behaviour Function ValueSet",
      "ValueSet-news2-code-vs.html" : "NEWS2 Code Value Set",
      "ValueSet-wound-stage-vs.html" : "Wound Stage Value Set",
      "ValueSet-onc-mca-vs.html" : "Mental Capacity Finding Value Set",
      "ValueSet-nursing-problem-valueset.html" : "Nursing Problem Value Set",
      "ValueSet-onc-4at-alertness-vs.html" : "4AT Alertness Value Set",
      "ValueSet-skintone-vs.html" : "Fitzpatrick Skin Tone Value Set"
    },
    {
      "url" : "https://clinyqai.github.io/open-nursing-core-ig/CodeSystem/onc-problem-type",
      "version" : "0.1.0",
      "status" : "draft",
      "name" : "ONCProblemType",
      "title" : "Problem Type CodeSystem",
      "description" : "Code system for categorizing types of nursing problems",
      "uses" : {
      },
      "ValueSet-problem-category-valueset.html" : "Problem Category Value Set"
    }
  ]
}
