{
  "resourceType" : "Library",
  "id" : "onc-news2-cql",
  "text" : {
    "status" : "extensions",
    "div" : "<div xmlns=\"http://www.w3.org/1999/xhtml\">\n<div>\n    <table class=\"grid dict\">\n        \n        \n        <tr>\n            <th scope=\"row\"><b>Title: </b></th>\n            <td style=\"padding-left: 4px;\">ONC NEWS2 Auto-Calculation Logic</td>\n        </tr>\n        \n\n        \n        \n        <tr>\n            <th scope=\"row\"><b>Id: </b></th>\n            <td style=\"padding-left: 4px;\">onc-news2-cql</td>\n        </tr>\n        \n\n        \n        \n        <tr>\n            <th scope=\"row\"><b>Version: </b></th>\n            <td style=\"padding-left: 4px;\">0.1.0</td>\n        </tr>\n        \n\n        \n        <tr>\n            <th scope=\"row\"><b>Url: </b></th>\n            <td style=\"padding-left: 4px;\"><a href=\"Library-onc-news2-cql.html\">ONC NEWS2 Auto-Calculation Logic</a></td>\n        </tr>\n        \n\n        \n\n        \n\n        \n\n        \n        <tr>\n            <th scope=\"row\"><b>Experimental: </b></th>\n            <td style=\"padding-left: 4px;\">true</td>\n        </tr>\n        \n\n        \n        <tr>\n            <th scope=\"row\"><b>Type: </b></th>\n            <td style=\"padding-left: 4px;\">\n                \n                    \n                        \n                        <p style=\"margin-bottom: 5px;\">\n                            <b>system: </b> <span><a href=\"http://terminology.hl7.org/7.0.1/CodeSystem-library-type.html\">http://terminology.hl7.org/CodeSystem/library-type</a></span>\n                        </p>\n                        \n                        \n                        <p style=\"margin-bottom: 5px;\">\n                            <b>code: </b> <span>logic-library</span>\n                        </p>\n                        \n                        \n                    \n                \n                \n            </td>\n        </tr>\n        \n\n        \n\n        \n        <tr>\n            <th scope=\"row\"><b>Date: </b></th>\n            <td style=\"padding-left: 4px;\">2026-01-01 13:37:23+0000</td>\n        </tr>\n        \n\n        \n\n        \n        <tr>\n            <th scope=\"row\"><b>Description: </b></th>\n            <td style=\"padding-left: 4px;\"><div><p>Logic library for calculating National Early Warning Score 2 (NEWS2) from FHIR Observations.</p>\n</div></td>\n        </tr>\n        \n\n        \n\n        \n\n        \n\n        \n\n        \n\n        \n\n        \n\n        \n\n        \n\n        \n\n        \n\n        \n\n        \n\n        \n        \n        <tr>\n          <td colspan=\"2\">\n            <table>\n              <tr><th><a id=\"cql-content\"><b>Content: </b></a> text/cql</th></tr>\n              <tr><td><pre><code class=\"language-cql\"/></pre></td></tr>\n            </table>\n          </td>\n        </tr>\n        \n        \n        \n    </table>\n</div>\n</div>"
  },
  "url" : "http://opennursingcore.org/Library/ONC-NEWS2-CQL",
  "version" : "0.1.0",
  "name" : "ONC_NEWS2_Logic",
  "title" : "ONC NEWS2 Auto-Calculation Logic",
  "status" : "active",
  "experimental" : true,
  "type" : {
    "coding" : [{
      "system" : "http://terminology.hl7.org/CodeSystem/library-type",
      "code" : "logic-library"
    }]
  },
  "date" : "2026-01-01T13:37:23+00:00",
  "description" : "Logic library for calculating National Early Warning Score 2 (NEWS2) from FHIR Observations.",
  "content" : [{
    "contentType" : "text/cql",
    "url" : "input/cql/ONC_NEWS2_Logic.cql"
  }]
}