<?xml version="1.0" encoding="UTF-8"?>

<Observation xmlns="http://hl7.org/fhir">
  <id value="example-seizure-record"/>
  <meta>
    <profile value="https://fhir.clinyq.ai/StructureDefinition/onc-seizure-record"/>
  </meta>
  <text>
    <status value="generated"/><div xmlns="http://www.w3.org/1999/xhtml"><p class="res-header-id"><b>Generated Narrative: Observation example-seizure-record</b></p><a name="example-seizure-record"> </a><a name="hcexample-seizure-record"> </a><div style="display: inline-block; background-color: #d9e0e7; padding: 6px; margin: 4px; border: 1px solid #8da1b4; border-radius: 5px; line-height: 60%"><p style="margin-bottom: 0px"/><p style="margin-bottom: 0px">Profile: <a href="StructureDefinition-onc-seizure-record.html">Seizure Record</a></p></div><p><b>status</b>: Final</p><p><b>category</b>: <span title="Codes:{http://terminology.hl7.org/CodeSystem/observation-category exam}">Exam</span></p><p><b>code</b>: <span title="Codes:{https://clinyqai.github.io/open-nursing-core-ig/CodeSystem/onc-observation-codes seizure-record}">Seizure Record</span></p><p><b>subject</b>: <a href="Patient-patient-example-jane.html">Jane Doe  Female, DoB Unknown</a></p><p><b>performer</b>: <a href="Practitioner-practitioner-example.html">Practitioner Nightingale </a></p><p><b>value</b>: Tonic-clonic seizure lasting 2 mins</p><blockquote><p><b>component</b></p><p><b>code</b>: <span title="Codes:{https://clinyqai.github.io/open-nursing-core-ig/CodeSystem/onc-observation-codes seizure-type}">Seizure Type</span></p><p><b>value</b>: Tonic-Clonic</p></blockquote><blockquote><p><b>component</b></p><p><b>code</b>: <span title="Codes:{https://clinyqai.github.io/open-nursing-core-ig/CodeSystem/onc-observation-codes seizure-duration}">Seizure Duration</span></p><p><b>value</b>: 2 min</p></blockquote><blockquote><p><b>component</b></p><p><b>code</b>: <span title="Codes:{https://clinyqai.github.io/open-nursing-core-ig/CodeSystem/onc-observation-codes seizure-recovery}">Recovery Phase</span></p><p><b>value</b>: Sleepy for 30 mins post-ictal</p></blockquote></div>
  </text>
  <status value="final"/>
  <category>
    <coding>
      <system value="http://terminology.hl7.org/CodeSystem/observation-category"/>
      <code value="exam"/>
    </coding>
  </category>
  <code>
    <coding>
      <system value="https://clinyqai.github.io/open-nursing-core-ig/CodeSystem/onc-observation-codes"/>
      <code value="seizure-record"/>
    </coding>
  </code>
  <subject>
    <reference value="Patient/patient-example-jane"/>
  </subject>
  <performer>
    <reference value="Practitioner/practitioner-example"/>
  </performer>
  <valueString value="Tonic-clonic seizure lasting 2 mins"/>
  <component>
    <code>
      <coding>
        <system value="https://clinyqai.github.io/open-nursing-core-ig/CodeSystem/onc-observation-codes"/>
        <code value="seizure-type"/>
      </coding>
    </code>
    <valueString value="Tonic-Clonic"/>
  </component>
  <component>
    <code>
      <coding>
        <system value="https://clinyqai.github.io/open-nursing-core-ig/CodeSystem/onc-observation-codes"/>
        <code value="seizure-duration"/>
      </coding>
    </code>
    <valueQuantity>
      <value value="2"/>
      <unit value="min"/>
    </valueQuantity>
  </component>
  <component>
    <code>
      <coding>
        <system value="https://clinyqai.github.io/open-nursing-core-ig/CodeSystem/onc-observation-codes"/>
        <code value="seizure-recovery"/>
      </coding>
    </code>
    <valueString value="Sleepy for 30 mins post-ictal"/>
  </component>
</Observation>