URL,Version,Status,OIDs,Name,Title,Description,Used
http://snomed.info/sct,null,active,"2.16.840.1.113883.6.96",SNOMED_CT,SNOMED CT (all versions),"SNOMED CT is the most comprehensive and precise clinical health terminology product in the world, owned and distributed around the world by The International Health Terminology Standards Development Organisation (IHTSDO).","ValueSet/onc-goal-target-measure-vs,ValueSet/onc-4at-attention-vs,ValueSet/nursing-problem-valueset,ValueSet/goal-evaluation-valueset,ValueSet/nursing-intervention-valueset,ValueSet/onc-4at-amt4-vs,ValueSet/acvpu-vs,ValueSet/onc-prognosis-vs,ValueSet/onc-4at-acute-change-vs,ValueSet/housing-status-vs,ValueSet/onc-4at-alertness-vs,ValueSet/inspired-oxygen-vs"
https://clinyqai.github.io/open-nursing-core-ig/CodeSystem/onc-monk-scale,0.1.0,draft,,ONCMonkScale,Monk Skin Tone Scale CodeSystem,"","ValueSet/onc-monk-scale-vs"
https://clinyqai.github.io/open-nursing-core-ig/CodeSystem/onc-observation-codes,0.1.0,draft,,ONCObservationCodes,ONC Observation Codes,"Custom observation codes for Open Nursing Core","ValueSet/nursing-problem-valueset,ValueSet/onc-pbs-function-vs,ValueSet/news2-subscore-code-vs,ValueSet/wound-stage-vs,ValueSet/news2-code-vs,ValueSet/onc-mca-vs,ValueSet/onc-cfs-vs,ValueSet/onc-4at-alertness-vs,ValueSet/skintone-vs"
https://clinyqai.github.io/open-nursing-core-ig/CodeSystem/onc-problem-type,0.1.0,draft,,ONCProblemType,Problem Type CodeSystem,"Code system for categorizing types of nursing problems","ValueSet/problem-category-valueset"
