<?xml version="1.0" encoding="UTF-8"?>

<CarePlan xmlns="http://hl7.org/fhir">
  <id value="example-nursing-care-plan"/>
  <meta>
    <profile value="http://open-nursing-core.org/StructureDefinition/onc-nursing-care-plan"/>
  </meta>
  <text>
    <status value="generated"/><div xmlns="http://www.w3.org/1999/xhtml"><p class="res-header-id"><b>Generated Narrative: CarePlan example-nursing-care-plan</b></p><a name="example-nursing-care-plan"> </a><a name="hcexample-nursing-care-plan"> </a><div style="display: inline-block; background-color: #d9e0e7; padding: 6px; margin: 4px; border: 1px solid #8da1b4; border-radius: 5px; line-height: 60%"><p style="margin-bottom: 0px"/><p style="margin-bottom: 0px">Profile: <a href="StructureDefinition-onc-nursing-care-plan.html">Open Nursing Core Nursing Care Plan</a></p></div><p><b>status</b>: Active</p><p><b>intent</b>: Plan</p><p><b>subject</b>: <a href="Patient-patient-example.html">John Smith  Male, DoB Unknown</a></p><p><b>addresses</b>: <a href="Condition-example-nursing-problem.html">Condition Risk of falls (finding)</a></p><p><b>goal</b>: <a href="Goal-example-patient-goal.html">Goal: lifecycleStatus = active; description = </a></p><blockquote><p><b>activity</b></p><h3>Details</h3><table class="grid"><tr><td style="display: none">-</td><td><b>Code</b></td><td><b>Status</b></td></tr><tr><td style="display: none">*</td><td><span title="Codes:{http://hl7.org/fhir/sid/icnp 10012345}">Patient Education</span></td><td>Completed</td></tr></table></blockquote></div>
  </text>
  <status value="active"/>
  <intent value="plan"/>
  <subject>
    <reference value="Patient/patient-example"/>
  </subject>
  <addresses>
    <reference value="Condition/example-nursing-problem"/>
  </addresses>
  <goal>
    <reference value="Goal/example-patient-goal"/>
  </goal>
  <activity>
    <detail>
      <code>
        <coding>
          <system value="http://hl7.org/fhir/sid/icnp"/>
          <code value="10012345"/>
          <display value="Patient Education"/>
        </coding>
      </code>
      <status value="completed"/>
    </detail>
  </activity>
</CarePlan>