<?xml version="1.0" encoding="UTF-8"?>

<Observation xmlns="http://hl7.org/fhir">
  <id value="example-housing-status"/>
  <meta>
    <profile value="http://open-nursing-core.org/StructureDefinition/onc-housing-status"/>
  </meta>
  <text>
    <status value="generated"/><div xmlns="http://www.w3.org/1999/xhtml"><p class="res-header-id"><b>Generated Narrative: Observation example-housing-status</b></p><a name="example-housing-status"> </a><a name="hcexample-housing-status"> </a><div style="display: inline-block; background-color: #d9e0e7; padding: 6px; margin: 4px; border: 1px solid #8da1b4; border-radius: 5px; line-height: 60%"><p style="margin-bottom: 0px"/><p style="margin-bottom: 0px">Profile: <a href="StructureDefinition-onc-housing-status.html">ONC Housing Status Assessment</a></p></div><p><b>status</b>: Final</p><p><b>category</b>: <span title="Codes:{http://terminology.hl7.org/CodeSystem/observation-category nursing}">nursing</span></p><p><b>code</b>: <span title="Codes:{http://loinc.org 71802-3}">Housing status</span></p><p><b>subject</b>: <a href="Patient-patient-example.html">John Smith  Male, DoB Unknown</a></p><p><b>performer</b>: <a href="Practitioner-practitioner-example.html">Practitioner Florence Nightingale </a></p><p><b>value</b>: <span title="Codes:{http://snomed.info/sct 32911000}">Homeless</span></p></div>
  </text>
  <status value="final"/>
  <category>
    <coding>
      <system value="http://terminology.hl7.org/CodeSystem/observation-category"/>
      <code value="nursing"/>
    </coding>
  </category>
  <code>
    <coding>
      <system value="http://loinc.org"/>
      <code value="71802-3"/>
      <display value="Housing status"/>
    </coding>
  </code>
  <subject>
    <reference value="Patient/patient-example"/>
  </subject>
  <performer>
    <reference value="Practitioner/practitioner-example"/>
  </performer>
  <valueCodeableConcept>
    <coding>
      <system value="http://snomed.info/sct"/>
      <code value="32911000"/>
      <display value="Homeless"/>
    </coding>
  </valueCodeableConcept>
</Observation>