<?xml version="1.0" encoding="UTF-8"?>

<Practitioner xmlns="http://hl7.org/fhir">
  <id value="practitioner-example"/>
  <text>
    <status value="generated"/><div xmlns="http://www.w3.org/1999/xhtml"><p class="res-header-id"><b>Generated Narrative: Practitioner practitioner-example</b></p><a name="practitioner-example"> </a><a name="hcpractitioner-example"> </a><p><b>name</b>: Florence Nightingale </p></div>
  </text>
  <name>
    <family value="Nightingale"/>
    <given value="Florence"/>
  </name>
</Practitioner>