<?xml version="1.0" encoding="UTF-8"?>

<Procedure xmlns="http://hl7.org/fhir">
  <id value="example-nursing-intervention"/>
  <meta>
    <profile value="http://open-nursing-core.org/StructureDefinition/onc-nursing-intervention"/>
  </meta>
  <text>
    <status value="generated"/><div xmlns="http://www.w3.org/1999/xhtml"><p class="res-header-id"><b>Generated Narrative: Procedure example-nursing-intervention</b></p><a name="example-nursing-intervention"> </a><a name="hcexample-nursing-intervention"> </a><div style="display: inline-block; background-color: #d9e0e7; padding: 6px; margin: 4px; border: 1px solid #8da1b4; border-radius: 5px; line-height: 60%"><p style="margin-bottom: 0px"/><p style="margin-bottom: 0px">Profile: <a href="StructureDefinition-onc-nursing-intervention.html">Open Nursing Core Nursing Intervention</a></p></div><p><b>status</b>: Completed</p><p><b>code</b>: <span title="Codes:{http://hl7.org/fhir/sid/icnp 10012345}">Patient Education</span></p><p><b>subject</b>: <a href="Patient-patient-example.html">John Smith  Male, DoB Unknown</a></p><h3>Performers</h3><table class="grid"><tr><td style="display: none">-</td><td><b>Actor</b></td></tr><tr><td style="display: none">*</td><td><a href="Practitioner-practitioner-example.html">Practitioner Florence Nightingale </a></td></tr></table></div>
  </text>
  <status value="completed"/>
  <code>
    <coding>
      <system value="http://hl7.org/fhir/sid/icnp"/>
      <code value="10012345"/>
      <display value="Patient Education"/>
    </coding>
  </code>
  <subject>
    <reference value="Patient/patient-example"/>
  </subject>
  <performer>
    <actor>
      <reference value="Practitioner/practitioner-example"/>
    </actor>
  </performer>
</Procedure>