<?xml version="1.0" encoding="UTF-8"?><CodeSystem xmlns="http://hl7.org/fhir"><id value="onc-problem-type"/><text><status value="generated"/><div xmlns="http://www.w3.org/1999/xhtml"><p class="res-header-id"><b>Generated Narrative: CodeSystem onc-problem-type</b></p><a name="onc-problem-type"> </a><a name="hconc-problem-type"> </a><p>This  code system <code>https://clinyqai.github.io/open-nursing-core-ig/CodeSystem/onc-problem-type</code> defines the following code:</p><table class="codes"><tr><td style="white-space:nowrap"><b>Code</b></td><td><b>Display</b></td></tr><tr><td style="white-space:nowrap">nursing-diagnosis<a name="onc-problem-type-nursing-diagnosis"> </a></td><td>Nursing Diagnosis</td></tr></table></div></text><url value="https://clinyqai.github.io/open-nursing-core-ig/CodeSystem/onc-problem-type"/><version value="1.0.0"/><name value="ONCProblemType"/><title value="Problem Type CodeSystem"/><status value="active"/><date value="2025-11-28T01:24:36+00:00"/><content value="complete"/><count value="1"/><concept><code value="nursing-diagnosis"/><display value="Nursing Diagnosis"/><designation><use><system value="http://terminology.hl7.org/CodeSystem/hl7TermMaintInfra"/><code value="preferredForLanguage"/></use><value value="Nursing Diagnosis"/></designation></concept></CodeSystem>