<?xml version="1.0" encoding="UTF-8"?><Library xmlns="http://hl7.org/fhir"><id value="onc-news2-cql"/><url value="http://opennursingcore.org/Library/ONC-NEWS2-CQL"/><version value="0.1.0"/><name value="ONC_NEWS2_Logic"/><title value="ONC NEWS2 Auto-Calculation Logic"/><status value="active"/><experimental value="true"/><type><coding><system value="http://terminology.hl7.org/CodeSystem/library-type"/><code value="logic-library"/></coding></type><date value="2026-01-01T13:37:23+00:00"/><description value="Logic library for calculating National Early Warning Score 2 (NEWS2) from FHIR Observations."/><content><contentType value="text/cql"/><url value="input/cql/ONC_NEWS2_Logic.cql"/></content></Library>