<?xml version="1.0" encoding="UTF-8"?><PlanDefinition xmlns="http://hl7.org/fhir"><id value="news2-escalation-plan"/><url value="http://opennursingcore.org/PlanDefinition/news2-escalation"/><version value="0.1.0"/><name value="NEWS2_Escalation_Protocol"/><title value="NEWS2 Escalation Protocol"/><type><coding><system value="http://terminology.hl7.org/CodeSystem/plan-definition-type"/><code value="clinical-protocol"/></coding></type><status value="active"/><date value="2026-01-01T13:37:23+00:00"/><library value="http://opennursingcore.org/Library/ONC-NEWS2-CQL"/><action><title value="High Clinical Risk - Emergency Response"/><description value="NEWS2 Score of 7 or more indicates high clinical risk. Urgent response required."/><code><coding><system value="http://snomed.info/sct"/><code value="225365006"/><display value="Care plan"/></coding></code><trigger><type value="named-event"/><name value="news2-score-calculated"/></trigger><condition><kind value="applicability"/><expression><language value="text/cql"/><expression value="Clinical Risk Category = 'High'"/></expression></condition><dynamicValue><path value="description"/><expression><language value="text/cql"/><expression value="'URGENT: NEWS2 Score is ' + ToString(&quot;NEWS2 Total Score&quot;) + '. Immediate medical review required.'"/></expression></dynamicValue></action></PlanDefinition>