<?xml version="1.0" encoding="UTF-8"?><ValueSet xmlns="http://hl7.org/fhir"><id value="news2-subscore-code-vs"/><text><status value="extensions"/><div xmlns="http://www.w3.org/1999/xhtml"><p class="res-header-id"><b>Generated Narrative: ValueSet news2-subscore-code-vs</b></p><a name="news2-subscore-code-vs"> </a><a name="hcnews2-subscore-code-vs"> </a><ul><li>Include these codes as defined in <a href="CodeSystem-onc-observation-codes.html"><code>https://clinyqai.github.io/open-nursing-core-ig/CodeSystem/onc-observation-codes</code></a><span title="Version is not explicitly stated, which means it is fixed to the version provided in this specification"> version 📦0.1.0</span><table class="none"><tr><td style="white-space:nowrap"><b>Code</b></td><td><b>Display</b></td><td><b>Definition</b></td></tr><tr><td><a href="CodeSystem-onc-observation-codes.html#onc-observation-codes-news2-subscore">news2-subscore</a></td><td style="color: #cccccc">NEWS2 Sub-score</td><td>Sub-score for NEWS2 parameter</td></tr></table></li></ul></div></text><url value="https://clinyqai.github.io/open-nursing-core-ig/ValueSet/news2-subscore-code-vs"/><version value="0.1.0"/><name value="NEWS2SubscoreCodeValueSet"/><title value="NEWS2 Sub-Score Codes"/><status value="draft"/><date value="2025-12-26T15:22:58+00:00"/><description value="SNOMED codes for NEWS2 sub-scores"/><compose><include><system value="https://clinyqai.github.io/open-nursing-core-ig/CodeSystem/onc-observation-codes"/><concept><code value="news2-subscore"/></concept></include></compose></ValueSet>