<?xml version="1.0" encoding="UTF-8"?><ValueSet xmlns="http://hl7.org/fhir"><id value="onc-goal-target-measure-vs"/><text><status value="generated"/><div xmlns="http://www.w3.org/1999/xhtml"><p class="res-header-id"><b>Generated Narrative: ValueSet onc-goal-target-measure-vs</b></p><a name="onc-goal-target-measure-vs"> </a><a name="hconc-goal-target-measure-vs"> </a><p>This value set includes codes based on the following rules:</p><ul><li>Include these codes as defined in <a href="http://loinc.org"><code>http://loinc.org</code></a><span title="Version is not explicitly stated. No matching Code System found"> version Not Stated (use latest from terminology server)</span><table class="none"><tr><td style="white-space:nowrap"><b>Code</b></td><td><b>Display</b></td></tr><tr><td><a href="https://loinc.org/59408-5/">59408-5</a></td><td>Oxygen saturation</td></tr></table></li><li>Include these codes as defined in <a href="http://www.snomed.org/"><code>http://snomed.info/sct</code></a><span title="Version is not explicitly stated. No matching Code System found"> version Not Stated (use latest from terminology server)</span><table class="none"><tr><td style="white-space:nowrap"><b>Code</b></td><td><b>Display</b></td></tr><tr><td><a href="http://snomed.info/id/225358003">225358003</a></td><td>Wound care</td></tr></table></li></ul></div></text><url value="https://clinyqai.github.io/open-nursing-core-ig/ValueSet/onc-goal-target-measure-vs"/><version value="0.1.0"/><name value="ONCGoalTargetMeasureVS"/><title value="Goal Target Measure ValueSet"/><status value="draft"/><date value="2026-01-01T13:37:23+00:00"/><description value="Codes used for goal target measures"/><compose><include><system value="http://loinc.org"/><concept><code value="59408-5"/><display value="Oxygen saturation"/></concept></include><include><system value="http://snomed.info/sct"/><concept><code value="225358003"/><display value="Wound care"/></concept></include></compose></ValueSet>