<?xml version="1.0" encoding="UTF-8"?><ValueSet xmlns="http://hl7.org/fhir"><id value="onc-4at-attention-vs"/><text><status value="generated"/><div xmlns="http://www.w3.org/1999/xhtml"><p class="res-header-id"><b>Generated Narrative: ValueSet onc-4at-attention-vs</b></p><a name="onc-4at-attention-vs"> </a><a name="hconc-4at-attention-vs"> </a><ul><li>Include these codes as defined in <a href="http://www.snomed.org/"><code>http://snomed.info/sct</code></a><span title="Version is not explicitly stated. No matching Code System found"> version Not Stated (use latest from terminology server)</span><table class="none"><tr><td style="white-space:nowrap"><b>Code</b></td><td><b>Display</b></td></tr><tr><td><a href="http://snomed.info/id/4851000147101">4851000147101</a></td><td>Achieves 7 months or more correctly</td></tr><tr><td><a href="http://snomed.info/id/4861000147105">4861000147105</a></td><td>Starts but scores &lt;7 months / refuses</td></tr><tr><td><a href="http://snomed.info/id/4871000147108">4871000147108</a></td><td>Untestable</td></tr></table></li></ul></div></text><url value="https://clinyqai.github.io/open-nursing-core-ig/ValueSet/onc-4at-attention-vs"/><version value="0.1.0"/><name value="AttentionVS"/><title value="4AT Attention Value Set"/><status value="draft"/><date value="2026-01-01T13:37:23+00:00"/><description value="Scoring for Months Backwards test"/><compose><include><system value="http://snomed.info/sct"/><concept><code value="4851000147101"/><display value="Achieves 7 months or more correctly"/></concept><concept><code value="4861000147105"/><display value="Starts but scores &lt;7 months / refuses"/></concept><concept><code value="4871000147108"/><display value="Untestable"/></concept></include></compose></ValueSet>