<?xml version="1.0" encoding="UTF-8"?><CodeSystem xmlns="http://hl7.org/fhir"><id value="onc-monk-scale"/><text><status value="generated"/><div xmlns="http://www.w3.org/1999/xhtml"><p class="res-header-id"><b>Generated Narrative: CodeSystem onc-monk-scale</b></p><a name="onc-monk-scale"> </a><a name="hconc-monk-scale"> </a><p>This  code system <code>https://clinyqai.github.io/open-nursing-core-ig/CodeSystem/onc-monk-scale</code> defines the following codes:</p><table class="codes"><tr><td style="white-space:nowrap"><b>Code</b></td><td><b>Display</b></td></tr><tr><td style="white-space:nowrap">A<a name="onc-monk-scale-A"> </a></td><td>Light Skin</td></tr><tr><td style="white-space:nowrap">B<a name="onc-monk-scale-B"> </a></td><td>Light-Medium Skin</td></tr><tr><td style="white-space:nowrap">C<a name="onc-monk-scale-C"> </a></td><td>Medium Skin</td></tr><tr><td style="white-space:nowrap">D<a name="onc-monk-scale-D"> </a></td><td>Medium-Dark Skin</td></tr><tr><td style="white-space:nowrap">E<a name="onc-monk-scale-E"> </a></td><td>Dark Skin</td></tr><tr><td style="white-space:nowrap">F<a name="onc-monk-scale-F"> </a></td><td>Deep Dark Skin</td></tr><tr><td style="white-space:nowrap">G<a name="onc-monk-scale-G"> </a></td><td>Very Dark Skin</td></tr><tr><td style="white-space:nowrap">H<a name="onc-monk-scale-H"> </a></td><td>Deepest Dark Skin</td></tr><tr><td style="white-space:nowrap">I<a name="onc-monk-scale-I"> </a></td><td>Ultra Dark Skin</td></tr><tr><td style="white-space:nowrap">J<a name="onc-monk-scale-J"> </a></td><td>Black Skin</td></tr></table></div></text><url value="https://clinyqai.github.io/open-nursing-core-ig/CodeSystem/onc-monk-scale"/><version value="1.0.0"/><name value="ONCMonkScale"/><title value="Monk Skin Tone Scale CodeSystem"/><status value="active"/><date value="2025-12-26T11:32:54+00:00"/><content value="complete"/><count value="10"/><concept><code value="A"/><display value="Light Skin"/><designation><use><system value="http://terminology.hl7.org/CodeSystem/hl7TermMaintInfra"/><code value="preferredForLanguage"/></use><value value="Light Skin"/></designation></concept><concept><code value="B"/><display value="Light-Medium Skin"/><designation><use><system value="http://terminology.hl7.org/CodeSystem/hl7TermMaintInfra"/><code value="preferredForLanguage"/></use><value value="Light-Medium Skin"/></designation></concept><concept><code value="C"/><display value="Medium Skin"/><designation><use><system value="http://terminology.hl7.org/CodeSystem/hl7TermMaintInfra"/><code value="preferredForLanguage"/></use><value value="Medium Skin"/></designation></concept><concept><code value="D"/><display value="Medium-Dark Skin"/><designation><use><system value="http://terminology.hl7.org/CodeSystem/hl7TermMaintInfra"/><code value="preferredForLanguage"/></use><value value="Medium-Dark Skin"/></designation></concept><concept><code value="E"/><display value="Dark Skin"/><designation><use><system value="http://terminology.hl7.org/CodeSystem/hl7TermMaintInfra"/><code value="preferredForLanguage"/></use><value value="Dark Skin"/></designation></concept><concept><code value="F"/><display value="Deep Dark Skin"/><designation><use><system value="http://terminology.hl7.org/CodeSystem/hl7TermMaintInfra"/><code value="preferredForLanguage"/></use><value value="Deep Dark Skin"/></designation></concept><concept><code value="G"/><display value="Very Dark Skin"/><designation><use><system value="http://terminology.hl7.org/CodeSystem/hl7TermMaintInfra"/><code value="preferredForLanguage"/></use><value value="Very Dark Skin"/></designation></concept><concept><code value="H"/><display value="Deepest Dark Skin"/><designation><use><system value="http://terminology.hl7.org/CodeSystem/hl7TermMaintInfra"/><code value="preferredForLanguage"/></use><value value="Deepest Dark Skin"/></designation></concept><concept><code value="I"/><display value="Ultra Dark Skin"/><designation><use><system value="http://terminology.hl7.org/CodeSystem/hl7TermMaintInfra"/><code value="preferredForLanguage"/></use><value value="Ultra Dark Skin"/></designation></concept><concept><code value="J"/><display value="Black Skin"/><designation><use><system value="http://terminology.hl7.org/CodeSystem/hl7TermMaintInfra"/><code value="preferredForLanguage"/></use><value value="Black Skin"/></designation></concept></CodeSystem>