<?xml version="1.0" encoding="UTF-8"?><CodeSystem xmlns="http://hl7.org/fhir"><id value="onc-observation-codes"/><text><status value="generated"/><div xmlns="http://www.w3.org/1999/xhtml"><p class="res-header-id"><b>Generated Narrative: CodeSystem onc-observation-codes</b></p><a name="onc-observation-codes"> </a><a name="hconc-observation-codes"> </a><p>This  code system <code>http://open-nursing-core.org/CodeSystem/onc-observation-codes</code> defines the following code:</p><table class="codes"><tr><td style="white-space:nowrap"><b>Code</b></td><td><b>Display</b></td><td><b>Definition</b></td></tr><tr><td style="white-space:nowrap">mst-score<a name="onc-observation-codes-mst-score"> </a></td><td>Monk Skin Tone Score</td><td>Assessment of skin tone using the Monk Skin Tone Scale</td></tr></table></div></text><url value="http://open-nursing-core.org/CodeSystem/onc-observation-codes"/><version value="1.0.0"/><name value="ONCObservationCodes"/><title value="ONC Observation Codes"/><status value="active"/><date value="2025-12-26T11:33:01+00:00"/><description value="Custom observation codes for Open Nursing Core"/><content value="complete"/><count value="1"/><concept><code value="mst-score"/><display value="Monk Skin Tone Score"/><definition value="Assessment of skin tone using the Monk Skin Tone Scale"/></concept></CodeSystem>