<?xml version="1.0" encoding="UTF-8"?><ValueSet xmlns="http://hl7.org/fhir"><id value="onc-monk-scale-vs"/><text><status value="generated"/><div xmlns="http://www.w3.org/1999/xhtml"><p class="res-header-id"><b>Generated Narrative: ValueSet onc-monk-scale-vs</b></p><a name="onc-monk-scale-vs"> </a><a name="hconc-monk-scale-vs"> </a><ul><li>Include all codes defined in <a href="CodeSystem-onc-monk-scale.html"><code>https://clinyqai.github.io/open-nursing-core-ig/CodeSystem/onc-monk-scale</code></a><span title="Version is not explicitly stated, which means it is fixed to the version provided in this specification"> version 📦1.0.0</span></li></ul></div></text><url value="https://clinyqai.github.io/open-nursing-core-ig/ValueSet/onc-monk-scale-vs"/><version value="1.0.0"/><name value="ONCMonkScaleVS"/><title value="Monk Skin Tone Scale ValueSet"/><status value="active"/><date value="2025-12-26T11:32:15+00:00"/><compose><include><system value="https://clinyqai.github.io/open-nursing-core-ig/CodeSystem/onc-monk-scale"/></include></compose></ValueSet>