<?xml version="1.0" encoding="UTF-8"?><ValueSet xmlns="http://hl7.org/fhir"><id value="onc-4at-acute-change-vs"/><text><status value="generated"/><div xmlns="http://www.w3.org/1999/xhtml"><p class="res-header-id"><b>Generated Narrative: ValueSet onc-4at-acute-change-vs</b></p><a name="onc-4at-acute-change-vs"> </a><a name="hconc-4at-acute-change-vs"> </a><ul><li>Include these codes as defined in <a href="http://www.snomed.org/"><code>http://snomed.info/sct</code></a><span title="Version is not explicitly stated. No matching Code System found"> version Not Stated (use latest from terminology server)</span><table class="none"><tr><td style="white-space:nowrap"><b>Code</b></td><td><b>Display</b></td></tr><tr><td><a href="http://snomed.info/id/521000176101">521000176101</a></td><td>No</td></tr><tr><td><a href="http://snomed.info/id/531000176103">531000176103</a></td><td>Yes</td></tr></table></li></ul></div></text><url value="https://opennursingcoreig.com/ValueSet/onc-4at-acute-change-vs"/><version value="0.1.0"/><name value="AcuteChangeVS"/><title value="4AT Acute Change Value Set"/><status value="draft"/><date value="2026-01-02T23:54:54+00:00"/><publisher value="The Open Nursing Community"/><description value="Scoring for Acute Change or Fluctuating Course"/><compose><include><system value="http://snomed.info/sct"/><concept><code value="521000176101"/><display value="No"/></concept><concept><code value="531000176103"/><display value="Yes"/></concept></include></compose></ValueSet>