<?xml version="1.0" encoding="UTF-8"?><ValueSet xmlns="http://hl7.org/fhir"><id value="nursing-problem-valueset"/><text><status value="generated"/><div xmlns="http://www.w3.org/1999/xhtml"><p class="res-header-id"><b>Generated Narrative: ValueSet nursing-problem-valueset</b></p><a name="nursing-problem-valueset"> </a><a name="hcnursing-problem-valueset"> </a><ul><li>Include codes from<a href="http://www.snomed.org/"><code>http://snomed.info/sct</code></a><span title="Version is not explicitly stated. No matching Code System found"> version Not Stated (use latest from terminology server)</span> where concept  is-a 409586006 (Complaint (finding))</li></ul></div></text><url value="https://clinyqai.github.io/open-nursing-core-ig/ValueSet/nursing-problem-valueset"/><version value="1.0.0"/><name value="NursingProblemValueSet"/><title value="Nursing Problem Value Set"/><status value="active"/><date value="2025-11-29T22:52:23+00:00"/><compose><include><system value="http://snomed.info/sct"/><filter><property value="concept"/><op value="is-a"/><value value="409586006"/></filter></include></compose></ValueSet>