<?xml version="1.0" encoding="UTF-8"?><ValueSet xmlns="http://hl7.org/fhir"><id value="onc-monk-scale-vs"/><text><status value="generated"/><div xmlns="http://www.w3.org/1999/xhtml"><p class="res-header-id"><b>Generated Narrative: ValueSet onc-monk-scale-vs</b></p><a name="onc-monk-scale-vs"> </a><a name="hconc-monk-scale-vs"> </a><ul><li>Include all codes defined in <a href="CodeSystem-onc-monk-scale.html"><code>https://opennursingcoreig.com/CodeSystem/onc-monk-scale</code></a><span title="Version is not explicitly stated, which means it is fixed to the version provided in this specification"> version 📦0.1.0</span></li></ul></div></text><url value="https://opennursingcoreig.com/ValueSet/onc-monk-scale-vs"/><version value="0.1.0"/><name value="ONCMonkScaleVS"/><title value="Monk Skin Tone Scale ValueSet"/><status value="draft"/><date value="2026-01-02T16:27:10+00:00"/><compose><include><system value="https://opennursingcoreig.com/CodeSystem/onc-monk-scale"/></include></compose></ValueSet>