<?xml version="1.0" encoding="UTF-8"?><ValueSet xmlns="http://hl7.org/fhir"><id value="pain-assessment-code-vs"/><text><status value="generated"/><div xmlns="http://www.w3.org/1999/xhtml"><p class="res-header-id"><b>Generated Narrative: ValueSet pain-assessment-code-vs</b></p><a name="pain-assessment-code-vs"> </a><a name="hcpain-assessment-code-vs"> </a><ul><li>Include these codes as defined in <a href="http://loinc.org"><code>http://loinc.org</code></a><span title="Version is not explicitly stated. No matching Code System found"> version Not Stated (use latest from terminology server)</span><table class="none"><tr><td style="white-space:nowrap"><b>Code</b></td><td><b>Display</b></td></tr><tr><td><a href="https://loinc.org/72514-3/">72514-3</a></td><td>Pain severity - 0-10 verbal numeric rating</td></tr><tr><td><a href="https://loinc.org/38208-5/">38208-5</a></td><td>Pain severity - Reported</td></tr></table></li></ul></div></text><url value="https://clinyqai.github.io/open-nursing-core-ig/ValueSet/pain-assessment-code-vs"/><version value="1.0.0"/><name value="PainAssessmentCodeValueSet"/><title value="Pain Assessment Code Value Set"/><status value="active"/><date value="2025-12-26T11:30:54+00:00"/><description value="LOINC codes for pain severity assessment"/><compose><include><system value="http://loinc.org"/><concept><code value="72514-3"/><display value="Pain severity - 0-10 verbal numeric rating"/></concept><concept><code value="38208-5"/><display value="Pain severity - Reported"/></concept></include></compose></ValueSet>