<?xml version="1.0" encoding="UTF-8"?><ValueSet xmlns="http://hl7.org/fhir"><id value="housing-status-vs"/><text><status value="generated"/><div xmlns="http://www.w3.org/1999/xhtml"><p class="res-header-id"><b>Generated Narrative: ValueSet housing-status-vs</b></p><a name="housing-status-vs"> </a><a name="hchousing-status-vs"> </a><ul><li>Include these codes as defined in <a href="http://www.snomed.org/"><code>http://snomed.info/sct</code></a><span title="Version is not explicitly stated. No matching Code System found"> version Not Stated (use latest from terminology server)</span><table class="none"><tr><td style="white-space:nowrap"><b>Code</b></td><td><b>Display</b></td></tr><tr><td><a href="http://snomed.info/id/266935003">266935003</a></td><td>Housing problem</td></tr><tr><td><a href="http://snomed.info/id/160724001">160724001</a></td><td>Homeless</td></tr><tr><td><a href="http://snomed.info/id/224224003">224224003</a></td><td>Lives in own home</td></tr></table></li></ul></div></text><url value="https://clinyqai.github.io/open-nursing-core-ig/ValueSet/housing-status-vs"/><version value="1.0.0"/><name value="HousingStatusVS"/><title value="Housing Status Value Set"/><status value="active"/><experimental value="false"/><date value="2025-12-26T00:14:27+00:00"/><description value="Value set for patient housing status"/><compose><include><system value="http://snomed.info/sct"/><concept><code value="266935003"/><display value="Housing problem"/></concept><concept><code value="160724001"/><display value="Homeless"/></concept><concept><code value="224224003"/><display value="Lives in own home"/></concept></include></compose></ValueSet>