[
  {
    "id" : "onc-observation-codes",
    "type" : "CodeSystem",
    "url" : "http://open-nursing-core.org/CodeSystem/onc-observation-codes",
    "version" : "1.0.0",
    "name" : "ONCObservationCodes"
  },
  {
    "id" : "onc-monk-scale",
    "type" : "CodeSystem",
    "url" : "https://clinyqai.github.io/open-nursing-core-ig/CodeSystem/onc-monk-scale",
    "version" : "1.0.0",
    "name" : "ONCMonkScale"
  },
  {
    "id" : "onc-problem-type",
    "type" : "CodeSystem",
    "url" : "https://clinyqai.github.io/open-nursing-core-ig/CodeSystem/onc-problem-type",
    "version" : "1.0.0",
    "name" : "ONCProblemType"
  },
  {
    "id" : "onc.ig",
    "type" : "ImplementationGuide",
    "url" : "https://clinyqai.github.io/open-nursing-core-ig/ImplementationGuide/onc.ig",
    "version" : "1.0.0",
    "name" : "OpenNursingCoreIG"
  },
  {
    "id" : "intervention-goal-reference",
    "type" : "StructureDefinition",
    "url" : "https://clinyqai.github.io/open-nursing-core-ig/StructureDefinition/intervention-goal-reference",
    "version" : "1.0.0",
    "name" : "InterventionGoalReference"
  },
  {
    "id" : "observation-goal-reference",
    "type" : "StructureDefinition",
    "url" : "https://clinyqai.github.io/open-nursing-core-ig/StructureDefinition/observation-goal-reference",
    "version" : "1.0.0",
    "name" : "ObservationGoalReference"
  },
  {
    "id" : "onc-braden-scale-assessment",
    "type" : "StructureDefinition",
    "url" : "https://clinyqai.github.io/open-nursing-core-ig/StructureDefinition/onc-braden-scale-assessment",
    "version" : "1.0.0",
    "name" : "ONCBradenScaleAssessment"
  },
  {
    "id" : "onc-goal-evaluation",
    "type" : "StructureDefinition",
    "url" : "https://clinyqai.github.io/open-nursing-core-ig/StructureDefinition/onc-goal-evaluation",
    "version" : "1.0.0",
    "name" : "ONCGoalEvaluation"
  },
  {
    "id" : "onc-monk-skintone-observation",
    "type" : "StructureDefinition",
    "url" : "https://clinyqai.github.io/open-nursing-core-ig/StructureDefinition/onc-monk-skintone-observation",
    "version" : "1.0.0",
    "name" : "ONCMonkSkinToneObservation"
  },
  {
    "id" : "onc-nhs-patient",
    "type" : "StructureDefinition",
    "url" : "https://clinyqai.github.io/open-nursing-core-ig/StructureDefinition/onc-nhs-patient",
    "version" : "1.0.0",
    "name" : "ONCNHSPatient"
  },
  {
    "id" : "onc-nursing-assessment",
    "type" : "StructureDefinition",
    "url" : "https://clinyqai.github.io/open-nursing-core-ig/StructureDefinition/onc-nursing-assessment",
    "version" : "1.0.0",
    "name" : "ONCNursingAssessment"
  },
  {
    "id" : "onc-nursing-intervention",
    "type" : "StructureDefinition",
    "url" : "https://clinyqai.github.io/open-nursing-core-ig/StructureDefinition/onc-nursing-intervention",
    "version" : "1.0.0",
    "name" : "ONCNursingIntervention"
  },
  {
    "id" : "onc-nursing-problem",
    "type" : "StructureDefinition",
    "url" : "https://clinyqai.github.io/open-nursing-core-ig/StructureDefinition/onc-nursing-problem",
    "version" : "1.0.0",
    "name" : "ONCNursingProblem"
  },
  {
    "id" : "onc-patient-goal",
    "type" : "StructureDefinition",
    "url" : "https://clinyqai.github.io/open-nursing-core-ig/StructureDefinition/onc-patient-goal",
    "version" : "1.0.0",
    "name" : "ONCPatientGoal"
  },
  {
    "id" : "onc-skintone-observation",
    "type" : "StructureDefinition",
    "url" : "https://clinyqai.github.io/open-nursing-core-ig/StructureDefinition/onc-skintone-observation",
    "version" : "1.0.0",
    "name" : "ONCSkinToneObservation"
  },
  {
    "id" : "goal-evaluation-valueset",
    "type" : "ValueSet",
    "url" : "https://clinyqai.github.io/open-nursing-core-ig/ValueSet/goal-evaluation-valueset",
    "version" : "1.0.0",
    "name" : "GoalEvaluationValueSet"
  },
  {
    "id" : "housing-status-vs",
    "type" : "ValueSet",
    "url" : "https://clinyqai.github.io/open-nursing-core-ig/ValueSet/housing-status-vs",
    "version" : "1.0.0",
    "name" : "HousingStatusVS"
  },
  {
    "id" : "nursing-intervention-valueset",
    "type" : "ValueSet",
    "url" : "https://clinyqai.github.io/open-nursing-core-ig/ValueSet/nursing-intervention-valueset",
    "version" : "1.0.0",
    "name" : "NursingInterventionValueSet"
  },
  {
    "id" : "nursing-problem-valueset",
    "type" : "ValueSet",
    "url" : "https://clinyqai.github.io/open-nursing-core-ig/ValueSet/nursing-problem-valueset",
    "version" : "1.0.0",
    "name" : "NursingProblemValueSet"
  },
  {
    "id" : "onc-monk-scale-vs",
    "type" : "ValueSet",
    "url" : "https://clinyqai.github.io/open-nursing-core-ig/ValueSet/onc-monk-scale-vs",
    "version" : "1.0.0",
    "name" : "ONCMonkScaleVS"
  },
  {
    "id" : "problem-category-valueset",
    "type" : "ValueSet",
    "url" : "https://clinyqai.github.io/open-nursing-core-ig/ValueSet/problem-category-valueset",
    "version" : "1.0.0",
    "name" : "ProblemCategoryValueSet"
  },
  {
    "id" : "skintone-vs",
    "type" : "ValueSet",
    "url" : "https://clinyqai.github.io/open-nursing-core-ig/ValueSet/skintone-vs",
    "version" : "1.0.0",
    "name" : "SkinToneVS"
  },
  {
    "id" : "UKCore-Extension-EthnicCategory",
    "type" : "StructureDefinition",
    "url" : "https://fhir.hl7.org.uk/StructureDefinition/UKCore-Extension-EthnicCategory",
    "version" : "1.0.0",
    "name" : "UKCoreEthnicCategory"
  }
]
