{
  "codeSystems" : [
    {
      "url" : "http://open-nursing-core.org/CodeSystem/onc-problem-type",
      "version" : "1.0.0",
      "status" : "active",
      "name" : "ONCProblemType",
      "title" : "Problem Type CodeSystem",
      "description" : "Code system for categorizing types of nursing problems",
      "uses" : {
      },
      "ValueSet-problem-category-valueset.html" : "Problem Category Value Set"
    },
    {
      "url" : "http://snomed.info/sct",
      "version" : null,
      "status" : "active",
      "name" : "SNOMED_CT",
      "title" : "SNOMED CT (all versions)",
      "description" : "SNOMED CT is the most comprehensive and precise clinical health terminology product in the world, owned and distributed around the world by The International Health Terminology Standards Development Organisation (IHTSDO).",
      "oids" : ["2.16.840.1.113883.6.96"],
      "uses" : {
      },
      "ValueSet-skintone-vs.html" : "Fitzpatrick Skin Tone Value Set",
      "ValueSet-nursing-problem-valueset.html" : "Nursing Problem Value Set",
      "ValueSet-goal-evaluation-valueset.html" : "Goal Evaluation Value Set",
      "ValueSet-nursing-intervention-valueset.html" : "Nursing Intervention Value Set",
      "ValueSet-housing-status-vs.html" : "Housing Status Value Set"
    },
    {
      "url" : "https://clinyqai.github.io/open-nursing-core-ig/CodeSystem/onc-monk-scale",
      "version" : "1.0.0",
      "status" : "active",
      "name" : "ONCMonkScale",
      "title" : "Monk Skin Tone Scale CodeSystem",
      "description" : "",
      "uses" : {
      },
      "ValueSet-onc-monk-scale-vs.html" : "Monk Skin Tone Scale ValueSet"
    }
  ]
}
