{
  "resourceType" : "CodeSystem",
  "id" : "onc-problem-type",
  "text" : {
    "status" : "generated",
    "div" : "<div xmlns=\"http://www.w3.org/1999/xhtml\"><p class=\"res-header-id\"><b>Generated Narrative: CodeSystem onc-problem-type</b></p><a name=\"onc-problem-type\"> </a><a name=\"hconc-problem-type\"> </a><p>This  code system <code>https://clinyqai.github.io/open-nursing-core-ig/CodeSystem/onc-problem-type</code> defines the following code:</p><table class=\"codes\"><tr><td style=\"white-space:nowrap\"><b>Code</b></td><td><b>Display</b></td></tr><tr><td style=\"white-space:nowrap\">nursing-diagnosis<a name=\"onc-problem-type-nursing-diagnosis\"> </a></td><td>Nursing Diagnosis</td></tr></table></div>"
  },
  "url" : "https://clinyqai.github.io/open-nursing-core-ig/CodeSystem/onc-problem-type",
  "version" : "1.0.0",
  "name" : "ONCProblemType",
  "title" : "Problem Type CodeSystem",
  "status" : "active",
  "date" : "2025-11-28T14:30:06+00:00",
  "content" : "complete",
  "count" : 1,
  "concept" : [{
    "code" : "nursing-diagnosis",
    "display" : "Nursing Diagnosis"
  }]
}