{
  "codeSystems" : [
    {
      "url" : "http://hl7.org/fhir/administrative-gender",
      "version" : "4.0.1",
      "status" : "active",
      "name" : "AdministrativeGender",
      "title" : "AdministrativeGender",
      "description" : "The gender of a person used for administrative purposes.",
      "oids" : ["2.16.840.1.113883.4.642.4.2"],
      "uses" : {
      },
      "http://hl7.org/fhir/R4/valueset-administrative-gender.html" : "AdministrativeGender"
    },
    {
      "url" : "http://hl7.org/fhir/event-status",
      "version" : "4.0.1",
      "status" : "draft",
      "name" : "EventStatus",
      "title" : "EventStatus",
      "description" : "Codes identifying the lifecycle stage of an event.",
      "oids" : ["2.16.840.1.113883.4.642.4.110"],
      "uses" : {
      },
      "http://hl7.org/fhir/R4/valueset-event-status.html" : "EventStatus"
    },
    {
      "url" : "http://hl7.org/fhir/goal-status",
      "version" : "4.0.1",
      "status" : "draft",
      "name" : "GoalLifecycleStatus",
      "title" : "GoalLifecycleStatus",
      "description" : "Codes that reflect the current state of a goal and whether the goal is still being targeted.",
      "oids" : ["2.16.840.1.113883.4.642.4.272"],
      "uses" : {
      },
      "http://hl7.org/fhir/R4/valueset-goal-status.html" : "GoalLifecycleStatus"
    },
    {
      "url" : "http://hl7.org/fhir/link-type",
      "version" : "4.0.1",
      "status" : "active",
      "name" : "LinkType",
      "title" : "LinkType",
      "description" : "The type of link between this patient resource and another patient resource.",
      "oids" : ["2.16.840.1.113883.4.642.4.424"],
      "uses" : {
      },
      "http://hl7.org/fhir/R4/valueset-link-type.html" : "LinkType"
    },
    {
      "url" : "http://hl7.org/fhir/observation-status",
      "version" : "4.0.1",
      "status" : "active",
      "name" : "ObservationStatus",
      "title" : "ObservationStatus",
      "description" : "Codes providing the status of an observation.",
      "oids" : ["2.16.840.1.113883.4.642.4.401"],
      "uses" : {
      },
      "http://hl7.org/fhir/R4/valueset-observation-status.html" : "ObservationStatus"
    },
    {
      "url" : "http://hl7.org/fhir/quantity-comparator",
      "version" : "4.0.1",
      "status" : "active",
      "name" : "QuantityComparator",
      "title" : "QuantityComparator",
      "description" : "How the Quantity should be understood and represented.",
      "oids" : ["2.16.840.1.113883.4.642.4.60"],
      "uses" : {
      },
      "http://hl7.org/fhir/R4/valueset-quantity-comparator.html" : "QuantityComparator"
    },
    {
      "url" : "http://open-nursing-core.org/CodeSystem/onc-problem-type",
      "version" : "1.0.0",
      "status" : "active",
      "name" : "ONCProblemType",
      "title" : "Problem Type CodeSystem",
      "description" : "Code system for categorizing types of nursing problems",
      "uses" : {
      },
      "ValueSet-problem-category-valueset.html" : "Problem Category Value Set"
    },
    {
      "url" : "http://snomed.info/sct",
      "version" : null,
      "status" : "active",
      "name" : "SNOMED_CT",
      "title" : "SNOMED CT (all versions)",
      "description" : "SNOMED CT is the most comprehensive and precise clinical health terminology product in the world, owned and distributed around the world by The International Health Terminology Standards Development Organisation (IHTSDO).",
      "oids" : ["2.16.840.1.113883.6.96"],
      "uses" : {
      },
      "http://hl7.org/fhir/R4/valueset-procedure-followup.html" : "Procedure Follow up Codes (SNOMED CT)",
      "ValueSet-wound-stage-vs.html" : "Wound Stage Value Set",
      "ValueSet-news2-subscore-code-vs.html" : "NEWS2 Sub-Score Codes",
      "http://hl7.org/fhir/R4/valueset-device-action.html" : "Procedure Device Action Codes",
      "http://hl7.org/fhir/R4/valueset-procedure-category.html" : "Procedure Category Codes (SNOMED CT)",
      "http://hl7.org/fhir/R4/valueset-referencerange-appliesto.html" : "Observation Reference Range Applies To Codes",
      "ValueSet-skintone-vs.html" : "Fitzpatrick Skin Tone Value Set",
      "http://hl7.org/fhir/R4/valueset-observation-methods.html" : "Observation Methods",
      "http://hl7.org/fhir/R4/valueset-condition-code.html" : "Condition/Problem/Diagnosis Codes",
      "ValueSet-goal-evaluation-valueset.html" : "Goal Evaluation Value Set",
      "ValueSet-nursing-problem-valueset.html" : "Nursing Problem Value Set",
      "http://hl7.org/fhir/R4/valueset-device-kind.html" : "FHIR Device Types",
      "http://hl7.org/fhir/R4/valueset-clinical-findings.html" : "SNOMED CT Clinical Findings",
      "http://hl7.org/fhir/R4/valueset-goal-start-event.html" : "Goal start event",
      "ValueSet-inspired-oxygen-vs.html" : "Inspired Oxygen Value Set",
      "http://hl7.org/fhir/R4/valueset-performer-role.html" : "Procedure Performer Role Codes",
      "ValueSet-news2-code-vs.html" : "NEWS2 Code Value Set",
      "http://hl7.org/fhir/R4/valueset-condition-stage.html" : "Condition Stage",
      "http://hl7.org/fhir/R4/valueset-condition-severity.html" : "Condition/Diagnosis Severity",
      "http://hl7.org/fhir/R4/valueset-body-site.html" : "SNOMED CT Body Structures",
      "ValueSet-nursing-intervention-valueset.html" : "Nursing Intervention Value Set",
      "http://hl7.org/fhir/R4/valueset-procedure-outcome.html" : "Procedure Outcome Codes (SNOMED CT)",
      "http://hl7.org/fhir/R4/valueset-procedure-not-performed-reason.html" : "Procedure Not Performed Reason (SNOMED-CT)",
      "ValueSet-housing-status-vs.html" : "Housing Status Value Set",
      "http://hl7.org/fhir/R4/valueset-condition-stage-type.html" : "Condition Stage Type",
      "http://hl7.org/fhir/R4/valueset-procedure-reason.html" : "Procedure Reason Codes",
      "ValueSet-acvpu-vs.html" : "ACVPU Value Set",
      "http://hl7.org/fhir/R4/valueset-manifestation-or-symptom.html" : "Manifestation and Symptom Codes"
    },
    {
      "url" : "http://terminology.hl7.org/CodeSystem/condition-clinical",
      "version" : "3.0.0",
      "status" : "active",
      "name" : "ConditionClinicalStatusCodes",
      "title" : "Condition Clinical Status Codes",
      "description" : "Preferred value set for Condition Clinical Status.",
      "oids" : ["2.16.840.1.113883.4.642.1.1074"],
      "uses" : {
      },
      "http://hl7.org/fhir/R4/valueset-condition-clinical.html" : "Condition Clinical Status Codes"
    },
    {
      "url" : "http://terminology.hl7.org/CodeSystem/condition-ver-status",
      "version" : "2.0.1",
      "status" : "active",
      "name" : "ConditionVerificationStatus",
      "title" : "ConditionVerificationStatus",
      "description" : "The verification status to support or decline the clinical status of the condition or diagnosis.",
      "oids" : ["2.16.840.1.113883.4.642.1.1075"],
      "uses" : {
      },
      "http://hl7.org/fhir/R4/valueset-condition-ver-status.html" : "ConditionVerificationStatus"
    },
    {
      "url" : "http://terminology.hl7.org/CodeSystem/data-absent-reason",
      "version" : "1.0.0",
      "status" : "active",
      "name" : "DataAbsentReason",
      "title" : "DataAbsentReason",
      "description" : "Used to specify why the normally expected content of the data element is missing.",
      "oids" : ["2.16.840.1.113883.4.642.4.1048"],
      "uses" : {
      },
      "http://hl7.org/fhir/R4/valueset-data-absent-reason.html" : "DataAbsentReason"
    },
    {
      "url" : "http://terminology.hl7.org/CodeSystem/goal-achievement",
      "version" : "1.0.1",
      "status" : "active",
      "name" : "GoalAchievementStatus",
      "title" : "Goal achievement status",
      "description" : "Describes the progression, or lack thereof, towards the goal against the target.",
      "oids" : ["2.16.840.1.113883.4.642.1.1375"],
      "uses" : {
      },
      "http://hl7.org/fhir/R4/valueset-goal-achievement.html" : "Goal achievement status"
    },
    {
      "url" : "http://terminology.hl7.org/CodeSystem/goal-category",
      "version" : "2.0.0",
      "status" : "active",
      "name" : "GoalCategory",
      "title" : "Goal category",
      "description" : "Codes for grouping goals to use for filtering or presentation.",
      "oids" : ["2.16.840.1.113883.4.642.1.1097"],
      "uses" : {
      },
      "http://hl7.org/fhir/R4/valueset-goal-category.html" : "Goal category"
    },
    {
      "url" : "http://terminology.hl7.org/CodeSystem/goal-priority",
      "version" : "1.0.1",
      "status" : "active",
      "name" : "GoalPriority",
      "title" : "Goal priority",
      "description" : "Indicates the level of importance associated with reaching or sustaining a goal.",
      "oids" : ["2.16.840.1.113883.4.642.1.1096"],
      "uses" : {
      },
      "http://hl7.org/fhir/R4/valueset-goal-priority.html" : "Goal priority"
    },
    {
      "url" : "http://terminology.hl7.org/CodeSystem/observation-category",
      "version" : "2.0.0",
      "status" : "active",
      "name" : "ObservationCategoryCodes",
      "title" : "Observation Category Codes",
      "description" : "Observation Category codes.",
      "oids" : ["2.16.840.1.113883.4.642.1.1125"],
      "uses" : {
      },
      "http://hl7.org/fhir/R4/valueset-observation-category.html" : "Observation Category Codes"
    },
    {
      "url" : "http://terminology.hl7.org/CodeSystem/referencerange-meaning",
      "version" : "1.0.1",
      "status" : "active",
      "name" : "ObservationReferenceRangeMeaningCodes",
      "title" : "Observation Reference Range Meaning Codes",
      "description" : "This value set defines a set of codes that can be used to indicate the meaning/use of a reference range for a particular target population.",
      "oids" : ["2.16.840.1.113883.4.642.1.1124"],
      "uses" : {
      },
      "http://hl7.org/fhir/R4/valueset-referencerange-meaning.html" : "Observation Reference Range Meaning Codes"
    },
    {
      "url" : "http://terminology.hl7.org/CodeSystem/v2-0131",
      "version" : "3.0.0",
      "status" : "active",
      "name" : "ContactRole2",
      "title" : "contactRole2",
      "description" : "Code system of concepts which specify a relationship role that the next of kin/associated parties plays with regard to the patient. Also used in referrals, for example, it may be necessary to identify the contact representative at the clinic that sent a referral. Used in HL7 Version 2 messaging in the NK1 and CTD segments after 2.5, when it replace 2.16.840.1.113883.18.57.",
      "oids" : ["2.16.840.1.113883.18.58"],
      "uses" : {
      },
      "http://hl7.org/fhir/R4/valueset-patient-contactrelationship.html" : "Patient Contact Relationship "
    },
    {
      "url" : "http://terminology.hl7.org/CodeSystem/v3-MaritalStatus",
      "version" : "3.0.0",
      "status" : "active",
      "name" : "MaritalStatus",
      "title" : "MaritalStatus",
      "description" : "\\* \\* \\* No description supplied \\* \\* \\*\r\n\r\n*Open Issue:* The specific meanings of these codes can vary somewhat by jurisdiction and implementation so caution should be used when determining equivalency.\r\n\r\n*Open Issue:* fixing and completion of the hierarchy and proper good definitions of all the concepts is badly needed.",
      "oids" : ["2.16.840.1.113883.5.2"],
      "uses" : {
      },
      "http://hl7.org/fhir/R4/valueset-marital-status.html" : "MaritalStatus"
    },
    {
      "url" : "http://terminology.hl7.org/CodeSystem/v3-NullFlavor",
      "version" : "3.0.0",
      "status" : "active",
      "name" : "NullFlavor",
      "title" : "NullFlavor",
      "description" : "A collection of codes specifying why a valid value is not present.",
      "oids" : ["2.16.840.1.113883.5.1008"],
      "uses" : {
      },
      "http://hl7.org/fhir/R4/valueset-marital-status.html" : "MaritalStatus"
    },
    {
      "url" : "http://terminology.hl7.org/CodeSystem/v3-ObservationInterpretation",
      "version" : "3.0.0",
      "status" : "active",
      "name" : "ObservationInterpretation",
      "title" : "ObservationInterpretation",
      "description" : "One or more codes providing a rough qualitative interpretation of the observation, such as \"normal\" / \"abnormal\", \"low\" / \"high\", \"better\" / \"worse\", \"resistant\" / \"susceptible\", \"expected\" / \"not expected\". The value set is intended to be for ANY use where coded representation of an interpretation is needed.",
      "oids" : ["2.16.840.1.113883.5.83"],
      "uses" : {
      },
      "http://hl7.org/fhir/R4/valueset-observation-interpretation.html" : "Observation Interpretation Codes"
    },
    {
      "url" : "https://clinyqai.github.io/open-nursing-core-ig/CodeSystem/onc-monk-scale",
      "version" : "1.0.0",
      "status" : "active",
      "name" : "ONCMonkScale",
      "title" : "Monk Skin Tone Scale CodeSystem",
      "description" : "",
      "uses" : {
      },
      "ValueSet-onc-monk-scale-vs.html" : "Monk Skin Tone Scale ValueSet"
    }
  ]
}
