{
  "codeSystems" : [
    {
      "url" : "https://clinyqai.github.io/open-nursing-core-ig/CodeSystem/onc-monk-scale",
      "version" : "1.0.0",
      "status" : "active",
      "name" : "ONCMonkScale",
      "title" : "Monk Skin Tone Scale",
      "description" : "The Monk Skin Tone (MST) Scale is a 10-shade scale designed to represent a broader range of skin tones for AI and equity applications."
    },
    {
      "url" : "https://clinyqai.github.io/open-nursing-core-ig/CodeSystem/onc-observation-codes",
      "version" : "1.0.0",
      "status" : "active",
      "name" : "ONCObservationCodes",
      "title" : "ONC Observation Codes",
      "description" : "Local observation codes for Open Nursing Core IG."
    },
    {
      "url" : "https://clinyqai.github.io/open-nursing-core-ig/CodeSystem/onc-problem-type",
      "version" : "1.0.0",
      "status" : "active",
      "name" : "ONCProblemType",
      "title" : "Problem Type CodeSystem",
      "description" : ""
    }
  ]
}
