{
  "resourceType" : "Bundle",
  "id" : "90f0208c-f384-4eb8-a5e2-211d3c091a30",
  "meta" : {
    "lastUpdated" : "2025-12-26T11:26:31.225+00:00"
  },
  "type" : "collection",
  "entry" : [{
    "fullUrl" : "https://clinyqai.github.io/open-nursing-core-ig/ValueSet/acvpu-vs",
    "resource" : {
      "resourceType" : "ValueSet",
      "text" : {
        "status" : "generated",
        "div" : "<div xmlns=\"http://www.w3.org/1999/xhtml\" data-fhir=\"generated\"><p class=\"res-header-id\"/><p style=\"border: black 1px dotted; background-color: #EEEEEE; padding: 8px; margin-bottom: 8px\">Expansion from tx.fhir.org based on SNOMED CT International edition 01-Feb 2025<span class=\"copy-text-inline\"><button data-clipboard-text=\"http://snomed.info/sct|http://snomed.info/sct/900000000000207008/version/20250201\" title=\"Click to Copy URL\" class=\"btn-copy\"> </button></span></p><p>This value set contains 5 concepts</p><table class=\"codes\" data-fhir=\"generated\"><tr><td><b>System</b></td><td style=\"white-space:nowrap\"><b>Code</b></td><td><b>Display (en)</b></td><td><b>JSON</b></td><td><b>XML</b></td></tr><tr><td><a name=\"x-http://snomed.info/sct-248234008\"> </a><code>http://snomed.info/sct</code></td><td style=\"white-space:nowrap\">\u00a0\u00a0<a href=\"http://snomed.info/id/248234008\">248234008</a></td><td>Mentally alert</td><td><span class=\"copy-text-inline\"><button data-clipboard-text=\"{&quot;system&quot;: &quot;http://snomed.info/sct&quot;, &quot;version&quot;: &quot;http://snomed.info/sct/900000000000207008/version/20250201&quot;, &quot;code&quot;: &quot;248234008&quot;, &quot;display&quot;: &quot;Mentally alert&quot;}\" title=\"Click to Copy as Coding\" class=\"btn-copy\"> </button></span></td><td><span class=\"copy-text-inline\"><button data-clipboard-text=\"&lt;coding&gt;&lt;system value=&quot;http://snomed.info/sct&quot;&gt;&lt;version value=&quot;http://snomed.info/sct/900000000000207008/version/20250201&quot;&gt;&lt;code value=&quot;248234008&quot;&gt;&lt;display value=&quot;Mentally alert&quot;&gt;&lt;/coding&gt;\" title=\"Click to Copy as Coding\" class=\"btn-copy\"> </button></span></td></tr><tr><td><a name=\"x-http://snomed.info/sct-300202002\"> </a><code>http://snomed.info/sct</code></td><td style=\"white-space:nowrap\">\u00a0\u00a0<a href=\"http://snomed.info/id/300202002\">300202002</a></td><td>Responds to voice</td><td><span class=\"copy-text-inline\"><button data-clipboard-text=\"{&quot;system&quot;: &quot;http://snomed.info/sct&quot;, &quot;version&quot;: &quot;http://snomed.info/sct/900000000000207008/version/20250201&quot;, &quot;code&quot;: &quot;300202002&quot;, &quot;display&quot;: &quot;Responds to voice&quot;}\" title=\"Click to Copy as Coding\" class=\"btn-copy\"> </button></span></td><td><span class=\"copy-text-inline\"><button data-clipboard-text=\"&lt;coding&gt;&lt;system value=&quot;http://snomed.info/sct&quot;&gt;&lt;version value=&quot;http://snomed.info/sct/900000000000207008/version/20250201&quot;&gt;&lt;code value=&quot;300202002&quot;&gt;&lt;display value=&quot;Responds to voice&quot;&gt;&lt;/coding&gt;\" title=\"Click to Copy as Coding\" class=\"btn-copy\"> </button></span></td></tr><tr><td><a name=\"x-http://snomed.info/sct-450847001\"> </a><code>http://snomed.info/sct</code></td><td style=\"white-space:nowrap\">\u00a0\u00a0<a href=\"http://snomed.info/id/450847001\">450847001</a></td><td>Responds to pain (finding)</td><td><span class=\"copy-text-inline\"><button data-clipboard-text=\"{&quot;system&quot;: &quot;http://snomed.info/sct&quot;, &quot;version&quot;: &quot;http://snomed.info/sct/900000000000207008/version/20250201&quot;, &quot;code&quot;: &quot;450847001&quot;, &quot;display&quot;: &quot;Responds to pain (finding)&quot;}\" title=\"Click to Copy as Coding\" class=\"btn-copy\"> </button></span></td><td><span class=\"copy-text-inline\"><button data-clipboard-text=\"&lt;coding&gt;&lt;system value=&quot;http://snomed.info/sct&quot;&gt;&lt;version value=&quot;http://snomed.info/sct/900000000000207008/version/20250201&quot;&gt;&lt;code value=&quot;450847001&quot;&gt;&lt;display value=&quot;Responds to pain (finding)&quot;&gt;&lt;/coding&gt;\" title=\"Click to Copy as Coding\" class=\"btn-copy\"> </button></span></td></tr><tr><td><a name=\"x-http://snomed.info/sct-422768004\"> </a><code>http://snomed.info/sct</code></td><td style=\"white-space:nowrap\">\u00a0\u00a0<a href=\"http://snomed.info/id/422768004\">422768004</a></td><td>Unresponsive (finding)</td><td><span class=\"copy-text-inline\"><button data-clipboard-text=\"{&quot;system&quot;: &quot;http://snomed.info/sct&quot;, &quot;version&quot;: &quot;http://snomed.info/sct/900000000000207008/version/20250201&quot;, &quot;code&quot;: &quot;422768004&quot;, &quot;display&quot;: &quot;Unresponsive (finding)&quot;}\" title=\"Click to Copy as Coding\" class=\"btn-copy\"> </button></span></td><td><span class=\"copy-text-inline\"><button data-clipboard-text=\"&lt;coding&gt;&lt;system value=&quot;http://snomed.info/sct&quot;&gt;&lt;version value=&quot;http://snomed.info/sct/900000000000207008/version/20250201&quot;&gt;&lt;code value=&quot;422768004&quot;&gt;&lt;display value=&quot;Unresponsive (finding)&quot;&gt;&lt;/coding&gt;\" title=\"Click to Copy as Coding\" class=\"btn-copy\"> </button></span></td></tr><tr><td><a name=\"x-http://snomed.info/sct-130987000\"> </a><code>http://snomed.info/sct</code></td><td style=\"white-space:nowrap\">\u00a0\u00a0<a href=\"http://snomed.info/id/130987000\">130987000</a></td><td>Acute confusion</td><td><span class=\"copy-text-inline\"><button data-clipboard-text=\"{&quot;system&quot;: &quot;http://snomed.info/sct&quot;, &quot;version&quot;: &quot;http://snomed.info/sct/900000000000207008/version/20250201&quot;, &quot;code&quot;: &quot;130987000&quot;, &quot;display&quot;: &quot;Acute confusion&quot;}\" title=\"Click to Copy as Coding\" class=\"btn-copy\"> </button></span></td><td><span class=\"copy-text-inline\"><button data-clipboard-text=\"&lt;coding&gt;&lt;system value=&quot;http://snomed.info/sct&quot;&gt;&lt;version value=&quot;http://snomed.info/sct/900000000000207008/version/20250201&quot;&gt;&lt;code value=&quot;130987000&quot;&gt;&lt;display value=&quot;Acute confusion&quot;&gt;&lt;/coding&gt;\" title=\"Click to Copy as Coding\" class=\"btn-copy\"> </button></span></td></tr></table></div>"
      },
      "url" : "https://clinyqai.github.io/open-nursing-core-ig/ValueSet/acvpu-vs",
      "version" : "1.0.0",
      "name" : "ACVPUValueSet",
      "title" : "ACVPU Value Set",
      "status" : "active",
      "date" : "2025-12-26T11:26:31+00:00",
      "expansion" : {
        "identifier" : "urn:uuid:fa6fd29c-b162-4b4f-91dd-667adfd1ca95",
        "timestamp" : "2025-12-26T11:27:48+00:00",
        "total" : 5,
        "offset" : 0,
        "parameter" : [{
          "name" : "displayLanguage",
          "valueCode" : "en"
        },
        {
          "name" : "count",
          "valueInteger" : 1000
        },
        {
          "name" : "offset",
          "valueInteger" : 0
        },
        {
          "name" : "excludeNested",
          "valueBoolean" : false
        },
        {
          "name" : "used-valueset",
          "valueUri" : "null"
        },
        {
          "name" : "used-codesystem",
          "valueUri" : "http://snomed.info/sct|http://snomed.info/sct/900000000000207008/version/20250201"
        }],
        "contains" : [{
          "system" : "http://snomed.info/sct",
          "code" : "248234008",
          "display" : "Mentally alert"
        },
        {
          "system" : "http://snomed.info/sct",
          "code" : "300202002",
          "display" : "Responds to voice"
        },
        {
          "system" : "http://snomed.info/sct",
          "code" : "450847001",
          "display" : "Responds to pain (finding)"
        },
        {
          "system" : "http://snomed.info/sct",
          "code" : "422768004",
          "display" : "Unresponsive (finding)"
        },
        {
          "system" : "http://snomed.info/sct",
          "code" : "130987000",
          "display" : "Acute confusion"
        }]
      }
    }
  },
  {
    "fullUrl" : "https://clinyqai.github.io/open-nursing-core-ig/ValueSet/goal-evaluation-valueset",
    "resource" : {
      "resourceType" : "ValueSet",
      "text" : {
        "status" : "generated",
        "div" : "<div xmlns=\"http://www.w3.org/1999/xhtml\" data-fhir=\"generated\"><p class=\"res-header-id\"/><p style=\"border: black 1px dotted; background-color: #EEEEEE; padding: 8px; margin-bottom: 8px\">Expansion from tx.fhir.org based on SNOMED CT International edition 01-Feb 2025<span class=\"copy-text-inline\"><button data-clipboard-text=\"http://snomed.info/sct|http://snomed.info/sct/900000000000207008/version/20250201\" title=\"Click to Copy URL\" class=\"btn-copy\"> </button></span></p><p>This value set contains 3 concepts</p><table class=\"codes\" data-fhir=\"generated\"><tr><td><b>System</b></td><td style=\"white-space:nowrap\"><b>Code</b></td><td><b>Display (en)</b></td><td><b>Inactive</b></td><td><b><a href=\"http://hl7.org/fhir/concept-properties#status\">status</a></b></td><td><b>JSON</b></td><td><b>XML</b></td></tr><tr><td><a name=\"x-http://snomed.info/sct-385633008\"> </a><code>http://snomed.info/sct</code></td><td style=\"white-space:nowrap\">\u00a0\u00a0<a href=\"http://snomed.info/id/385633008\">385633008</a></td><td>Improving (qualifier value)</td><td/><td/><td><span class=\"copy-text-inline\"><button data-clipboard-text=\"{&quot;system&quot;: &quot;http://snomed.info/sct&quot;, &quot;version&quot;: &quot;http://snomed.info/sct/900000000000207008/version/20250201&quot;, &quot;code&quot;: &quot;385633008&quot;, &quot;display&quot;: &quot;Improving (qualifier value)&quot;}\" title=\"Click to Copy as Coding\" class=\"btn-copy\"> </button></span></td><td><span class=\"copy-text-inline\"><button data-clipboard-text=\"&lt;coding&gt;&lt;system value=&quot;http://snomed.info/sct&quot;&gt;&lt;version value=&quot;http://snomed.info/sct/900000000000207008/version/20250201&quot;&gt;&lt;code value=&quot;385633008&quot;&gt;&lt;display value=&quot;Improving (qualifier value)&quot;&gt;&lt;/coding&gt;\" title=\"Click to Copy as Coding\" class=\"btn-copy\"> </button></span></td></tr><tr><td><a name=\"x-http://snomed.info/sct-385634002\"> </a><code>http://snomed.info/sct</code></td><td style=\"white-space:nowrap\">\u00a0\u00a0<a href=\"http://snomed.info/id/385634002\">385634002</a></td><td>Change patterns (qualifier value)</td><td/><td/><td><span class=\"copy-text-inline\"><button data-clipboard-text=\"{&quot;system&quot;: &quot;http://snomed.info/sct&quot;, &quot;version&quot;: &quot;http://snomed.info/sct/900000000000207008/version/20250201&quot;, &quot;code&quot;: &quot;385634002&quot;, &quot;display&quot;: &quot;Change patterns (qualifier value)&quot;}\" title=\"Click to Copy as Coding\" class=\"btn-copy\"> </button></span></td><td><span class=\"copy-text-inline\"><button data-clipboard-text=\"&lt;coding&gt;&lt;system value=&quot;http://snomed.info/sct&quot;&gt;&lt;version value=&quot;http://snomed.info/sct/900000000000207008/version/20250201&quot;&gt;&lt;code value=&quot;385634002&quot;&gt;&lt;display value=&quot;Change patterns (qualifier value)&quot;&gt;&lt;/coding&gt;\" title=\"Click to Copy as Coding\" class=\"btn-copy\"> </button></span></td></tr><tr><td><a name=\"x-http://snomed.info/sct-118222006\"> </a><code>http://snomed.info/sct</code></td><td style=\"white-space:nowrap\">\u00a0\u00a0<a href=\"http://snomed.info/id/118222006\">118222006</a></td><td>General finding of observation of patient</td><td>inactive</td><td>inactive</td><td><span class=\"copy-text-inline\"><button data-clipboard-text=\"{&quot;system&quot;: &quot;http://snomed.info/sct&quot;, &quot;version&quot;: &quot;http://snomed.info/sct/900000000000207008/version/20250201&quot;, &quot;code&quot;: &quot;118222006&quot;, &quot;display&quot;: &quot;General finding of observation of patient&quot;}\" title=\"Click to Copy as Coding\" class=\"btn-copy\"> </button></span></td><td><span class=\"copy-text-inline\"><button data-clipboard-text=\"&lt;coding&gt;&lt;system value=&quot;http://snomed.info/sct&quot;&gt;&lt;version value=&quot;http://snomed.info/sct/900000000000207008/version/20250201&quot;&gt;&lt;code value=&quot;118222006&quot;&gt;&lt;display value=&quot;General finding of observation of patient&quot;&gt;&lt;/coding&gt;\" title=\"Click to Copy as Coding\" class=\"btn-copy\"> </button></span></td></tr></table></div>"
      },
      "url" : "https://clinyqai.github.io/open-nursing-core-ig/ValueSet/goal-evaluation-valueset",
      "version" : "1.0.0",
      "name" : "GoalEvaluationValueSet",
      "title" : "Goal Evaluation Value Set",
      "status" : "active",
      "experimental" : false,
      "date" : "2025-12-26T11:26:31+00:00",
      "expansion" : {
        "identifier" : "urn:uuid:24ca0d86-c066-4956-bb99-86f82414f7e0",
        "timestamp" : "2025-12-26T11:27:52+00:00",
        "total" : 3,
        "offset" : 0,
        "parameter" : [{
          "name" : "displayLanguage",
          "valueCode" : "en"
        },
        {
          "name" : "count",
          "valueInteger" : 1000
        },
        {
          "name" : "offset",
          "valueInteger" : 0
        },
        {
          "name" : "excludeNested",
          "valueBoolean" : false
        },
        {
          "name" : "used-valueset",
          "valueUri" : "null"
        },
        {
          "name" : "used-codesystem",
          "valueUri" : "http://snomed.info/sct|http://snomed.info/sct/900000000000207008/version/20250201"
        }],
        "property" : [{
          "code" : "status",
          "uri" : "http://hl7.org/fhir/concept-properties#status"
        }],
        "contains" : [{
          "system" : "http://snomed.info/sct",
          "code" : "385633008",
          "display" : "Improving (qualifier value)"
        },
        {
          "system" : "http://snomed.info/sct",
          "code" : "385634002",
          "display" : "Change patterns (qualifier value)"
        },
        {
          "system" : "http://snomed.info/sct",
          "inactive" : true,
          "code" : "118222006",
          "display" : "General finding of observation of patient",
          "property" : [{
            "code" : "status",
            "valueCode" : "inactive"
          }]
        }]
      }
    }
  },
  {
    "fullUrl" : "https://clinyqai.github.io/open-nursing-core-ig/ValueSet/housing-status-vs",
    "resource" : {
      "resourceType" : "ValueSet",
      "text" : {
        "status" : "generated",
        "div" : "<div xmlns=\"http://www.w3.org/1999/xhtml\" data-fhir=\"generated\"><p class=\"res-header-id\"/><p style=\"border: black 1px dotted; background-color: #EEEEEE; padding: 8px; margin-bottom: 8px\">Expansion from tx.fhir.org based on SNOMED CT International edition 01-Feb 2025<span class=\"copy-text-inline\"><button data-clipboard-text=\"http://snomed.info/sct|http://snomed.info/sct/900000000000207008/version/20250201\" title=\"Click to Copy URL\" class=\"btn-copy\"> </button></span></p><p>This value set contains 2 concepts</p><table class=\"codes\" data-fhir=\"generated\"><tr><td><b>System</b></td><td style=\"white-space:nowrap\"><b>Code</b></td><td><b>Display (en)</b></td><td><b>JSON</b></td><td><b>XML</b></td></tr><tr><td><a name=\"x-http://snomed.info/sct-266935003\"> </a><code>http://snomed.info/sct</code></td><td style=\"white-space:nowrap\">\u00a0\u00a0<a href=\"http://snomed.info/id/266935003\">266935003</a></td><td>Housing lack</td><td><span class=\"copy-text-inline\"><button data-clipboard-text=\"{&quot;system&quot;: &quot;http://snomed.info/sct&quot;, &quot;version&quot;: &quot;http://snomed.info/sct/900000000000207008/version/20250201&quot;, &quot;code&quot;: &quot;266935003&quot;, &quot;display&quot;: &quot;Housing lack&quot;}\" title=\"Click to Copy as Coding\" class=\"btn-copy\"> </button></span></td><td><span class=\"copy-text-inline\"><button data-clipboard-text=\"&lt;coding&gt;&lt;system value=&quot;http://snomed.info/sct&quot;&gt;&lt;version value=&quot;http://snomed.info/sct/900000000000207008/version/20250201&quot;&gt;&lt;code value=&quot;266935003&quot;&gt;&lt;display value=&quot;Housing lack&quot;&gt;&lt;/coding&gt;\" title=\"Click to Copy as Coding\" class=\"btn-copy\"> </button></span></td></tr><tr><td><a name=\"x-http://snomed.info/sct-224224003\"> </a><code>http://snomed.info/sct</code></td><td style=\"white-space:nowrap\">\u00a0\u00a0<a href=\"http://snomed.info/id/224224003\">224224003</a></td><td>Lives in staffed home</td><td><span class=\"copy-text-inline\"><button data-clipboard-text=\"{&quot;system&quot;: &quot;http://snomed.info/sct&quot;, &quot;version&quot;: &quot;http://snomed.info/sct/900000000000207008/version/20250201&quot;, &quot;code&quot;: &quot;224224003&quot;, &quot;display&quot;: &quot;Lives in staffed home&quot;}\" title=\"Click to Copy as Coding\" class=\"btn-copy\"> </button></span></td><td><span class=\"copy-text-inline\"><button data-clipboard-text=\"&lt;coding&gt;&lt;system value=&quot;http://snomed.info/sct&quot;&gt;&lt;version value=&quot;http://snomed.info/sct/900000000000207008/version/20250201&quot;&gt;&lt;code value=&quot;224224003&quot;&gt;&lt;display value=&quot;Lives in staffed home&quot;&gt;&lt;/coding&gt;\" title=\"Click to Copy as Coding\" class=\"btn-copy\"> </button></span></td></tr></table></div>"
      },
      "url" : "https://clinyqai.github.io/open-nursing-core-ig/ValueSet/housing-status-vs",
      "version" : "1.0.0",
      "name" : "HousingStatusVS",
      "title" : "Housing Status Value Set",
      "status" : "active",
      "experimental" : false,
      "date" : "2025-12-26T11:26:31+00:00",
      "expansion" : {
        "identifier" : "urn:uuid:5807f1a5-29ee-4987-97d4-5a7613ed0d04",
        "timestamp" : "2025-12-26T11:28:02+00:00",
        "total" : 2,
        "offset" : 0,
        "parameter" : [{
          "name" : "displayLanguage",
          "valueCode" : "en"
        },
        {
          "name" : "count",
          "valueInteger" : 1000
        },
        {
          "name" : "offset",
          "valueInteger" : 0
        },
        {
          "name" : "excludeNested",
          "valueBoolean" : false
        },
        {
          "name" : "used-valueset",
          "valueUri" : "null"
        },
        {
          "name" : "used-codesystem",
          "valueUri" : "http://snomed.info/sct|http://snomed.info/sct/900000000000207008/version/20250201"
        }],
        "contains" : [{
          "system" : "http://snomed.info/sct",
          "code" : "266935003",
          "display" : "Housing lack"
        },
        {
          "system" : "http://snomed.info/sct",
          "code" : "224224003",
          "display" : "Lives in staffed home"
        }]
      }
    }
  },
  {
    "fullUrl" : "https://clinyqai.github.io/open-nursing-core-ig/ValueSet/inspired-oxygen-vs",
    "resource" : {
      "resourceType" : "ValueSet",
      "text" : {
        "status" : "generated",
        "div" : "<div xmlns=\"http://www.w3.org/1999/xhtml\" data-fhir=\"generated\"><p class=\"res-header-id\"/><p style=\"border: black 1px dotted; background-color: #EEEEEE; padding: 8px; margin-bottom: 8px\">Expansion from tx.fhir.org based on SNOMED CT International edition 01-Feb 2025<span class=\"copy-text-inline\"><button data-clipboard-text=\"http://snomed.info/sct|http://snomed.info/sct/900000000000207008/version/20250201\" title=\"Click to Copy URL\" class=\"btn-copy\"> </button></span></p><p>This value set contains 2 concepts</p><table class=\"codes\" data-fhir=\"generated\"><tr><td><b>System</b></td><td style=\"white-space:nowrap\"><b>Code</b></td><td><b>Display (en)</b></td><td><b>JSON</b></td><td><b>XML</b></td></tr><tr><td><a name=\"x-http://snomed.info/sct-722742002\"> </a><code>http://snomed.info/sct</code></td><td style=\"white-space:nowrap\">\u00a0\u00a0<a href=\"http://snomed.info/id/722742002\">722742002</a></td><td>Breathing room air (finding)</td><td><span class=\"copy-text-inline\"><button data-clipboard-text=\"{&quot;system&quot;: &quot;http://snomed.info/sct&quot;, &quot;version&quot;: &quot;http://snomed.info/sct/900000000000207008/version/20250201&quot;, &quot;code&quot;: &quot;722742002&quot;, &quot;display&quot;: &quot;Breathing room air (finding)&quot;}\" title=\"Click to Copy as Coding\" class=\"btn-copy\"> </button></span></td><td><span class=\"copy-text-inline\"><button data-clipboard-text=\"&lt;coding&gt;&lt;system value=&quot;http://snomed.info/sct&quot;&gt;&lt;version value=&quot;http://snomed.info/sct/900000000000207008/version/20250201&quot;&gt;&lt;code value=&quot;722742002&quot;&gt;&lt;display value=&quot;Breathing room air (finding)&quot;&gt;&lt;/coding&gt;\" title=\"Click to Copy as Coding\" class=\"btn-copy\"> </button></span></td></tr><tr><td><a name=\"x-http://snomed.info/sct-371825009\"> </a><code>http://snomed.info/sct</code></td><td style=\"white-space:nowrap\">\u00a0\u00a0<a href=\"http://snomed.info/id/371825009\">371825009</a></td><td>Patient on oxygen (finding)</td><td><span class=\"copy-text-inline\"><button data-clipboard-text=\"{&quot;system&quot;: &quot;http://snomed.info/sct&quot;, &quot;version&quot;: &quot;http://snomed.info/sct/900000000000207008/version/20250201&quot;, &quot;code&quot;: &quot;371825009&quot;, &quot;display&quot;: &quot;Patient on oxygen (finding)&quot;}\" title=\"Click to Copy as Coding\" class=\"btn-copy\"> </button></span></td><td><span class=\"copy-text-inline\"><button data-clipboard-text=\"&lt;coding&gt;&lt;system value=&quot;http://snomed.info/sct&quot;&gt;&lt;version value=&quot;http://snomed.info/sct/900000000000207008/version/20250201&quot;&gt;&lt;code value=&quot;371825009&quot;&gt;&lt;display value=&quot;Patient on oxygen (finding)&quot;&gt;&lt;/coding&gt;\" title=\"Click to Copy as Coding\" class=\"btn-copy\"> </button></span></td></tr></table></div>"
      },
      "url" : "https://clinyqai.github.io/open-nursing-core-ig/ValueSet/inspired-oxygen-vs",
      "version" : "1.0.0",
      "name" : "InspiredOxygenValueSet",
      "title" : "Inspired Oxygen Value Set",
      "status" : "active",
      "date" : "2025-12-26T11:26:31+00:00",
      "expansion" : {
        "identifier" : "urn:uuid:2ccf482f-df0d-419e-a759-48afa8b01bfc",
        "timestamp" : "2025-12-26T11:27:53+00:00",
        "total" : 2,
        "offset" : 0,
        "parameter" : [{
          "name" : "displayLanguage",
          "valueCode" : "en"
        },
        {
          "name" : "count",
          "valueInteger" : 1000
        },
        {
          "name" : "offset",
          "valueInteger" : 0
        },
        {
          "name" : "excludeNested",
          "valueBoolean" : false
        },
        {
          "name" : "used-valueset",
          "valueUri" : "null"
        },
        {
          "name" : "used-codesystem",
          "valueUri" : "http://snomed.info/sct|http://snomed.info/sct/900000000000207008/version/20250201"
        }],
        "contains" : [{
          "system" : "http://snomed.info/sct",
          "code" : "722742002",
          "display" : "Breathing room air (finding)"
        },
        {
          "system" : "http://snomed.info/sct",
          "code" : "371825009",
          "display" : "Patient on oxygen (finding)"
        }]
      }
    }
  },
  {
    "fullUrl" : "https://clinyqai.github.io/open-nursing-core-ig/ValueSet/news2-code-vs",
    "resource" : {
      "resourceType" : "ValueSet",
      "text" : {
        "status" : "generated",
        "div" : "<div xmlns=\"http://www.w3.org/1999/xhtml\" data-fhir=\"generated\"><p class=\"res-header-id\"/><div style=\"border: black 1px dotted; background-color: #EEEEEE; padding: 8px; margin-bottom: 8px\"><p>Expansion from tx.fhir.org based on:</p><ul><li>Loinc v2.81<span class=\"copy-text-inline\"><button data-clipboard-text=\"http://loinc.org|2.81\" title=\"Click to Copy URL\" class=\"btn-copy\"> </button></span></li><li>SNOMED CT International edition 01-Feb 2025<span class=\"copy-text-inline\"><button data-clipboard-text=\"http://snomed.info/sct|http://snomed.info/sct/900000000000207008/version/20250201\" title=\"Click to Copy URL\" class=\"btn-copy\"> </button></span></li></ul></div><p>This value set contains 1 concepts</p><table class=\"codes\" data-fhir=\"generated\"><tr><td><b>System</b></td><td style=\"white-space:nowrap\"><b>Code</b></td><td><b>Display (en)</b></td><td><b>JSON</b></td><td><b>XML</b></td></tr><tr><td><a name=\"x-http://loinc.org-88330-6\"> </a><code>http://loinc.org</code></td><td style=\"white-space:nowrap\">\u00a0\u00a0<a href=\"https://loinc.org/88330-6/\">88330-6</a></td><td>Mobility - admission performance during 3 day assessment period [CMS Assessment]</td><td><span class=\"copy-text-inline\"><button data-clipboard-text=\"{&quot;system&quot;: &quot;http://loinc.org&quot;, &quot;version&quot;: &quot;2.81&quot;, &quot;code&quot;: &quot;88330-6&quot;, &quot;display&quot;: &quot;Mobility - admission performance during 3 day assessment period [CMS Assessment]&quot;}\" title=\"Click to Copy as Coding\" class=\"btn-copy\"> </button></span></td><td><span class=\"copy-text-inline\"><button data-clipboard-text=\"&lt;coding&gt;&lt;system value=&quot;http://loinc.org&quot;&gt;&lt;version value=&quot;2.81&quot;&gt;&lt;code value=&quot;88330-6&quot;&gt;&lt;display value=&quot;Mobility - admission performance during 3 day assessment period [CMS Assessment]&quot;&gt;&lt;/coding&gt;\" title=\"Click to Copy as Coding\" class=\"btn-copy\"> </button></span></td></tr></table></div>"
      },
      "url" : "https://clinyqai.github.io/open-nursing-core-ig/ValueSet/news2-code-vs",
      "version" : "1.0.0",
      "name" : "NEWS2CodeValueSet",
      "title" : "NEWS2 Code Value Set",
      "status" : "active",
      "date" : "2025-12-26T11:26:31+00:00",
      "expansion" : {
        "identifier" : "urn:uuid:05a4df28-9bbe-4c0c-ac0e-43aeec8a4426",
        "timestamp" : "2025-12-26T11:27:55+00:00",
        "total" : 1,
        "offset" : 0,
        "parameter" : [{
          "name" : "displayLanguage",
          "valueCode" : "en"
        },
        {
          "name" : "count",
          "valueInteger" : 1000
        },
        {
          "name" : "offset",
          "valueInteger" : 0
        },
        {
          "name" : "excludeNested",
          "valueBoolean" : false
        },
        {
          "name" : "used-valueset",
          "valueUri" : "null"
        },
        {
          "name" : "used-codesystem",
          "valueUri" : "http://loinc.org|2.81"
        },
        {
          "name" : "excludeNested",
          "valueBoolean" : true
        },
        {
          "name" : "used-codesystem",
          "valueUri" : "http://snomed.info/sct|http://snomed.info/sct/900000000000207008/version/20250201"
        }],
        "contains" : [{
          "system" : "http://loinc.org",
          "code" : "88330-6",
          "display" : "Mobility - admission performance during 3 day assessment period [CMS Assessment]"
        }]
      }
    }
  },
  {
    "fullUrl" : "https://clinyqai.github.io/open-nursing-core-ig/ValueSet/news2-subscore-code-vs",
    "resource" : {
      "resourceType" : "ValueSet",
      "text" : {
        "status" : "generated",
        "div" : "<div xmlns=\"http://www.w3.org/1999/xhtml\" data-fhir=\"generated\"><p class=\"res-header-id\"/><p style=\"border: black 1px dotted; background-color: #EEEEEE; padding: 8px; margin-bottom: 8px\">Expansion from tx.fhir.org based on SNOMED CT International edition 01-Feb 2025<span class=\"copy-text-inline\"><button data-clipboard-text=\"http://snomed.info/sct|http://snomed.info/sct/900000000000207008/version/20250201\" title=\"Click to Copy URL\" class=\"btn-copy\"> </button></span></p><p>This value set contains 0 concepts</p><table class=\"codes\" data-fhir=\"generated\"><tr><td><b>System</b></td><td style=\"white-space:nowrap\"><b>Code</b></td><td><b>Display (en)</b></td><td><b>JSON</b></td><td><b>XML</b></td></tr></table></div>"
      },
      "url" : "https://clinyqai.github.io/open-nursing-core-ig/ValueSet/news2-subscore-code-vs",
      "version" : "1.0.0",
      "name" : "NEWS2SubscoreCodeValueSet",
      "title" : "NEWS2 Sub-Score Codes",
      "status" : "active",
      "date" : "2025-12-26T11:26:31+00:00",
      "expansion" : {
        "identifier" : "urn:uuid:619cbd1b-84b7-4651-93bd-4c91f32b6a7c",
        "timestamp" : "2025-12-26T11:27:55+00:00",
        "total" : 0,
        "offset" : 0,
        "parameter" : [{
          "name" : "displayLanguage",
          "valueCode" : "en"
        },
        {
          "name" : "count",
          "valueInteger" : 1000
        },
        {
          "name" : "offset",
          "valueInteger" : 0
        },
        {
          "name" : "excludeNested",
          "valueBoolean" : false
        },
        {
          "name" : "used-valueset",
          "valueUri" : "null"
        },
        {
          "name" : "used-codesystem",
          "valueUri" : "http://snomed.info/sct|http://snomed.info/sct/900000000000207008/version/20250201"
        }]
      }
    }
  },
  {
    "fullUrl" : "https://clinyqai.github.io/open-nursing-core-ig/ValueSet/nursing-intervention-valueset",
    "resource" : {
      "resourceType" : "ValueSet",
      "text" : {
        "status" : "generated",
        "div" : "<div xmlns=\"http://www.w3.org/1999/xhtml\" data-fhir=\"generated\"><p class=\"res-header-id\"/><p style=\"border: black 1px dotted; background-color: #EEEEEE; padding: 8px; margin-bottom: 8px\">Expansion from tx.fhir.org based on SNOMED CT International edition 01-Feb 2025<span class=\"copy-text-inline\"><button data-clipboard-text=\"http://snomed.info/sct|http://snomed.info/sct/900000000000207008/version/20250201\" title=\"Click to Copy URL\" class=\"btn-copy\"> </button></span></p><p>This value set contains 3 concepts</p><table class=\"codes\" data-fhir=\"generated\"><tr><td><b>System</b></td><td style=\"white-space:nowrap\"><b>Code</b></td><td><b>Display (en)</b></td><td><b>JSON</b></td><td><b>XML</b></td></tr><tr><td><a name=\"x-http://snomed.info/sct-71388002\"> </a><code>http://snomed.info/sct</code></td><td style=\"white-space:nowrap\">\u00a0\u00a0<a href=\"http://snomed.info/id/71388002\">71388002</a></td><td>Procedure</td><td><span class=\"copy-text-inline\"><button data-clipboard-text=\"{&quot;system&quot;: &quot;http://snomed.info/sct&quot;, &quot;version&quot;: &quot;http://snomed.info/sct/900000000000207008/version/20250201&quot;, &quot;code&quot;: &quot;71388002&quot;, &quot;display&quot;: &quot;Procedure&quot;}\" title=\"Click to Copy as Coding\" class=\"btn-copy\"> </button></span></td><td><span class=\"copy-text-inline\"><button data-clipboard-text=\"&lt;coding&gt;&lt;system value=&quot;http://snomed.info/sct&quot;&gt;&lt;version value=&quot;http://snomed.info/sct/900000000000207008/version/20250201&quot;&gt;&lt;code value=&quot;71388002&quot;&gt;&lt;display value=&quot;Procedure&quot;&gt;&lt;/coding&gt;\" title=\"Click to Copy as Coding\" class=\"btn-copy\"> </button></span></td></tr><tr><td><a name=\"x-http://snomed.info/sct-225358003\"> </a><code>http://snomed.info/sct</code></td><td style=\"white-space:nowrap\">\u00a0\u00a0<a href=\"http://snomed.info/id/225358003\">225358003</a></td><td>Wound care</td><td><span class=\"copy-text-inline\"><button data-clipboard-text=\"{&quot;system&quot;: &quot;http://snomed.info/sct&quot;, &quot;version&quot;: &quot;http://snomed.info/sct/900000000000207008/version/20250201&quot;, &quot;code&quot;: &quot;225358003&quot;, &quot;display&quot;: &quot;Wound care&quot;}\" title=\"Click to Copy as Coding\" class=\"btn-copy\"> </button></span></td><td><span class=\"copy-text-inline\"><button data-clipboard-text=\"&lt;coding&gt;&lt;system value=&quot;http://snomed.info/sct&quot;&gt;&lt;version value=&quot;http://snomed.info/sct/900000000000207008/version/20250201&quot;&gt;&lt;code value=&quot;225358003&quot;&gt;&lt;display value=&quot;Wound care&quot;&gt;&lt;/coding&gt;\" title=\"Click to Copy as Coding\" class=\"btn-copy\"> </button></span></td></tr><tr><td><a name=\"x-http://snomed.info/sct-386373004\"> </a><code>http://snomed.info/sct</code></td><td style=\"white-space:nowrap\">\u00a0\u00a0<a href=\"http://snomed.info/id/386373004\">386373004</a></td><td>Nutrition therapy (regime/therapy)</td><td><span class=\"copy-text-inline\"><button data-clipboard-text=\"{&quot;system&quot;: &quot;http://snomed.info/sct&quot;, &quot;version&quot;: &quot;http://snomed.info/sct/900000000000207008/version/20250201&quot;, &quot;code&quot;: &quot;386373004&quot;, &quot;display&quot;: &quot;Nutrition therapy (regime/therapy)&quot;}\" title=\"Click to Copy as Coding\" class=\"btn-copy\"> </button></span></td><td><span class=\"copy-text-inline\"><button data-clipboard-text=\"&lt;coding&gt;&lt;system value=&quot;http://snomed.info/sct&quot;&gt;&lt;version value=&quot;http://snomed.info/sct/900000000000207008/version/20250201&quot;&gt;&lt;code value=&quot;386373004&quot;&gt;&lt;display value=&quot;Nutrition therapy (regime/therapy)&quot;&gt;&lt;/coding&gt;\" title=\"Click to Copy as Coding\" class=\"btn-copy\"> </button></span></td></tr></table></div>"
      },
      "url" : "https://clinyqai.github.io/open-nursing-core-ig/ValueSet/nursing-intervention-valueset",
      "version" : "1.0.0",
      "name" : "NursingInterventionValueSet",
      "title" : "Nursing Intervention Value Set",
      "status" : "active",
      "experimental" : false,
      "date" : "2025-12-26T11:26:31+00:00",
      "expansion" : {
        "identifier" : "urn:uuid:c57ab5bb-55d8-4552-9412-b481bb29adb7",
        "timestamp" : "2025-12-26T11:28:02+00:00",
        "total" : 3,
        "offset" : 0,
        "parameter" : [{
          "name" : "displayLanguage",
          "valueCode" : "en"
        },
        {
          "name" : "count",
          "valueInteger" : 1000
        },
        {
          "name" : "offset",
          "valueInteger" : 0
        },
        {
          "name" : "excludeNested",
          "valueBoolean" : false
        },
        {
          "name" : "used-valueset",
          "valueUri" : "null"
        },
        {
          "name" : "used-codesystem",
          "valueUri" : "http://snomed.info/sct|http://snomed.info/sct/900000000000207008/version/20250201"
        }],
        "contains" : [{
          "system" : "http://snomed.info/sct",
          "code" : "71388002",
          "display" : "Procedure"
        },
        {
          "system" : "http://snomed.info/sct",
          "code" : "225358003",
          "display" : "Wound care"
        },
        {
          "system" : "http://snomed.info/sct",
          "code" : "386373004",
          "display" : "Nutrition therapy (regime/therapy)"
        }]
      }
    }
  },
  {
    "fullUrl" : "https://clinyqai.github.io/open-nursing-core-ig/ValueSet/nursing-problem-valueset",
    "resource" : {
      "resourceType" : "ValueSet",
      "text" : {
        "status" : "generated",
        "div" : "<div xmlns=\"http://www.w3.org/1999/xhtml\" data-fhir=\"generated\"><p class=\"res-header-id\"/><p style=\"border: black 1px dotted; background-color: #EEEEEE; padding: 8px; margin-bottom: 8px\">Expansion from tx.fhir.org based on SNOMED CT International edition 01-Feb 2025<span class=\"copy-text-inline\"><button data-clipboard-text=\"http://snomed.info/sct|http://snomed.info/sct/900000000000207008/version/20250201\" title=\"Click to Copy URL\" class=\"btn-copy\"> </button></span></p><p>This value set contains 3 concepts</p><table class=\"codes\" data-fhir=\"generated\"><tr><td><b>System</b></td><td style=\"white-space:nowrap\"><b>Code</b></td><td><b>Display (en)</b></td><td><b>JSON</b></td><td><b>XML</b></td></tr><tr><td><a name=\"x-http://snomed.info/sct-129839007\"> </a><code>http://snomed.info/sct</code></td><td style=\"white-space:nowrap\">\u00a0\u00a0<a href=\"http://snomed.info/id/129839007\">129839007</a></td><td>At risk for falls</td><td><span class=\"copy-text-inline\"><button data-clipboard-text=\"{&quot;system&quot;: &quot;http://snomed.info/sct&quot;, &quot;version&quot;: &quot;http://snomed.info/sct/900000000000207008/version/20250201&quot;, &quot;code&quot;: &quot;129839007&quot;, &quot;display&quot;: &quot;At risk for falls&quot;}\" title=\"Click to Copy as Coding\" class=\"btn-copy\"> </button></span></td><td><span class=\"copy-text-inline\"><button data-clipboard-text=\"&lt;coding&gt;&lt;system value=&quot;http://snomed.info/sct&quot;&gt;&lt;version value=&quot;http://snomed.info/sct/900000000000207008/version/20250201&quot;&gt;&lt;code value=&quot;129839007&quot;&gt;&lt;display value=&quot;At risk for falls&quot;&gt;&lt;/coding&gt;\" title=\"Click to Copy as Coding\" class=\"btn-copy\"> </button></span></td></tr><tr><td><a name=\"x-http://snomed.info/sct-300893006\"> </a><code>http://snomed.info/sct</code></td><td style=\"white-space:nowrap\">\u00a0\u00a0<a href=\"http://snomed.info/id/300893006\">300893006</a></td><td>Nutritional finding</td><td><span class=\"copy-text-inline\"><button data-clipboard-text=\"{&quot;system&quot;: &quot;http://snomed.info/sct&quot;, &quot;version&quot;: &quot;http://snomed.info/sct/900000000000207008/version/20250201&quot;, &quot;code&quot;: &quot;300893006&quot;, &quot;display&quot;: &quot;Nutritional finding&quot;}\" title=\"Click to Copy as Coding\" class=\"btn-copy\"> </button></span></td><td><span class=\"copy-text-inline\"><button data-clipboard-text=\"&lt;coding&gt;&lt;system value=&quot;http://snomed.info/sct&quot;&gt;&lt;version value=&quot;http://snomed.info/sct/900000000000207008/version/20250201&quot;&gt;&lt;code value=&quot;300893006&quot;&gt;&lt;display value=&quot;Nutritional finding&quot;&gt;&lt;/coding&gt;\" title=\"Click to Copy as Coding\" class=\"btn-copy\"> </button></span></td></tr><tr><td><a name=\"x-http://snomed.info/sct-22253000\"> </a><code>http://snomed.info/sct</code></td><td style=\"white-space:nowrap\">\u00a0\u00a0<a href=\"http://snomed.info/id/22253000\">22253000</a></td><td>Pain</td><td><span class=\"copy-text-inline\"><button data-clipboard-text=\"{&quot;system&quot;: &quot;http://snomed.info/sct&quot;, &quot;version&quot;: &quot;http://snomed.info/sct/900000000000207008/version/20250201&quot;, &quot;code&quot;: &quot;22253000&quot;, &quot;display&quot;: &quot;Pain&quot;}\" title=\"Click to Copy as Coding\" class=\"btn-copy\"> </button></span></td><td><span class=\"copy-text-inline\"><button data-clipboard-text=\"&lt;coding&gt;&lt;system value=&quot;http://snomed.info/sct&quot;&gt;&lt;version value=&quot;http://snomed.info/sct/900000000000207008/version/20250201&quot;&gt;&lt;code value=&quot;22253000&quot;&gt;&lt;display value=&quot;Pain&quot;&gt;&lt;/coding&gt;\" title=\"Click to Copy as Coding\" class=\"btn-copy\"> </button></span></td></tr></table></div>"
      },
      "url" : "https://clinyqai.github.io/open-nursing-core-ig/ValueSet/nursing-problem-valueset",
      "version" : "1.0.0",
      "name" : "NursingProblemValueSet",
      "title" : "Nursing Problem Value Set",
      "status" : "active",
      "experimental" : false,
      "date" : "2025-12-26T11:26:31+00:00",
      "expansion" : {
        "identifier" : "urn:uuid:23babfcb-fe9b-49e5-8235-73125983b273",
        "timestamp" : "2025-12-26T11:27:56+00:00",
        "total" : 3,
        "offset" : 0,
        "parameter" : [{
          "name" : "displayLanguage",
          "valueCode" : "en"
        },
        {
          "name" : "count",
          "valueInteger" : 1000
        },
        {
          "name" : "offset",
          "valueInteger" : 0
        },
        {
          "name" : "excludeNested",
          "valueBoolean" : false
        },
        {
          "name" : "used-valueset",
          "valueUri" : "null"
        },
        {
          "name" : "used-codesystem",
          "valueUri" : "http://snomed.info/sct|http://snomed.info/sct/900000000000207008/version/20250201"
        }],
        "contains" : [{
          "system" : "http://snomed.info/sct",
          "code" : "129839007",
          "display" : "At risk for falls"
        },
        {
          "system" : "http://snomed.info/sct",
          "code" : "300893006",
          "display" : "Nutritional finding"
        },
        {
          "system" : "http://snomed.info/sct",
          "code" : "22253000",
          "display" : "Pain"
        }]
      }
    }
  },
  {
    "fullUrl" : "https://clinyqai.github.io/open-nursing-core-ig/ValueSet/onc-monk-scale-vs",
    "resource" : {
      "resourceType" : "ValueSet",
      "text" : {
        "status" : "generated",
        "div" : "<div xmlns=\"http://www.w3.org/1999/xhtml\" data-fhir=\"generated\"><p class=\"res-header-id\"/><p style=\"border: black 1px dotted; background-color: #EEEEEE; padding: 8px; margin-bottom: 8px\">Expansion performed internally based on <a href=\"CodeSystem-onc-monk-scale.html\">codesystem Monk Skin Tone Scale CodeSystem v1.0.0 (CodeSystem)</a><span class=\"copy-text-inline\"><button data-clipboard-text=\"https://clinyqai.github.io/open-nursing-core-ig/CodeSystem/onc-monk-scale|1.0.0\" title=\"Click to Copy URL\" class=\"btn-copy\"> </button></span></p><p>This value set contains 10 concepts</p><table class=\"codes\" data-fhir=\"generated\"><tr><td><b>System</b></td><td style=\"white-space:nowrap\"><b>Code</b></td><td><b>Display (en)</b></td><td><b>JSON</b></td><td><b>XML</b></td></tr><tr><td><a name=\"x-https://clinyqai.github.io/open-nursing-core-ig/CodeSystem/onc-monk-scale-A\"> </a><code>https://clinyqai.github.io/open-nursing-core-ig/CodeSystem/onc-monk-scale</code></td><td style=\"white-space:nowrap\">\u00a0\u00a0<a href=\"CodeSystem-onc-monk-scale.html#onc-monk-scale-A\">A</a></td><td>Light Skin</td><td><span class=\"copy-text-inline\"><button data-clipboard-text=\"{&quot;system&quot;: &quot;https://clinyqai.github.io/open-nursing-core-ig/CodeSystem/onc-monk-scale&quot;, &quot;version&quot;: &quot;1.0.0&quot;, &quot;code&quot;: &quot;A&quot;, &quot;display&quot;: &quot;Light Skin&quot;}\" title=\"Click to Copy as Coding\" class=\"btn-copy\"> </button></span></td><td><span class=\"copy-text-inline\"><button data-clipboard-text=\"&lt;coding&gt;&lt;system value=&quot;https://clinyqai.github.io/open-nursing-core-ig/CodeSystem/onc-monk-scale&quot;&gt;&lt;version value=&quot;1.0.0&quot;&gt;&lt;code value=&quot;A&quot;&gt;&lt;display value=&quot;Light Skin&quot;&gt;&lt;/coding&gt;\" title=\"Click to Copy as Coding\" class=\"btn-copy\"> </button></span></td></tr><tr><td><a name=\"x-https://clinyqai.github.io/open-nursing-core-ig/CodeSystem/onc-monk-scale-B\"> </a><code>https://clinyqai.github.io/open-nursing-core-ig/CodeSystem/onc-monk-scale</code></td><td style=\"white-space:nowrap\">\u00a0\u00a0<a href=\"CodeSystem-onc-monk-scale.html#onc-monk-scale-B\">B</a></td><td>Light-Medium Skin</td><td><span class=\"copy-text-inline\"><button data-clipboard-text=\"{&quot;system&quot;: &quot;https://clinyqai.github.io/open-nursing-core-ig/CodeSystem/onc-monk-scale&quot;, &quot;version&quot;: &quot;1.0.0&quot;, &quot;code&quot;: &quot;B&quot;, &quot;display&quot;: &quot;Light-Medium Skin&quot;}\" title=\"Click to Copy as Coding\" class=\"btn-copy\"> </button></span></td><td><span class=\"copy-text-inline\"><button data-clipboard-text=\"&lt;coding&gt;&lt;system value=&quot;https://clinyqai.github.io/open-nursing-core-ig/CodeSystem/onc-monk-scale&quot;&gt;&lt;version value=&quot;1.0.0&quot;&gt;&lt;code value=&quot;B&quot;&gt;&lt;display value=&quot;Light-Medium Skin&quot;&gt;&lt;/coding&gt;\" title=\"Click to Copy as Coding\" class=\"btn-copy\"> </button></span></td></tr><tr><td><a name=\"x-https://clinyqai.github.io/open-nursing-core-ig/CodeSystem/onc-monk-scale-C\"> </a><code>https://clinyqai.github.io/open-nursing-core-ig/CodeSystem/onc-monk-scale</code></td><td style=\"white-space:nowrap\">\u00a0\u00a0<a href=\"CodeSystem-onc-monk-scale.html#onc-monk-scale-C\">C</a></td><td>Medium Skin</td><td><span class=\"copy-text-inline\"><button data-clipboard-text=\"{&quot;system&quot;: &quot;https://clinyqai.github.io/open-nursing-core-ig/CodeSystem/onc-monk-scale&quot;, &quot;version&quot;: &quot;1.0.0&quot;, &quot;code&quot;: &quot;C&quot;, &quot;display&quot;: &quot;Medium Skin&quot;}\" title=\"Click to Copy as Coding\" class=\"btn-copy\"> </button></span></td><td><span class=\"copy-text-inline\"><button data-clipboard-text=\"&lt;coding&gt;&lt;system value=&quot;https://clinyqai.github.io/open-nursing-core-ig/CodeSystem/onc-monk-scale&quot;&gt;&lt;version value=&quot;1.0.0&quot;&gt;&lt;code value=&quot;C&quot;&gt;&lt;display value=&quot;Medium Skin&quot;&gt;&lt;/coding&gt;\" title=\"Click to Copy as Coding\" class=\"btn-copy\"> </button></span></td></tr><tr><td><a name=\"x-https://clinyqai.github.io/open-nursing-core-ig/CodeSystem/onc-monk-scale-D\"> </a><code>https://clinyqai.github.io/open-nursing-core-ig/CodeSystem/onc-monk-scale</code></td><td style=\"white-space:nowrap\">\u00a0\u00a0<a href=\"CodeSystem-onc-monk-scale.html#onc-monk-scale-D\">D</a></td><td>Medium-Dark Skin</td><td><span class=\"copy-text-inline\"><button data-clipboard-text=\"{&quot;system&quot;: &quot;https://clinyqai.github.io/open-nursing-core-ig/CodeSystem/onc-monk-scale&quot;, &quot;version&quot;: &quot;1.0.0&quot;, &quot;code&quot;: &quot;D&quot;, &quot;display&quot;: &quot;Medium-Dark Skin&quot;}\" title=\"Click to Copy as Coding\" class=\"btn-copy\"> </button></span></td><td><span class=\"copy-text-inline\"><button data-clipboard-text=\"&lt;coding&gt;&lt;system value=&quot;https://clinyqai.github.io/open-nursing-core-ig/CodeSystem/onc-monk-scale&quot;&gt;&lt;version value=&quot;1.0.0&quot;&gt;&lt;code value=&quot;D&quot;&gt;&lt;display value=&quot;Medium-Dark Skin&quot;&gt;&lt;/coding&gt;\" title=\"Click to Copy as Coding\" class=\"btn-copy\"> </button></span></td></tr><tr><td><a name=\"x-https://clinyqai.github.io/open-nursing-core-ig/CodeSystem/onc-monk-scale-E\"> </a><code>https://clinyqai.github.io/open-nursing-core-ig/CodeSystem/onc-monk-scale</code></td><td style=\"white-space:nowrap\">\u00a0\u00a0<a href=\"CodeSystem-onc-monk-scale.html#onc-monk-scale-E\">E</a></td><td>Dark Skin</td><td><span class=\"copy-text-inline\"><button data-clipboard-text=\"{&quot;system&quot;: &quot;https://clinyqai.github.io/open-nursing-core-ig/CodeSystem/onc-monk-scale&quot;, &quot;version&quot;: &quot;1.0.0&quot;, &quot;code&quot;: &quot;E&quot;, &quot;display&quot;: &quot;Dark Skin&quot;}\" title=\"Click to Copy as Coding\" class=\"btn-copy\"> </button></span></td><td><span class=\"copy-text-inline\"><button data-clipboard-text=\"&lt;coding&gt;&lt;system value=&quot;https://clinyqai.github.io/open-nursing-core-ig/CodeSystem/onc-monk-scale&quot;&gt;&lt;version value=&quot;1.0.0&quot;&gt;&lt;code value=&quot;E&quot;&gt;&lt;display value=&quot;Dark Skin&quot;&gt;&lt;/coding&gt;\" title=\"Click to Copy as Coding\" class=\"btn-copy\"> </button></span></td></tr><tr><td><a name=\"x-https://clinyqai.github.io/open-nursing-core-ig/CodeSystem/onc-monk-scale-F\"> </a><code>https://clinyqai.github.io/open-nursing-core-ig/CodeSystem/onc-monk-scale</code></td><td style=\"white-space:nowrap\">\u00a0\u00a0<a href=\"CodeSystem-onc-monk-scale.html#onc-monk-scale-F\">F</a></td><td>Deep Dark Skin</td><td><span class=\"copy-text-inline\"><button data-clipboard-text=\"{&quot;system&quot;: &quot;https://clinyqai.github.io/open-nursing-core-ig/CodeSystem/onc-monk-scale&quot;, &quot;version&quot;: &quot;1.0.0&quot;, &quot;code&quot;: &quot;F&quot;, &quot;display&quot;: &quot;Deep Dark Skin&quot;}\" title=\"Click to Copy as Coding\" class=\"btn-copy\"> </button></span></td><td><span class=\"copy-text-inline\"><button data-clipboard-text=\"&lt;coding&gt;&lt;system value=&quot;https://clinyqai.github.io/open-nursing-core-ig/CodeSystem/onc-monk-scale&quot;&gt;&lt;version value=&quot;1.0.0&quot;&gt;&lt;code value=&quot;F&quot;&gt;&lt;display value=&quot;Deep Dark Skin&quot;&gt;&lt;/coding&gt;\" title=\"Click to Copy as Coding\" class=\"btn-copy\"> </button></span></td></tr><tr><td><a name=\"x-https://clinyqai.github.io/open-nursing-core-ig/CodeSystem/onc-monk-scale-G\"> </a><code>https://clinyqai.github.io/open-nursing-core-ig/CodeSystem/onc-monk-scale</code></td><td style=\"white-space:nowrap\">\u00a0\u00a0<a href=\"CodeSystem-onc-monk-scale.html#onc-monk-scale-G\">G</a></td><td>Very Dark Skin</td><td><span class=\"copy-text-inline\"><button data-clipboard-text=\"{&quot;system&quot;: &quot;https://clinyqai.github.io/open-nursing-core-ig/CodeSystem/onc-monk-scale&quot;, &quot;version&quot;: &quot;1.0.0&quot;, &quot;code&quot;: &quot;G&quot;, &quot;display&quot;: &quot;Very Dark Skin&quot;}\" title=\"Click to Copy as Coding\" class=\"btn-copy\"> </button></span></td><td><span class=\"copy-text-inline\"><button data-clipboard-text=\"&lt;coding&gt;&lt;system value=&quot;https://clinyqai.github.io/open-nursing-core-ig/CodeSystem/onc-monk-scale&quot;&gt;&lt;version value=&quot;1.0.0&quot;&gt;&lt;code value=&quot;G&quot;&gt;&lt;display value=&quot;Very Dark Skin&quot;&gt;&lt;/coding&gt;\" title=\"Click to Copy as Coding\" class=\"btn-copy\"> </button></span></td></tr><tr><td><a name=\"x-https://clinyqai.github.io/open-nursing-core-ig/CodeSystem/onc-monk-scale-H\"> </a><code>https://clinyqai.github.io/open-nursing-core-ig/CodeSystem/onc-monk-scale</code></td><td style=\"white-space:nowrap\">\u00a0\u00a0<a href=\"CodeSystem-onc-monk-scale.html#onc-monk-scale-H\">H</a></td><td>Deepest Dark Skin</td><td><span class=\"copy-text-inline\"><button data-clipboard-text=\"{&quot;system&quot;: &quot;https://clinyqai.github.io/open-nursing-core-ig/CodeSystem/onc-monk-scale&quot;, &quot;version&quot;: &quot;1.0.0&quot;, &quot;code&quot;: &quot;H&quot;, &quot;display&quot;: &quot;Deepest Dark Skin&quot;}\" title=\"Click to Copy as Coding\" class=\"btn-copy\"> </button></span></td><td><span class=\"copy-text-inline\"><button data-clipboard-text=\"&lt;coding&gt;&lt;system value=&quot;https://clinyqai.github.io/open-nursing-core-ig/CodeSystem/onc-monk-scale&quot;&gt;&lt;version value=&quot;1.0.0&quot;&gt;&lt;code value=&quot;H&quot;&gt;&lt;display value=&quot;Deepest Dark Skin&quot;&gt;&lt;/coding&gt;\" title=\"Click to Copy as Coding\" class=\"btn-copy\"> </button></span></td></tr><tr><td><a name=\"x-https://clinyqai.github.io/open-nursing-core-ig/CodeSystem/onc-monk-scale-I\"> </a><code>https://clinyqai.github.io/open-nursing-core-ig/CodeSystem/onc-monk-scale</code></td><td style=\"white-space:nowrap\">\u00a0\u00a0<a href=\"CodeSystem-onc-monk-scale.html#onc-monk-scale-I\">I</a></td><td>Ultra Dark Skin</td><td><span class=\"copy-text-inline\"><button data-clipboard-text=\"{&quot;system&quot;: &quot;https://clinyqai.github.io/open-nursing-core-ig/CodeSystem/onc-monk-scale&quot;, &quot;version&quot;: &quot;1.0.0&quot;, &quot;code&quot;: &quot;I&quot;, &quot;display&quot;: &quot;Ultra Dark Skin&quot;}\" title=\"Click to Copy as Coding\" class=\"btn-copy\"> </button></span></td><td><span class=\"copy-text-inline\"><button data-clipboard-text=\"&lt;coding&gt;&lt;system value=&quot;https://clinyqai.github.io/open-nursing-core-ig/CodeSystem/onc-monk-scale&quot;&gt;&lt;version value=&quot;1.0.0&quot;&gt;&lt;code value=&quot;I&quot;&gt;&lt;display value=&quot;Ultra Dark Skin&quot;&gt;&lt;/coding&gt;\" title=\"Click to Copy as Coding\" class=\"btn-copy\"> </button></span></td></tr><tr><td><a name=\"x-https://clinyqai.github.io/open-nursing-core-ig/CodeSystem/onc-monk-scale-J\"> </a><code>https://clinyqai.github.io/open-nursing-core-ig/CodeSystem/onc-monk-scale</code></td><td style=\"white-space:nowrap\">\u00a0\u00a0<a href=\"CodeSystem-onc-monk-scale.html#onc-monk-scale-J\">J</a></td><td>Black Skin</td><td><span class=\"copy-text-inline\"><button data-clipboard-text=\"{&quot;system&quot;: &quot;https://clinyqai.github.io/open-nursing-core-ig/CodeSystem/onc-monk-scale&quot;, &quot;version&quot;: &quot;1.0.0&quot;, &quot;code&quot;: &quot;J&quot;, &quot;display&quot;: &quot;Black Skin&quot;}\" title=\"Click to Copy as Coding\" class=\"btn-copy\"> </button></span></td><td><span class=\"copy-text-inline\"><button data-clipboard-text=\"&lt;coding&gt;&lt;system value=&quot;https://clinyqai.github.io/open-nursing-core-ig/CodeSystem/onc-monk-scale&quot;&gt;&lt;version value=&quot;1.0.0&quot;&gt;&lt;code value=&quot;J&quot;&gt;&lt;display value=&quot;Black Skin&quot;&gt;&lt;/coding&gt;\" title=\"Click to Copy as Coding\" class=\"btn-copy\"> </button></span></td></tr></table></div>"
      },
      "url" : "https://clinyqai.github.io/open-nursing-core-ig/ValueSet/onc-monk-scale-vs",
      "version" : "1.0.0",
      "name" : "ONCMonkScaleVS",
      "title" : "Monk Skin Tone Scale ValueSet",
      "status" : "active",
      "date" : "2025-12-26T11:26:31+00:00",
      "expansion" : {
        "identifier" : "urn:uuid:54c59401-f52e-42b3-99e4-53a31dd4ba57",
        "timestamp" : "2025-12-26T11:27:54+00:00",
        "total" : 10,
        "offset" : 0,
        "parameter" : [{
          "name" : "displayLanguage",
          "valueCode" : "en"
        },
        {
          "name" : "count",
          "valueInteger" : 1000
        },
        {
          "name" : "offset",
          "valueInteger" : 0
        },
        {
          "name" : "excludeNested",
          "valueBoolean" : false
        },
        {
          "name" : "used-codesystem",
          "valueUri" : "https://clinyqai.github.io/open-nursing-core-ig/CodeSystem/onc-monk-scale|1.0.0"
        }],
        "contains" : [{
          "system" : "https://clinyqai.github.io/open-nursing-core-ig/CodeSystem/onc-monk-scale",
          "code" : "A",
          "display" : "Light Skin"
        },
        {
          "system" : "https://clinyqai.github.io/open-nursing-core-ig/CodeSystem/onc-monk-scale",
          "code" : "B",
          "display" : "Light-Medium Skin"
        },
        {
          "system" : "https://clinyqai.github.io/open-nursing-core-ig/CodeSystem/onc-monk-scale",
          "code" : "C",
          "display" : "Medium Skin"
        },
        {
          "system" : "https://clinyqai.github.io/open-nursing-core-ig/CodeSystem/onc-monk-scale",
          "code" : "D",
          "display" : "Medium-Dark Skin"
        },
        {
          "system" : "https://clinyqai.github.io/open-nursing-core-ig/CodeSystem/onc-monk-scale",
          "code" : "E",
          "display" : "Dark Skin"
        },
        {
          "system" : "https://clinyqai.github.io/open-nursing-core-ig/CodeSystem/onc-monk-scale",
          "code" : "F",
          "display" : "Deep Dark Skin"
        },
        {
          "system" : "https://clinyqai.github.io/open-nursing-core-ig/CodeSystem/onc-monk-scale",
          "code" : "G",
          "display" : "Very Dark Skin"
        },
        {
          "system" : "https://clinyqai.github.io/open-nursing-core-ig/CodeSystem/onc-monk-scale",
          "code" : "H",
          "display" : "Deepest Dark Skin"
        },
        {
          "system" : "https://clinyqai.github.io/open-nursing-core-ig/CodeSystem/onc-monk-scale",
          "code" : "I",
          "display" : "Ultra Dark Skin"
        },
        {
          "system" : "https://clinyqai.github.io/open-nursing-core-ig/CodeSystem/onc-monk-scale",
          "code" : "J",
          "display" : "Black Skin"
        }]
      }
    }
  },
  {
    "fullUrl" : "https://clinyqai.github.io/open-nursing-core-ig/ValueSet/pain-assessment-code-vs",
    "resource" : {
      "resourceType" : "ValueSet",
      "text" : {
        "status" : "generated",
        "div" : "<div xmlns=\"http://www.w3.org/1999/xhtml\" data-fhir=\"generated\"><p class=\"res-header-id\"/><p style=\"border: black 1px dotted; background-color: #EEEEEE; padding: 8px; margin-bottom: 8px\">Expansion from tx.fhir.org based on Loinc v2.81<span class=\"copy-text-inline\"><button data-clipboard-text=\"http://loinc.org|2.81\" title=\"Click to Copy URL\" class=\"btn-copy\"> </button></span></p><p>This value set contains 2 concepts</p><table class=\"codes\" data-fhir=\"generated\"><tr><td><b>System</b></td><td style=\"white-space:nowrap\"><b>Code</b></td><td><b>Display (en)</b></td><td><b>JSON</b></td><td><b>XML</b></td></tr><tr><td><a name=\"x-http://loinc.org-72514-3\"> </a><code>http://loinc.org</code></td><td style=\"white-space:nowrap\">\u00a0\u00a0<a href=\"https://loinc.org/72514-3/\">72514-3</a></td><td>Pain severity - 0-10 verbal numeric rating [Score] - Reported</td><td><span class=\"copy-text-inline\"><button data-clipboard-text=\"{&quot;system&quot;: &quot;http://loinc.org&quot;, &quot;version&quot;: &quot;2.81&quot;, &quot;code&quot;: &quot;72514-3&quot;, &quot;display&quot;: &quot;Pain severity - 0-10 verbal numeric rating [Score] - Reported&quot;}\" title=\"Click to Copy as Coding\" class=\"btn-copy\"> </button></span></td><td><span class=\"copy-text-inline\"><button data-clipboard-text=\"&lt;coding&gt;&lt;system value=&quot;http://loinc.org&quot;&gt;&lt;version value=&quot;2.81&quot;&gt;&lt;code value=&quot;72514-3&quot;&gt;&lt;display value=&quot;Pain severity - 0-10 verbal numeric rating [Score] - Reported&quot;&gt;&lt;/coding&gt;\" title=\"Click to Copy as Coding\" class=\"btn-copy\"> </button></span></td></tr><tr><td><a name=\"x-http://loinc.org-38208-5\"> </a><code>http://loinc.org</code></td><td style=\"white-space:nowrap\">\u00a0\u00a0<a href=\"https://loinc.org/38208-5/\">38208-5</a></td><td>Pain severity - Reported</td><td><span class=\"copy-text-inline\"><button data-clipboard-text=\"{&quot;system&quot;: &quot;http://loinc.org&quot;, &quot;version&quot;: &quot;2.81&quot;, &quot;code&quot;: &quot;38208-5&quot;, &quot;display&quot;: &quot;Pain severity - Reported&quot;}\" title=\"Click to Copy as Coding\" class=\"btn-copy\"> </button></span></td><td><span class=\"copy-text-inline\"><button data-clipboard-text=\"&lt;coding&gt;&lt;system value=&quot;http://loinc.org&quot;&gt;&lt;version value=&quot;2.81&quot;&gt;&lt;code value=&quot;38208-5&quot;&gt;&lt;display value=&quot;Pain severity - Reported&quot;&gt;&lt;/coding&gt;\" title=\"Click to Copy as Coding\" class=\"btn-copy\"> </button></span></td></tr></table></div>"
      },
      "url" : "https://clinyqai.github.io/open-nursing-core-ig/ValueSet/pain-assessment-code-vs",
      "version" : "1.0.0",
      "name" : "PainAssessmentCodeValueSet",
      "title" : "Pain Assessment Code Value Set",
      "status" : "active",
      "date" : "2025-12-26T11:26:31+00:00",
      "expansion" : {
        "identifier" : "urn:uuid:eeac8fb1-a685-4ab8-b194-201c577f0b5e",
        "timestamp" : "2025-12-26T11:27:57+00:00",
        "total" : 2,
        "offset" : 0,
        "parameter" : [{
          "name" : "displayLanguage",
          "valueCode" : "en"
        },
        {
          "name" : "count",
          "valueInteger" : 1000
        },
        {
          "name" : "offset",
          "valueInteger" : 0
        },
        {
          "name" : "excludeNested",
          "valueBoolean" : false
        },
        {
          "name" : "used-valueset",
          "valueUri" : "null"
        },
        {
          "name" : "used-codesystem",
          "valueUri" : "http://loinc.org|2.81"
        }],
        "contains" : [{
          "system" : "http://loinc.org",
          "code" : "72514-3",
          "display" : "Pain severity - 0-10 verbal numeric rating [Score] - Reported"
        },
        {
          "system" : "http://loinc.org",
          "code" : "38208-5",
          "display" : "Pain severity - Reported"
        }]
      }
    }
  },
  {
    "fullUrl" : "https://clinyqai.github.io/open-nursing-core-ig/ValueSet/problem-category-valueset",
    "resource" : {
      "resourceType" : "ValueSet",
      "text" : {
        "status" : "generated",
        "div" : "<div xmlns=\"http://www.w3.org/1999/xhtml\" data-fhir=\"generated\"><p class=\"res-header-id\"/><p style=\"border: black 1px dotted; background-color: #EEEEEE; padding: 8px; margin-bottom: 8px\">Expansion performed internally based on <a href=\"CodeSystem-onc-problem-type.html\">codesystem Problem Type CodeSystem v1.0.0 (CodeSystem)</a><span class=\"copy-text-inline\"><button data-clipboard-text=\"http://open-nursing-core.org/CodeSystem/onc-problem-type|1.0.0\" title=\"Click to Copy URL\" class=\"btn-copy\"> </button></span></p><p>This value set contains 3 concepts</p><table class=\"codes\" data-fhir=\"generated\"><tr><td><b>System</b></td><td style=\"white-space:nowrap\"><b>Code</b></td><td><b>Display (en)</b></td><td><b>Definition</b></td><td><b>JSON</b></td><td><b>XML</b></td></tr><tr><td><a name=\"x-http://open-nursing-core.org/CodeSystem/onc-problem-type-nursing-diagnosis\"> </a><code>http://open-nursing-core.org/CodeSystem/onc-problem-type</code></td><td style=\"white-space:nowrap\">\u00a0\u00a0<a href=\"CodeSystem-onc-problem-type.html#onc-problem-type-nursing-diagnosis\">nursing-diagnosis</a></td><td>Nursing Diagnosis</td><td>A clinical judgment about individual, family, or community responses to actual or potential health problems</td><td><span class=\"copy-text-inline\"><button data-clipboard-text=\"{&quot;system&quot;: &quot;http://open-nursing-core.org/CodeSystem/onc-problem-type&quot;, &quot;version&quot;: &quot;1.0.0&quot;, &quot;code&quot;: &quot;nursing-diagnosis&quot;, &quot;display&quot;: &quot;Nursing Diagnosis&quot;}\" title=\"Click to Copy as Coding\" class=\"btn-copy\"> </button></span></td><td><span class=\"copy-text-inline\"><button data-clipboard-text=\"&lt;coding&gt;&lt;system value=&quot;http://open-nursing-core.org/CodeSystem/onc-problem-type&quot;&gt;&lt;version value=&quot;1.0.0&quot;&gt;&lt;code value=&quot;nursing-diagnosis&quot;&gt;&lt;display value=&quot;Nursing Diagnosis&quot;&gt;&lt;/coding&gt;\" title=\"Click to Copy as Coding\" class=\"btn-copy\"> </button></span></td></tr><tr><td><a name=\"x-http://open-nursing-core.org/CodeSystem/onc-problem-type-risk-diagnosis\"> </a><code>http://open-nursing-core.org/CodeSystem/onc-problem-type</code></td><td style=\"white-space:nowrap\">\u00a0\u00a0<a href=\"CodeSystem-onc-problem-type.html#onc-problem-type-risk-diagnosis\">risk-diagnosis</a></td><td>Risk Diagnosis</td><td>A clinical judgment about an individual's vulnerability to developing an undesirable health condition</td><td><span class=\"copy-text-inline\"><button data-clipboard-text=\"{&quot;system&quot;: &quot;http://open-nursing-core.org/CodeSystem/onc-problem-type&quot;, &quot;version&quot;: &quot;1.0.0&quot;, &quot;code&quot;: &quot;risk-diagnosis&quot;, &quot;display&quot;: &quot;Risk Diagnosis&quot;}\" title=\"Click to Copy as Coding\" class=\"btn-copy\"> </button></span></td><td><span class=\"copy-text-inline\"><button data-clipboard-text=\"&lt;coding&gt;&lt;system value=&quot;http://open-nursing-core.org/CodeSystem/onc-problem-type&quot;&gt;&lt;version value=&quot;1.0.0&quot;&gt;&lt;code value=&quot;risk-diagnosis&quot;&gt;&lt;display value=&quot;Risk Diagnosis&quot;&gt;&lt;/coding&gt;\" title=\"Click to Copy as Coding\" class=\"btn-copy\"> </button></span></td></tr><tr><td><a name=\"x-http://open-nursing-core.org/CodeSystem/onc-problem-type-health-promotion\"> </a><code>http://open-nursing-core.org/CodeSystem/onc-problem-type</code></td><td style=\"white-space:nowrap\">\u00a0\u00a0<a href=\"CodeSystem-onc-problem-type.html#onc-problem-type-health-promotion\">health-promotion</a></td><td>Health Promotion Diagnosis</td><td>A clinical judgment about motivation to increase wellbeing</td><td><span class=\"copy-text-inline\"><button data-clipboard-text=\"{&quot;system&quot;: &quot;http://open-nursing-core.org/CodeSystem/onc-problem-type&quot;, &quot;version&quot;: &quot;1.0.0&quot;, &quot;code&quot;: &quot;health-promotion&quot;, &quot;display&quot;: &quot;Health Promotion Diagnosis&quot;}\" title=\"Click to Copy as Coding\" class=\"btn-copy\"> </button></span></td><td><span class=\"copy-text-inline\"><button data-clipboard-text=\"&lt;coding&gt;&lt;system value=&quot;http://open-nursing-core.org/CodeSystem/onc-problem-type&quot;&gt;&lt;version value=&quot;1.0.0&quot;&gt;&lt;code value=&quot;health-promotion&quot;&gt;&lt;display value=&quot;Health Promotion Diagnosis&quot;&gt;&lt;/coding&gt;\" title=\"Click to Copy as Coding\" class=\"btn-copy\"> </button></span></td></tr></table></div>"
      },
      "url" : "https://clinyqai.github.io/open-nursing-core-ig/ValueSet/problem-category-valueset",
      "version" : "1.0.0",
      "name" : "ProblemCategoryValueSet",
      "title" : "Problem Category Value Set",
      "status" : "active",
      "experimental" : false,
      "date" : "2025-12-26T11:26:31+00:00",
      "expansion" : {
        "identifier" : "urn:uuid:0205ecc0-766c-48e7-87e5-7f6e3a73bd7e",
        "timestamp" : "2025-12-26T11:27:57+00:00",
        "total" : 3,
        "offset" : 0,
        "parameter" : [{
          "name" : "displayLanguage",
          "valueCode" : "en"
        },
        {
          "name" : "count",
          "valueInteger" : 1000
        },
        {
          "name" : "offset",
          "valueInteger" : 0
        },
        {
          "name" : "excludeNested",
          "valueBoolean" : false
        },
        {
          "name" : "used-codesystem",
          "valueUri" : "http://open-nursing-core.org/CodeSystem/onc-problem-type|1.0.0"
        }],
        "contains" : [{
          "system" : "http://open-nursing-core.org/CodeSystem/onc-problem-type",
          "code" : "nursing-diagnosis",
          "display" : "Nursing Diagnosis"
        },
        {
          "system" : "http://open-nursing-core.org/CodeSystem/onc-problem-type",
          "code" : "risk-diagnosis",
          "display" : "Risk Diagnosis"
        },
        {
          "system" : "http://open-nursing-core.org/CodeSystem/onc-problem-type",
          "code" : "health-promotion",
          "display" : "Health Promotion Diagnosis"
        }]
      }
    }
  },
  {
    "fullUrl" : "https://clinyqai.github.io/open-nursing-core-ig/ValueSet/skintone-vs",
    "resource" : {
      "resourceType" : "ValueSet",
      "text" : {
        "status" : "generated",
        "div" : "<div xmlns=\"http://www.w3.org/1999/xhtml\" data-fhir=\"generated\"><p class=\"res-header-id\"/><p style=\"border: black 1px dotted; background-color: #EEEEEE; padding: 8px; margin-bottom: 8px\">Expansion from tx.fhir.org based on SNOMED CT International edition 01-Feb 2025<span class=\"copy-text-inline\"><button data-clipboard-text=\"http://snomed.info/sct|http://snomed.info/sct/900000000000207008/version/20250201\" title=\"Click to Copy URL\" class=\"btn-copy\"> </button></span></p><p>This value set contains 6 concepts</p><table class=\"codes\" data-fhir=\"generated\"><tr><td><b>System</b></td><td style=\"white-space:nowrap\"><b>Code</b></td><td><b>Display (en)</b></td><td><b>JSON</b></td><td><b>XML</b></td></tr><tr><td><a name=\"x-http://snomed.info/sct-403153005\"> </a><code>http://snomed.info/sct</code></td><td style=\"white-space:nowrap\">\u00a0\u00a0<a href=\"http://snomed.info/id/403153005\">403153005</a></td><td>Centipede bite</td><td><span class=\"copy-text-inline\"><button data-clipboard-text=\"{&quot;system&quot;: &quot;http://snomed.info/sct&quot;, &quot;version&quot;: &quot;http://snomed.info/sct/900000000000207008/version/20250201&quot;, &quot;code&quot;: &quot;403153005&quot;, &quot;display&quot;: &quot;Centipede bite&quot;}\" title=\"Click to Copy as Coding\" class=\"btn-copy\"> </button></span></td><td><span class=\"copy-text-inline\"><button data-clipboard-text=\"&lt;coding&gt;&lt;system value=&quot;http://snomed.info/sct&quot;&gt;&lt;version value=&quot;http://snomed.info/sct/900000000000207008/version/20250201&quot;&gt;&lt;code value=&quot;403153005&quot;&gt;&lt;display value=&quot;Centipede bite&quot;&gt;&lt;/coding&gt;\" title=\"Click to Copy as Coding\" class=\"btn-copy\"> </button></span></td></tr><tr><td><a name=\"x-http://snomed.info/sct-403154004\"> </a><code>http://snomed.info/sct</code></td><td style=\"white-space:nowrap\">\u00a0\u00a0<a href=\"http://snomed.info/id/403154004\">403154004</a></td><td>Millipede burn (disorder)</td><td><span class=\"copy-text-inline\"><button data-clipboard-text=\"{&quot;system&quot;: &quot;http://snomed.info/sct&quot;, &quot;version&quot;: &quot;http://snomed.info/sct/900000000000207008/version/20250201&quot;, &quot;code&quot;: &quot;403154004&quot;, &quot;display&quot;: &quot;Millipede burn (disorder)&quot;}\" title=\"Click to Copy as Coding\" class=\"btn-copy\"> </button></span></td><td><span class=\"copy-text-inline\"><button data-clipboard-text=\"&lt;coding&gt;&lt;system value=&quot;http://snomed.info/sct&quot;&gt;&lt;version value=&quot;http://snomed.info/sct/900000000000207008/version/20250201&quot;&gt;&lt;code value=&quot;403154004&quot;&gt;&lt;display value=&quot;Millipede burn (disorder)&quot;&gt;&lt;/coding&gt;\" title=\"Click to Copy as Coding\" class=\"btn-copy\"> </button></span></td></tr><tr><td><a name=\"x-http://snomed.info/sct-403155003\"> </a><code>http://snomed.info/sct</code></td><td style=\"white-space:nowrap\">\u00a0\u00a0<a href=\"http://snomed.info/id/403155003\">403155003</a></td><td>Dermatosis caused by Echinoidea (disorder)</td><td><span class=\"copy-text-inline\"><button data-clipboard-text=\"{&quot;system&quot;: &quot;http://snomed.info/sct&quot;, &quot;version&quot;: &quot;http://snomed.info/sct/900000000000207008/version/20250201&quot;, &quot;code&quot;: &quot;403155003&quot;, &quot;display&quot;: &quot;Dermatosis caused by Echinoidea (disorder)&quot;}\" title=\"Click to Copy as Coding\" class=\"btn-copy\"> </button></span></td><td><span class=\"copy-text-inline\"><button data-clipboard-text=\"&lt;coding&gt;&lt;system value=&quot;http://snomed.info/sct&quot;&gt;&lt;version value=&quot;http://snomed.info/sct/900000000000207008/version/20250201&quot;&gt;&lt;code value=&quot;403155003&quot;&gt;&lt;display value=&quot;Dermatosis caused by Echinoidea (disorder)&quot;&gt;&lt;/coding&gt;\" title=\"Click to Copy as Coding\" class=\"btn-copy\"> </button></span></td></tr><tr><td><a name=\"x-http://snomed.info/sct-403156002\"> </a><code>http://snomed.info/sct</code></td><td style=\"white-space:nowrap\">\u00a0\u00a0<a href=\"http://snomed.info/id/403156002\">403156002</a></td><td>Dermatosis caused by Coelenterata</td><td><span class=\"copy-text-inline\"><button data-clipboard-text=\"{&quot;system&quot;: &quot;http://snomed.info/sct&quot;, &quot;version&quot;: &quot;http://snomed.info/sct/900000000000207008/version/20250201&quot;, &quot;code&quot;: &quot;403156002&quot;, &quot;display&quot;: &quot;Dermatosis caused by Coelenterata&quot;}\" title=\"Click to Copy as Coding\" class=\"btn-copy\"> </button></span></td><td><span class=\"copy-text-inline\"><button data-clipboard-text=\"&lt;coding&gt;&lt;system value=&quot;http://snomed.info/sct&quot;&gt;&lt;version value=&quot;http://snomed.info/sct/900000000000207008/version/20250201&quot;&gt;&lt;code value=&quot;403156002&quot;&gt;&lt;display value=&quot;Dermatosis caused by Coelenterata&quot;&gt;&lt;/coding&gt;\" title=\"Click to Copy as Coding\" class=\"btn-copy\"> </button></span></td></tr><tr><td><a name=\"x-http://snomed.info/sct-403157006\"> </a><code>http://snomed.info/sct</code></td><td style=\"white-space:nowrap\">\u00a0\u00a0<a href=\"http://snomed.info/id/403157006\">403157006</a></td><td>Fire coral dermatitis (disorder)</td><td><span class=\"copy-text-inline\"><button data-clipboard-text=\"{&quot;system&quot;: &quot;http://snomed.info/sct&quot;, &quot;version&quot;: &quot;http://snomed.info/sct/900000000000207008/version/20250201&quot;, &quot;code&quot;: &quot;403157006&quot;, &quot;display&quot;: &quot;Fire coral dermatitis (disorder)&quot;}\" title=\"Click to Copy as Coding\" class=\"btn-copy\"> </button></span></td><td><span class=\"copy-text-inline\"><button data-clipboard-text=\"&lt;coding&gt;&lt;system value=&quot;http://snomed.info/sct&quot;&gt;&lt;version value=&quot;http://snomed.info/sct/900000000000207008/version/20250201&quot;&gt;&lt;code value=&quot;403157006&quot;&gt;&lt;display value=&quot;Fire coral dermatitis (disorder)&quot;&gt;&lt;/coding&gt;\" title=\"Click to Copy as Coding\" class=\"btn-copy\"> </button></span></td></tr><tr><td><a name=\"x-http://snomed.info/sct-403158001\"> </a><code>http://snomed.info/sct</code></td><td style=\"white-space:nowrap\">\u00a0\u00a0<a href=\"http://snomed.info/id/403158001\">403158001</a></td><td>Sea mat dermatitis</td><td><span class=\"copy-text-inline\"><button data-clipboard-text=\"{&quot;system&quot;: &quot;http://snomed.info/sct&quot;, &quot;version&quot;: &quot;http://snomed.info/sct/900000000000207008/version/20250201&quot;, &quot;code&quot;: &quot;403158001&quot;, &quot;display&quot;: &quot;Sea mat dermatitis&quot;}\" title=\"Click to Copy as Coding\" class=\"btn-copy\"> </button></span></td><td><span class=\"copy-text-inline\"><button data-clipboard-text=\"&lt;coding&gt;&lt;system value=&quot;http://snomed.info/sct&quot;&gt;&lt;version value=&quot;http://snomed.info/sct/900000000000207008/version/20250201&quot;&gt;&lt;code value=&quot;403158001&quot;&gt;&lt;display value=&quot;Sea mat dermatitis&quot;&gt;&lt;/coding&gt;\" title=\"Click to Copy as Coding\" class=\"btn-copy\"> </button></span></td></tr></table></div>"
      },
      "url" : "https://clinyqai.github.io/open-nursing-core-ig/ValueSet/skintone-vs",
      "version" : "1.0.0",
      "name" : "SkinToneVS",
      "title" : "Fitzpatrick Skin Tone Value Set",
      "status" : "active",
      "experimental" : false,
      "date" : "2025-12-26T11:26:31+00:00",
      "expansion" : {
        "identifier" : "urn:uuid:2dfec180-3af3-42f1-b9c2-fc58c19f2ea0",
        "timestamp" : "2025-12-26T11:28:00+00:00",
        "total" : 6,
        "offset" : 0,
        "parameter" : [{
          "name" : "displayLanguage",
          "valueCode" : "en"
        },
        {
          "name" : "count",
          "valueInteger" : 1000
        },
        {
          "name" : "offset",
          "valueInteger" : 0
        },
        {
          "name" : "excludeNested",
          "valueBoolean" : false
        },
        {
          "name" : "used-valueset",
          "valueUri" : "null"
        },
        {
          "name" : "used-codesystem",
          "valueUri" : "http://snomed.info/sct|http://snomed.info/sct/900000000000207008/version/20250201"
        }],
        "contains" : [{
          "system" : "http://snomed.info/sct",
          "code" : "403153005",
          "display" : "Centipede bite"
        },
        {
          "system" : "http://snomed.info/sct",
          "code" : "403154004",
          "display" : "Millipede burn (disorder)"
        },
        {
          "system" : "http://snomed.info/sct",
          "code" : "403155003",
          "display" : "Dermatosis caused by Echinoidea (disorder)"
        },
        {
          "system" : "http://snomed.info/sct",
          "code" : "403156002",
          "display" : "Dermatosis caused by Coelenterata"
        },
        {
          "system" : "http://snomed.info/sct",
          "code" : "403157006",
          "display" : "Fire coral dermatitis (disorder)"
        },
        {
          "system" : "http://snomed.info/sct",
          "code" : "403158001",
          "display" : "Sea mat dermatitis"
        }]
      }
    }
  },
  {
    "fullUrl" : "https://clinyqai.github.io/open-nursing-core-ig/ValueSet/wound-stage-vs",
    "resource" : {
      "resourceType" : "ValueSet",
      "text" : {
        "status" : "generated",
        "div" : "<div xmlns=\"http://www.w3.org/1999/xhtml\" data-fhir=\"generated\"><p class=\"res-header-id\"/><p style=\"border: black 1px dotted; background-color: #EEEEEE; padding: 8px; margin-bottom: 8px\">Expansion from tx.fhir.org based on SNOMED CT International edition 01-Feb 2025<span class=\"copy-text-inline\"><button data-clipboard-text=\"http://snomed.info/sct|http://snomed.info/sct/900000000000207008/version/20250201\" title=\"Click to Copy URL\" class=\"btn-copy\"> </button></span></p><p>This value set contains 4 concepts</p><table class=\"codes\" data-fhir=\"generated\"><tr><td><b>System</b></td><td style=\"white-space:nowrap\"><b>Code</b></td><td><b>Display (en)</b></td><td><b>Inactive</b></td><td><b><a href=\"http://hl7.org/fhir/concept-properties#status\">status</a></b></td><td><b>JSON</b></td><td><b>XML</b></td></tr><tr><td><a name=\"x-http://snomed.info/sct-421257003\"> </a><code>http://snomed.info/sct</code></td><td style=\"white-space:nowrap\">\u00a0\u00a0<a href=\"http://snomed.info/id/421257003\">421257003</a></td><td>Insert - dosing instruction imperative (qualifier value)</td><td/><td/><td><span class=\"copy-text-inline\"><button data-clipboard-text=\"{&quot;system&quot;: &quot;http://snomed.info/sct&quot;, &quot;version&quot;: &quot;http://snomed.info/sct/900000000000207008/version/20250201&quot;, &quot;code&quot;: &quot;421257003&quot;, &quot;display&quot;: &quot;Insert - dosing instruction imperative (qualifier value)&quot;}\" title=\"Click to Copy as Coding\" class=\"btn-copy\"> </button></span></td><td><span class=\"copy-text-inline\"><button data-clipboard-text=\"&lt;coding&gt;&lt;system value=&quot;http://snomed.info/sct&quot;&gt;&lt;version value=&quot;http://snomed.info/sct/900000000000207008/version/20250201&quot;&gt;&lt;code value=&quot;421257003&quot;&gt;&lt;display value=&quot;Insert - dosing instruction imperative (qualifier value)&quot;&gt;&lt;/coding&gt;\" title=\"Click to Copy as Coding\" class=\"btn-copy\"> </button></span></td></tr><tr><td><a name=\"x-http://snomed.info/sct-420324007\"> </a><code>http://snomed.info/sct</code></td><td style=\"white-space:nowrap\">\u00a0\u00a0<a href=\"http://snomed.info/id/420324007\">420324007</a></td><td>Pressure ulcer stage 2 (disorder)</td><td>inactive</td><td>inactive</td><td><span class=\"copy-text-inline\"><button data-clipboard-text=\"{&quot;system&quot;: &quot;http://snomed.info/sct&quot;, &quot;version&quot;: &quot;http://snomed.info/sct/900000000000207008/version/20250201&quot;, &quot;code&quot;: &quot;420324007&quot;, &quot;display&quot;: &quot;Pressure ulcer stage 2 (disorder)&quot;}\" title=\"Click to Copy as Coding\" class=\"btn-copy\"> </button></span></td><td><span class=\"copy-text-inline\"><button data-clipboard-text=\"&lt;coding&gt;&lt;system value=&quot;http://snomed.info/sct&quot;&gt;&lt;version value=&quot;http://snomed.info/sct/900000000000207008/version/20250201&quot;&gt;&lt;code value=&quot;420324007&quot;&gt;&lt;display value=&quot;Pressure ulcer stage 2 (disorder)&quot;&gt;&lt;/coding&gt;\" title=\"Click to Copy as Coding\" class=\"btn-copy\"> </button></span></td></tr><tr><td><a name=\"x-http://snomed.info/sct-421076008\"> </a><code>http://snomed.info/sct</code></td><td style=\"white-space:nowrap\">\u00a0\u00a0<a href=\"http://snomed.info/id/421076008\">421076008</a></td><td>Pressure ulcer stage 1 (disorder)</td><td>inactive</td><td>inactive</td><td><span class=\"copy-text-inline\"><button data-clipboard-text=\"{&quot;system&quot;: &quot;http://snomed.info/sct&quot;, &quot;version&quot;: &quot;http://snomed.info/sct/900000000000207008/version/20250201&quot;, &quot;code&quot;: &quot;421076008&quot;, &quot;display&quot;: &quot;Pressure ulcer stage 1 (disorder)&quot;}\" title=\"Click to Copy as Coding\" class=\"btn-copy\"> </button></span></td><td><span class=\"copy-text-inline\"><button data-clipboard-text=\"&lt;coding&gt;&lt;system value=&quot;http://snomed.info/sct&quot;&gt;&lt;version value=&quot;http://snomed.info/sct/900000000000207008/version/20250201&quot;&gt;&lt;code value=&quot;421076008&quot;&gt;&lt;display value=&quot;Pressure ulcer stage 1 (disorder)&quot;&gt;&lt;/coding&gt;\" title=\"Click to Copy as Coding\" class=\"btn-copy\"> </button></span></td></tr><tr><td><a name=\"x-http://snomed.info/sct-723071003\"> </a><code>http://snomed.info/sct</code></td><td style=\"white-space:nowrap\">\u00a0\u00a0<a href=\"http://snomed.info/id/723071003\">723071003</a></td><td>Pressure injury of deep tissue (disorder)</td><td/><td/><td><span class=\"copy-text-inline\"><button data-clipboard-text=\"{&quot;system&quot;: &quot;http://snomed.info/sct&quot;, &quot;version&quot;: &quot;http://snomed.info/sct/900000000000207008/version/20250201&quot;, &quot;code&quot;: &quot;723071003&quot;, &quot;display&quot;: &quot;Pressure injury of deep tissue (disorder)&quot;}\" title=\"Click to Copy as Coding\" class=\"btn-copy\"> </button></span></td><td><span class=\"copy-text-inline\"><button data-clipboard-text=\"&lt;coding&gt;&lt;system value=&quot;http://snomed.info/sct&quot;&gt;&lt;version value=&quot;http://snomed.info/sct/900000000000207008/version/20250201&quot;&gt;&lt;code value=&quot;723071003&quot;&gt;&lt;display value=&quot;Pressure injury of deep tissue (disorder)&quot;&gt;&lt;/coding&gt;\" title=\"Click to Copy as Coding\" class=\"btn-copy\"> </button></span></td></tr></table></div>"
      },
      "url" : "https://clinyqai.github.io/open-nursing-core-ig/ValueSet/wound-stage-vs",
      "version" : "1.0.0",
      "name" : "WoundStageValueSet",
      "title" : "Wound Stage Value Set",
      "status" : "active",
      "date" : "2025-12-26T11:26:31+00:00",
      "expansion" : {
        "identifier" : "urn:uuid:bff95869-b1e1-4279-a91b-cb5842a12dee",
        "timestamp" : "2025-12-26T11:28:01+00:00",
        "total" : 4,
        "offset" : 0,
        "parameter" : [{
          "name" : "displayLanguage",
          "valueCode" : "en"
        },
        {
          "name" : "count",
          "valueInteger" : 1000
        },
        {
          "name" : "offset",
          "valueInteger" : 0
        },
        {
          "name" : "excludeNested",
          "valueBoolean" : false
        },
        {
          "name" : "used-valueset",
          "valueUri" : "null"
        },
        {
          "name" : "used-codesystem",
          "valueUri" : "http://snomed.info/sct|http://snomed.info/sct/900000000000207008/version/20250201"
        }],
        "property" : [{
          "code" : "status",
          "uri" : "http://hl7.org/fhir/concept-properties#status"
        }],
        "contains" : [{
          "system" : "http://snomed.info/sct",
          "code" : "421257003",
          "display" : "Insert - dosing instruction imperative (qualifier value)"
        },
        {
          "system" : "http://snomed.info/sct",
          "inactive" : true,
          "code" : "420324007",
          "display" : "Pressure ulcer stage 2 (disorder)",
          "property" : [{
            "code" : "status",
            "valueCode" : "inactive"
          }]
        },
        {
          "system" : "http://snomed.info/sct",
          "inactive" : true,
          "code" : "421076008",
          "display" : "Pressure ulcer stage 1 (disorder)",
          "property" : [{
            "code" : "status",
            "valueCode" : "inactive"
          }]
        },
        {
          "system" : "http://snomed.info/sct",
          "code" : "723071003",
          "display" : "Pressure injury of deep tissue (disorder)"
        }]
      }
    }
  }]
}