{
  "package": "onc.ig",
  "version": "1.0.0",
  "fhirVersion": "4.0.1",
  "extensions": [
    {
      "url": "https://clinyqai.github.io/open-nursing-core-ig/StructureDefinition/intervention-goal-reference",
      "title": "Intervention Goal Reference",
      "types": [
        "Reference"
      ]
    },
    {
      "url": "https://clinyqai.github.io/open-nursing-core-ig/StructureDefinition/observation-goal-reference",
      "title": "Observation Goal Reference",
      "types": [
        "Reference"
      ]
    },
    {
      "url": "https://fhir.hl7.org.uk/StructureDefinition/UKCore-Extension-EthnicCategory",
      "title": "UK Core Ethnic Category",
      "types": [
        "CodeableConcept"
      ]
    }
  ],
  "profiles": {
    "Observation": [
      {
        "url": "https://clinyqai.github.io/open-nursing-core-ig/StructureDefinition/onc-qsofa",
        "title": "qSOFA (Quick SOFA)"
      },
      {
        "url": "https://clinyqai.github.io/open-nursing-core-ig/StructureDefinition/onc-respiration-rate",
        "title": "Respiration Rate"
      },
      {
        "url": "https://clinyqai.github.io/open-nursing-core-ig/StructureDefinition/onc-skintone-observation",
        "title": "Skin Tone Observation"
      },
      {
        "url": "https://clinyqai.github.io/open-nursing-core-ig/StructureDefinition/onc-waterlow-score",
        "title": "Waterlow Score"
      },
      {
        "url": "https://clinyqai.github.io/open-nursing-core-ig/StructureDefinition/onc-wound-assessment",
        "title": "Wound Assessment"
      }
    ],
    "Patient": [
      {
        "url": "https://clinyqai.github.io/open-nursing-core-ig/StructureDefinition/onc-nhs-patient",
        "title": "ONC NHS Patient"
      }
    ],
    "Procedure": [
      {
        "url": "https://clinyqai.github.io/open-nursing-core-ig/StructureDefinition/onc-nursing-intervention",
        "title": "Nursing Intervention"
      }
    ],
    "Condition": [
      {
        "url": "https://clinyqai.github.io/open-nursing-core-ig/StructureDefinition/onc-nursing-problem",
        "title": "Nursing Problem"
      }
    ],
    "Goal": [
      {
        "url": "https://clinyqai.github.io/open-nursing-core-ig/StructureDefinition/onc-patient-goal",
        "title": "Patient Goal"
      }
    ]
  },
  "usage": {
    "http://hl7.org/fhir/StructureDefinition/elementdefinition-bestpractice": [
      "StructureDefinition.snapshot.element.constraint"
    ],
    "http://hl7.org/fhir/StructureDefinition/elementdefinition-bestpractice-explanation": [
      "StructureDefinition.snapshot.element.constraint"
    ],
    "http://hl7.org/fhir/StructureDefinition/elementdefinition-bindingName": [
      "StructureDefinition.snapshot.element.binding"
    ],
    "http://hl7.org/fhir/StructureDefinition/elementdefinition-maxValueSet": [
      "StructureDefinition.snapshot.element.binding"
    ],
    "http://hl7.org/fhir/StructureDefinition/elementdefinition-translatable": [
      "StructureDefinition.snapshot.element"
    ],
    "http://hl7.org/fhir/StructureDefinition/structuredefinition-display-hint": [
      "StructureDefinition.snapshot.element"
    ],
    "http://hl7.org/fhir/StructureDefinition/structuredefinition-fhir-type": [
      "StructureDefinition.snapshot.element.type"
    ],
    "http://hl7.org/fhir/StructureDefinition/structuredefinition-hierarchy": [
      "StructureDefinition.snapshot.element.type"
    ],
    "http://hl7.org/fhir/tools/StructureDefinition/ig-internal-dependency": [
      "ImplementationGuide.definition"
    ],
    "http://hl7.org/fhir/tools/StructureDefinition/ig-page-name": [
      "ImplementationGuide.definition.page",
      "ImplementationGuide.definition.page.page"
    ],
    "http://hl7.org/fhir/tools/StructureDefinition/ig-parameter": [
      "ImplementationGuide.definition"
    ],
    "http://hl7.org/fhir/tools/StructureDefinition/implementationguide-dependency-comment": [
      "ImplementationGuide.dependsOn"
    ],
    "http://hl7.org/fhir/tools/StructureDefinition/resource-information": [
      "ImplementationGuide.definition.resource"
    ],
    "http://hl7.org/fhir/tools/StructureDefinition/snapshot-base-version": [
      "StructureDefinition.snapshot"
    ],
    "https://clinyqai.github.io/open-nursing-core-ig/StructureDefinition/intervention-goal-reference": [
      "Procedure"
    ],
    "https://clinyqai.github.io/open-nursing-core-ig/StructureDefinition/observation-goal-reference": [
      "Observation"
    ],
    "https://fhir.hl7.org.uk/StructureDefinition/UKCore-Extension-EthnicCategory": [
      "Patient"
    ]
  }
}