<?xml version="1.0" encoding="UTF-8"?>

<ValueSet xmlns="http://hl7.org/fhir">
  <id value="nursing-problem-valueset"/>
  <text>
    <status value="generated"/><div xmlns="http://www.w3.org/1999/xhtml"><p class="res-header-id"><b>Generated Narrative: ValueSet nursing-problem-valueset</b></p><a name="nursing-problem-valueset"> </a><a name="hcnursing-problem-valueset"> </a><ul><li>Include these codes as defined in <a href="http://www.snomed.org/"><code>http://snomed.info/sct</code></a><span title="Version is not explicitly stated. No matching Code System found"> version Not Stated (use latest from terminology server)</span><table class="none"><tr><td style="white-space:nowrap"><b>Code</b></td><td><b>Display</b></td></tr><tr><td><a href="http://snomed.info/id/129839007">129839007</a></td><td>At risk for falls</td></tr><tr><td><a href="http://snomed.info/id/162828007">162828007</a></td><td>Risk of falls</td></tr><tr><td><a href="http://snomed.info/id/300893006">300893006</a></td><td>Nutritional finding</td></tr><tr><td><a href="http://snomed.info/id/22253000">22253000</a></td><td>Pain</td></tr></table></li></ul></div>
  </text>
  <url value="https://clinyqai.github.io/open-nursing-core-ig/ValueSet/nursing-problem-valueset"/>
  <version value="1.0.0"/>
  <name value="NursingProblemValueSet"/>
  <title value="Nursing Problem Value Set"/>
  <status value="active"/>
  <experimental value="false"/>
  <date value="2025-12-25T10:39:21+00:00"/>
  <description value="Value set for nursing problems and diagnoses"/>
  <compose>
    <include>
      <system value="http://snomed.info/sct"/>
      <concept>
        <code value="129839007"/>
        <display value="At risk for falls"/>
      </concept>
      <concept>
        <code value="162828007"/>
        <display value="Risk of falls"/>
      </concept>
      <concept>
        <code value="300893006"/>
        <display value="Nutritional finding"/>
      </concept>
      <concept>
        <code value="22253000"/>
        <display value="Pain"/>
      </concept>
    </include>
  </compose>
</ValueSet>