{
  "codeSystems" : [
    {
      "url" : "https://clinyqai.github.io/open-nursing-core-ig/ValueSet/goal-evaluation-valueset",
      "version" : "1.0.0",
      "status" : "active",
      "name" : "GoalEvaluationValueSet",
      "title" : "Goal Evaluation Value Set",
      "description" : "",
      "systems" : ["http://snomed.info/sct"],
      "uses" : {
      },
      "StructureDefinition-onc-goal-evaluation.html" : "Goal Evaluation"
    },
    {
      "url" : "https://clinyqai.github.io/open-nursing-core-ig/ValueSet/housing-status-vs",
      "version" : "1.0.0",
      "status" : "active",
      "name" : "HousingStatusVS",
      "title" : "Housing Status Value Set",
      "description" : "",
      "systems" : ["http://snomed.info/sct"]
    },
    {
      "url" : "https://clinyqai.github.io/open-nursing-core-ig/ValueSet/nursing-intervention-valueset",
      "version" : "1.0.0",
      "status" : "active",
      "name" : "NursingInterventionValueSet",
      "title" : "Nursing Intervention Value Set",
      "description" : "",
      "systems" : ["http://snomed.info/sct"],
      "uses" : {
      },
      "StructureDefinition-onc-nursing-intervention.html" : "Nursing Intervention"
    },
    {
      "url" : "https://clinyqai.github.io/open-nursing-core-ig/ValueSet/nursing-problem-valueset",
      "version" : "1.0.0",
      "status" : "active",
      "name" : "NursingProblemValueSet",
      "title" : "Nursing Problem Value Set",
      "description" : "",
      "systems" : ["http://snomed.info/sct"],
      "uses" : {
      },
      "StructureDefinition-onc-nursing-problem.html" : "Nursing Problem"
    },
    {
      "url" : "https://clinyqai.github.io/open-nursing-core-ig/ValueSet/onc-monk-scale-vs",
      "version" : "1.0.0",
      "status" : "active",
      "name" : "ONCMonkScaleVS",
      "title" : "Monk Skin Tone Value Set",
      "description" : "",
      "systems" : [
        "https://clinyqai.github.io/open-nursing-core-ig/CodeSystem/onc-monk-scale"
      ],
      "uses" : {
      },
      "StructureDefinition-onc-monk-skintone-observation.html" : "Monk Skin Tone Observation"
    },
    {
      "url" : "https://clinyqai.github.io/open-nursing-core-ig/ValueSet/problem-category-valueset",
      "version" : "1.0.0",
      "status" : "active",
      "name" : "ProblemCategoryValueSet",
      "title" : "Problem Category Value Set",
      "description" : "",
      "systems" : [
        "https://clinyqai.github.io/open-nursing-core-ig/CodeSystem/onc-problem-type"
      ],
      "uses" : {
      },
      "StructureDefinition-onc-nursing-problem.html" : "Nursing Problem"
    },
    {
      "url" : "https://clinyqai.github.io/open-nursing-core-ig/ValueSet/skintone-vs",
      "version" : "1.0.0",
      "status" : "active",
      "name" : "SkinToneVS",
      "title" : "Fitzpatrick Skin Tone Value Set",
      "description" : "",
      "systems" : ["http://snomed.info/sct"],
      "uses" : {
      },
      "StructureDefinition-onc-skintone-observation.html" : "Skin Tone Observation"
    }
  ]
}
