{
  "codeSystems" : [
    {
      "url" : "https://clinyqai.github.io/open-nursing-core-ig/ValueSet/goal-evaluation-valueset",
      "version" : "1.0.0",
      "status" : "active",
      "name" : "GoalEvaluationValueSet",
      "title" : "Goal Evaluation Value Set",
      "description" : "Value set for evaluating patient goal outcomes",
      "systems" : ["http://snomed.info/sct"]
    },
    {
      "url" : "https://clinyqai.github.io/open-nursing-core-ig/ValueSet/housing-status-vs",
      "version" : "1.0.0",
      "status" : "active",
      "name" : "HousingStatusVS",
      "title" : "Housing Status Value Set",
      "description" : "Value set for patient housing status",
      "systems" : ["http://snomed.info/sct"]
    },
    {
      "url" : "https://clinyqai.github.io/open-nursing-core-ig/ValueSet/nursing-intervention-valueset",
      "version" : "1.0.0",
      "status" : "active",
      "name" : "NursingInterventionValueSet",
      "title" : "Nursing Intervention Value Set",
      "description" : "Value set for nursing interventions",
      "systems" : ["http://snomed.info/sct"]
    },
    {
      "url" : "https://clinyqai.github.io/open-nursing-core-ig/ValueSet/nursing-problem-valueset",
      "version" : "1.0.0",
      "status" : "active",
      "name" : "NursingProblemValueSet",
      "title" : "Nursing Problem Value Set",
      "description" : "Value set for nursing problems and diagnoses",
      "systems" : ["http://snomed.info/sct"]
    },
    {
      "url" : "https://clinyqai.github.io/open-nursing-core-ig/ValueSet/onc-monk-scale-vs",
      "version" : "1.0.0",
      "status" : "active",
      "name" : "ONCMonkScaleVS",
      "title" : "Monk Skin Tone Scale ValueSet",
      "description" : "",
      "systems" : [
        "https://clinyqai.github.io/open-nursing-core-ig/CodeSystem/onc-monk-scale"
      ]
    },
    {
      "url" : "https://clinyqai.github.io/open-nursing-core-ig/ValueSet/pain-assessment-code-vs",
      "version" : "1.0.0",
      "status" : "active",
      "name" : "PainAssessmentCodeValueSet",
      "title" : "Pain Assessment Code Value Set",
      "description" : "LOINC codes for pain severity assessment",
      "systems" : ["http://loinc.org"]
    },
    {
      "url" : "https://clinyqai.github.io/open-nursing-core-ig/ValueSet/problem-category-valueset",
      "version" : "1.0.0",
      "status" : "active",
      "name" : "ProblemCategoryValueSet",
      "title" : "Problem Category Value Set",
      "description" : "Value set for categorizing nursing problems",
      "systems" : ["http://open-nursing-core.org/CodeSystem/onc-problem-type"]
    },
    {
      "url" : "https://clinyqai.github.io/open-nursing-core-ig/ValueSet/skintone-vs",
      "version" : "1.0.0",
      "status" : "active",
      "name" : "SkinToneVS",
      "title" : "Fitzpatrick Skin Tone Value Set",
      "description" : "Value set for Fitzpatrick skin type classifications",
      "systems" : ["http://snomed.info/sct"]
    },
    {
      "url" : "https://clinyqai.github.io/open-nursing-core-ig/ValueSet/wound-stage-vs",
      "version" : "1.0.0",
      "status" : "active",
      "name" : "WoundStageValueSet",
      "title" : "Wound Stage Value Set",
      "description" : "SNOMED CT codes for pressure ulcer staging",
      "systems" : ["http://snomed.info/sct"]
    }
  ]
}
