<?xml version="1.0" encoding="UTF-8"?>

<ValueSet xmlns="http://hl7.org/fhir">
  <id value="nursing-problem-valueset"/>
  <text>
    <status value="extensions"/><div xmlns="http://www.w3.org/1999/xhtml"><p class="res-header-id"><b>Generated Narrative: ValueSet nursing-problem-valueset</b></p><a name="nursing-problem-valueset"> </a><a name="hcnursing-problem-valueset"> </a><p>This value set includes codes based on the following rules:</p><ul><li>Include these codes as defined in <a href="http://www.snomed.org/"><code>http://snomed.info/sct</code></a><span title="Version is not explicitly stated. No matching Code System found"> version Not Stated (use latest from terminology server)</span><table class="none"><tr><td style="white-space:nowrap"><b>Code</b></td><td><b>Display</b></td></tr><tr><td><a href="http://snomed.info/id/129839007">129839007</a></td><td>At risk for falls</td></tr><tr><td><a href="http://snomed.info/id/300893006">300893006</a></td><td>Nutritional finding</td></tr><tr><td><a href="http://snomed.info/id/22253000">22253000</a></td><td>Pain</td></tr></table></li><li>Include these codes as defined in <a href="CodeSystem-onc-observation-codes.html"><code>https://clinyqai.github.io/open-nursing-core-ig/CodeSystem/onc-observation-codes</code></a><span title="Version is not explicitly stated, which means it is fixed to the version provided in this specification"> version &#x1F4E6;0.1.0</span><table class="none"><tr><td style="white-space:nowrap"><b>Code</b></td><td><b>Display</b></td><td><b>Definition</b></td></tr><tr><td><a href="CodeSystem-onc-observation-codes.html#onc-observation-codes-risk-falls">risk-falls</a></td><td>Risk of falls</td><td>Risk of falls diagnosis</td></tr></table></li></ul></div>
  </text>
  <url value="https://clinyqai.github.io/open-nursing-core-ig/ValueSet/nursing-problem-valueset"/>
  <version value="0.1.0"/>
  <name value="NursingProblemValueSet"/>
  <title value="Nursing Problem Value Set"/>
  <status value="draft"/>
  <experimental value="false"/>
  <date value="2025-12-26T15:08:13+00:00"/>
  <description value="Value set for nursing problems and diagnoses"/>
  <compose>
    <include>
      <system value="http://snomed.info/sct"/>
      <concept>
        <code value="129839007"/>
        <display value="At risk for falls"/>
      </concept>
      <concept>
        <code value="300893006"/>
        <display value="Nutritional finding"/>
      </concept>
      <concept>
        <code value="22253000"/>
        <display value="Pain"/>
      </concept>
    </include>
    <include>
      <system value="https://clinyqai.github.io/open-nursing-core-ig/CodeSystem/onc-observation-codes"/>
      <concept>
        <code value="risk-falls"/>
        <display value="Risk of falls"/>
      </concept>
    </include>
  </compose>
</ValueSet>