{
  "resourceType" : "ValueSet",
  "id" : "news2-subscore-code-vs",
  "text" : {
    "status" : "extensions",
    "div" : "<div xmlns=\"http://www.w3.org/1999/xhtml\"><p class=\"res-header-id\"><b>Generated Narrative: ValueSet news2-subscore-code-vs</b></p><a name=\"news2-subscore-code-vs\"> </a><a name=\"hcnews2-subscore-code-vs\"> </a><ul><li>Include these codes as defined in <a href=\"CodeSystem-onc-observation-codes.html\"><code>https://opennursingcoreig.com/CodeSystem/onc-observation-codes</code></a><span title=\"Version is not explicitly stated, which means it is fixed to the version provided in this specification\"> version &#x1F4E6;0.1.0</span><table class=\"none\"><tr><td style=\"white-space:nowrap\"><b>Code</b></td><td><b>Display</b></td><td><b>Definition</b></td></tr><tr><td><a href=\"CodeSystem-onc-observation-codes.html#onc-observation-codes-news2-subscore\">news2-subscore</a></td><td style=\"color: #cccccc\">NEWS2 Sub-score</td><td>Sub-score for NEWS2 parameter</td></tr></table></li></ul></div>"
  },
  "url" : "https://opennursingcoreig.com/ValueSet/news2-subscore-code-vs",
  "version" : "0.1.0",
  "name" : "NEWS2SubscoreCodeValueSet",
  "title" : "NEWS2 Sub-Score Codes",
  "status" : "draft",
  "date" : "2026-01-02T23:54:54+00:00",
  "publisher" : "The Open Nursing Community",
  "description" : "SNOMED codes for NEWS2 sub-scores",
  "compose" : {
    "include" : [{
      "system" : "https://opennursingcoreig.com/CodeSystem/onc-observation-codes",
      "concept" : [{
        "code" : "news2-subscore"
      }]
    }]
  }
}