<?xml version="1.0" encoding="UTF-8"?>

<ValueSet xmlns="http://hl7.org/fhir">
  <id value="news2-code-vs"/>
  <text>
    <status value="extensions"/><div xmlns="http://www.w3.org/1999/xhtml"><p class="res-header-id"><b>Generated Narrative: ValueSet news2-code-vs</b></p><a name="news2-code-vs"> </a><a name="hcnews2-code-vs"> </a><ul><li>Include these codes as defined in <a href="CodeSystem-onc-observation-codes.html"><code>https://opennursingcoreig.com/CodeSystem/onc-observation-codes</code></a><span title="Version is not explicitly stated, which means it is fixed to the version provided in this specification"> version &#x1F4E6;0.1.0</span><table class="none"><tr><td style="white-space:nowrap"><b>Code</b></td><td><b>Display</b></td><td><b>Definition</b></td></tr><tr><td><a href="CodeSystem-onc-observation-codes.html#onc-observation-codes-news2-score">news2-score</a></td><td style="color: #cccccc">NEWS2 Score</td><td>National Early Warning Score 2 Total Score</td></tr></table></li></ul></div>
  </text>
  <url value="https://opennursingcoreig.com/ValueSet/news2-code-vs"/>
  <version value="0.1.0"/>
  <name value="NEWS2CodeValueSet"/>
  <title value="NEWS2 Code Value Set"/>
  <status value="draft"/>
  <date value="2026-01-03T01:26:42+00:00"/>
  <publisher value="The Open Nursing Community"/>
  <description value="LOINC and SNOMED codes for NEWS2"/>
  <compose>
    <include>
      <system value="https://opennursingcoreig.com/CodeSystem/onc-observation-codes"/>
      <concept>
        <code value="news2-score"/>
      </concept>
    </include>
  </compose>
</ValueSet>