URL,Version,Status,OIDs,Name,Title,Description,Uses,Used,Sources
https://clinyqai.github.io/open-nursing-core-ig/ValueSet/goal-evaluation-valueset,1.0.0,active,,GoalEvaluationValueSet,Goal Evaluation Value Set,"Value set for evaluating patient goal outcomes",,"SCT"
https://clinyqai.github.io/open-nursing-core-ig/ValueSet/housing-status-vs,1.0.0,active,,HousingStatusVS,Housing Status Value Set,"Value set for patient housing status",,"SCT"
https://clinyqai.github.io/open-nursing-core-ig/ValueSet/nursing-intervention-valueset,1.0.0,active,,NursingInterventionValueSet,Nursing Intervention Value Set,"Value set for nursing interventions",,"SCT"
https://clinyqai.github.io/open-nursing-core-ig/ValueSet/nursing-problem-valueset,1.0.0,active,,NursingProblemValueSet,Nursing Problem Value Set,"Value set for nursing problems and diagnoses",,"SCT"
https://clinyqai.github.io/open-nursing-core-ig/ValueSet/onc-monk-scale-vs,1.0.0,active,,ONCMonkScaleVS,Monk Skin Tone Scale ValueSet,"",,"Internal"
https://clinyqai.github.io/open-nursing-core-ig/ValueSet/problem-category-valueset,1.0.0,active,,ProblemCategoryValueSet,Problem Category Value Set,"Value set for categorizing nursing problems",,"Internal"
https://clinyqai.github.io/open-nursing-core-ig/ValueSet/skintone-vs,1.0.0,active,,SkinToneVS,Fitzpatrick Skin Tone Value Set,"Value set for Fitzpatrick skin type classifications",,"SCT"
