{
  "resourceType" : "ValueSet",
  "id" : "inspired-oxygen-vs",
  "text" : {
    "status" : "generated",
    "div" : "<div xmlns=\"http://www.w3.org/1999/xhtml\"><p class=\"res-header-id\"><b>Generated Narrative: ValueSet inspired-oxygen-vs</b></p><a name=\"inspired-oxygen-vs\"> </a><a name=\"hcinspired-oxygen-vs\"> </a><ul><li>Include these codes as defined in <a href=\"http://www.snomed.org/\"><code>http://snomed.info/sct</code></a><span title=\"Version is not explicitly stated. No matching Code System found\"> version Not Stated (use latest from terminology server)</span><table class=\"none\"><tr><td style=\"white-space:nowrap\"><b>Code</b></td><td><b>Display</b></td></tr><tr><td><a href=\"http://snomed.info/id/722742002\">722742002</a></td><td>Breathing room air</td></tr><tr><td><a href=\"http://snomed.info/id/371825009\">371825009</a></td><td>Patient on oxygen</td></tr></table></li></ul></div>"
  },
  "url" : "https://clinyqai.github.io/open-nursing-core-ig/ValueSet/inspired-oxygen-vs",
  "version" : "1.0.0",
  "name" : "InspiredOxygenValueSet",
  "title" : "Inspired Oxygen Value Set",
  "status" : "active",
  "date" : "2025-12-26T00:13:32+00:00",
  "description" : "Codes for inspired oxygen status",
  "compose" : {
    "include" : [{
      "system" : "http://snomed.info/sct",
      "concept" : [{
        "code" : "722742002",
        "display" : "Breathing room air"
      },
      {
        "code" : "371825009",
        "display" : "Patient on oxygen"
      }]
    }]
  }
}