[
  {
    "id" : "onc-problem-type",
    "type" : "CodeSystem",
    "url" : "http://open-nursing-core.org/CodeSystem/onc-problem-type",
    "version" : "0.1.0",
    "name" : "ONCProblemType"
  },
  {
    "id" : "onc.ig",
    "type" : "ImplementationGuide",
    "url" : "http://open-nursing-core.org/ImplementationGuide/onc.ig",
    "version" : "0.1.0",
    "name" : "OpenNursingCoreIG"
  },
  {
    "id" : "intervention-goal-reference",
    "type" : "StructureDefinition",
    "url" : "http://open-nursing-core.org/StructureDefinition/intervention-goal-reference",
    "version" : "0.1.0",
    "name" : "InterventionGoalReference"
  },
  {
    "id" : "observation-goal-reference",
    "type" : "StructureDefinition",
    "url" : "http://open-nursing-core.org/StructureDefinition/observation-goal-reference",
    "version" : "0.1.0",
    "name" : "ObservationGoalReference"
  },
  {
    "id" : "onc-braden-scale-assessment",
    "type" : "StructureDefinition",
    "url" : "http://open-nursing-core.org/StructureDefinition/onc-braden-scale-assessment",
    "version" : "0.1.0",
    "name" : "ONCBradenScaleAssessment"
  },
  {
    "id" : "onc-goal-evaluation",
    "type" : "StructureDefinition",
    "url" : "http://open-nursing-core.org/StructureDefinition/onc-goal-evaluation",
    "version" : "0.1.0",
    "name" : "ONCGoalEvaluation"
  },
  {
    "id" : "onc-housing-status",
    "type" : "StructureDefinition",
    "url" : "http://open-nursing-core.org/StructureDefinition/onc-housing-status",
    "version" : "0.1.0",
    "name" : "ONCHousingStatus"
  },
  {
    "id" : "onc-morse-fall-scale",
    "type" : "StructureDefinition",
    "url" : "http://open-nursing-core.org/StructureDefinition/onc-morse-fall-scale",
    "version" : "0.1.0",
    "name" : "ONCMorseFallScale"
  },
  {
    "id" : "onc-news2-assessment",
    "type" : "StructureDefinition",
    "url" : "http://open-nursing-core.org/StructureDefinition/onc-news2-assessment",
    "version" : "0.1.0",
    "name" : "ONCNEWS2Assessment"
  },
  {
    "id" : "onc-nhs-patient",
    "type" : "StructureDefinition",
    "url" : "http://open-nursing-core.org/StructureDefinition/onc-nhs-patient",
    "version" : "0.1.0",
    "name" : "ONCNHSPatient"
  },
  {
    "id" : "onc-nursing-assessment",
    "type" : "StructureDefinition",
    "url" : "http://open-nursing-core.org/StructureDefinition/onc-nursing-assessment",
    "version" : "0.1.0",
    "name" : "ONCNursingAssessment"
  },
  {
    "id" : "onc-nursing-care-plan",
    "type" : "StructureDefinition",
    "url" : "http://open-nursing-core.org/StructureDefinition/onc-nursing-care-plan",
    "version" : "0.1.0",
    "name" : "ONCNursingCarePlan"
  },
  {
    "id" : "onc-nursing-intervention",
    "type" : "StructureDefinition",
    "url" : "http://open-nursing-core.org/StructureDefinition/onc-nursing-intervention",
    "version" : "0.1.0",
    "name" : "ONCNursingIntervention"
  },
  {
    "id" : "onc-nursing-problem",
    "type" : "StructureDefinition",
    "url" : "http://open-nursing-core.org/StructureDefinition/onc-nursing-problem",
    "version" : "0.1.0",
    "name" : "ONCNursingProblem"
  },
  {
    "id" : "onc-patient-goal",
    "type" : "StructureDefinition",
    "url" : "http://open-nursing-core.org/StructureDefinition/onc-patient-goal",
    "version" : "0.1.0",
    "name" : "ONCPatientGoal"
  },
  {
    "id" : "onc-skintone-observation",
    "type" : "StructureDefinition",
    "url" : "http://open-nursing-core.org/StructureDefinition/onc-skintone-observation",
    "version" : "0.1.0",
    "name" : "ONCSkinToneObservation"
  },
  {
    "id" : "acvpu-vs",
    "type" : "ValueSet",
    "url" : "http://open-nursing-core.org/ValueSet/acvpu-vs",
    "version" : "0.1.0",
    "name" : "ACVPUVS"
  },
  {
    "id" : "goal-evaluation-valueset",
    "type" : "ValueSet",
    "url" : "http://open-nursing-core.org/ValueSet/goal-evaluation-valueset",
    "version" : "0.1.0",
    "name" : "GoalEvaluationValueSet"
  },
  {
    "id" : "housing-status-vs",
    "type" : "ValueSet",
    "url" : "http://open-nursing-core.org/ValueSet/housing-status-vs",
    "version" : "0.1.0",
    "name" : "HousingStatusVS"
  },
  {
    "id" : "nursing-intervention-valueset",
    "type" : "ValueSet",
    "url" : "http://open-nursing-core.org/ValueSet/nursing-intervention-valueset",
    "version" : "0.1.0",
    "name" : "NursingInterventionValueSet"
  },
  {
    "id" : "nursing-problem-valueset",
    "type" : "ValueSet",
    "url" : "http://open-nursing-core.org/ValueSet/nursing-problem-valueset",
    "version" : "0.1.0",
    "name" : "NursingProblemValueSet"
  },
  {
    "id" : "skintone-vs",
    "type" : "ValueSet",
    "url" : "http://open-nursing-core.org/ValueSet/skintone-vs",
    "version" : "0.1.0",
    "name" : "SkinToneVS"
  },
  {
    "id" : "UKCore-Extension-EthnicCategory",
    "type" : "StructureDefinition",
    "url" : "https://fhir.hl7.org.uk/StructureDefinition/UKCore-Extension-EthnicCategory",
    "version" : "0.1.0",
    "name" : "UKCoreEthnicCategory"
  }
]
