<?xml version="1.0" encoding="UTF-8"?>

<CodeSystem xmlns="http://hl7.org/fhir">
  <id value="onc-problem-type"/>
  <text>
    <status value="generated"/><div xmlns="http://www.w3.org/1999/xhtml"><p class="res-header-id"><b>Generated Narrative: CodeSystem onc-problem-type</b></p><a name="onc-problem-type"> </a><a name="hconc-problem-type"> </a><p>This  code system <code>http://open-nursing-core.org/CodeSystem/onc-problem-type</code> defines the following code:</p><table class="codes"><tr><td style="white-space:nowrap"><b>Code</b></td><td><b>Display</b></td></tr><tr><td style="white-space:nowrap">nursing-diagnosis<a name="onc-problem-type-nursing-diagnosis"> </a></td><td>Nursing Diagnosis</td></tr></table></div>
  </text>
  <url value="http://open-nursing-core.org/CodeSystem/onc-problem-type"/>
  <version value="0.1.0"/>
  <name value="ONCProblemType"/>
  <title value="Open Nursing Core Problem Type CodeSystem"/>
  <status value="draft"/>
  <date value="2025-11-23T02:33:16+00:00"/>
  <content value="complete"/>
  <count value="1"/>
  <concept>
    <code value="nursing-diagnosis"/>
    <display value="Nursing Diagnosis"/>
  </concept>
</CodeSystem>