{
  "resourceType" : "CodeSystem",
  "id" : "onc-observation-codes",
  "text" : {
    "status" : "generated",
    "div" : "<div xmlns=\"http://www.w3.org/1999/xhtml\"><p class=\"res-header-id\"><b>Generated Narrative: CodeSystem onc-observation-codes</b></p><a name=\"onc-observation-codes\"> </a><a name=\"hconc-observation-codes\"> </a><p>This  code system <code>https://clinyqai.github.io/open-nursing-core-ig/CodeSystem/onc-observation-codes</code> defines the following codes:</p><table class=\"codes\"><tr><td style=\"white-space:nowrap\"><b>Code</b></td><td><b>Display</b></td><td><b>Definition</b></td></tr><tr><td style=\"white-space:nowrap\">mst-score<a name=\"onc-observation-codes-mst-score\"> </a></td><td>Monk Skin Tone Score</td><td>Assessment of skin tone using the Monk Skin Tone Scale</td></tr><tr><td style=\"white-space:nowrap\">waterlow-score<a name=\"onc-observation-codes-waterlow-score\"> </a></td><td>Waterlow Score</td><td>Total score for Waterlow pressure ulcer risk assessment</td></tr><tr><td style=\"white-space:nowrap\">must-score<a name=\"onc-observation-codes-must-score\"> </a></td><td>MUST Score</td><td>Malnutrition Universal Screening Tool total score</td></tr><tr><td style=\"white-space:nowrap\">must-bmi-score<a name=\"onc-observation-codes-must-bmi-score\"> </a></td><td>MUST BMI Score</td><td>Malnutrition Universal Screening Tool BMI score</td></tr><tr><td style=\"white-space:nowrap\">must-weight-loss-score<a name=\"onc-observation-codes-must-weight-loss-score\"> </a></td><td>MUST Weight Loss Score</td><td>Malnutrition Universal Screening Tool weight loss score</td></tr><tr><td style=\"white-space:nowrap\">must-acute-disease-score<a name=\"onc-observation-codes-must-acute-disease-score\"> </a></td><td>MUST Acute Disease Score</td><td>Malnutrition Universal Screening Tool acute disease effect score</td></tr><tr><td style=\"white-space:nowrap\">braden-total-score<a name=\"onc-observation-codes-braden-total-score\"> </a></td><td>Braden Total Score</td><td>Braden scale total score</td></tr><tr><td style=\"white-space:nowrap\">braden-sensory<a name=\"onc-observation-codes-braden-sensory\"> </a></td><td>Braden Sensory Perception</td><td>Sensory perception Braden scale</td></tr><tr><td style=\"white-space:nowrap\">braden-moisture<a name=\"onc-observation-codes-braden-moisture\"> </a></td><td>Braden Moisture</td><td>Moisture Braden scale</td></tr><tr><td style=\"white-space:nowrap\">braden-activity<a name=\"onc-observation-codes-braden-activity\"> </a></td><td>Braden Activity</td><td>Activity Braden scale</td></tr><tr><td style=\"white-space:nowrap\">braden-mobility<a name=\"onc-observation-codes-braden-mobility\"> </a></td><td>Braden Mobility</td><td>Mobility Braden scale</td></tr><tr><td style=\"white-space:nowrap\">braden-nutrition<a name=\"onc-observation-codes-braden-nutrition\"> </a></td><td>Braden Nutrition</td><td>Nutrition Braden scale</td></tr><tr><td style=\"white-space:nowrap\">braden-friction<a name=\"onc-observation-codes-braden-friction\"> </a></td><td>Braden Friction/Shear</td><td>Friction and shear Braden scale</td></tr><tr><td style=\"white-space:nowrap\">barthel-score<a name=\"onc-observation-codes-barthel-score\"> </a></td><td>Barthel Index Score</td><td>Total score for Barthel Index assessment</td></tr><tr><td style=\"white-space:nowrap\">news2-score<a name=\"onc-observation-codes-news2-score\"> </a></td><td>NEWS2 Score</td><td>National Early Warning Score 2 Total Score</td></tr><tr><td style=\"white-space:nowrap\">news2-subscore<a name=\"onc-observation-codes-news2-subscore\"> </a></td><td>NEWS2 Sub-score</td><td>Sub-score for NEWS2 parameter</td></tr><tr><td style=\"white-space:nowrap\">wound-stage<a name=\"onc-observation-codes-wound-stage\"> </a></td><td>Wound Stage</td><td>Stage of the wound</td></tr><tr><td style=\"white-space:nowrap\">stage-1<a name=\"onc-observation-codes-stage-1\"> </a></td><td>Stage 1</td><td>Stage 1 pressure ulcer</td></tr><tr><td style=\"white-space:nowrap\">stage-2<a name=\"onc-observation-codes-stage-2\"> </a></td><td>Stage 2</td><td>Stage 2 pressure ulcer</td></tr><tr><td style=\"white-space:nowrap\">stage-3<a name=\"onc-observation-codes-stage-3\"> </a></td><td>Stage 3</td><td>Stage 3 pressure ulcer</td></tr><tr><td style=\"white-space:nowrap\">stage-4<a name=\"onc-observation-codes-stage-4\"> </a></td><td>Stage 4</td><td>Stage 4 pressure ulcer</td></tr><tr><td style=\"white-space:nowrap\">unstageable<a name=\"onc-observation-codes-unstageable\"> </a></td><td>Unstageable</td><td>Unstageable pressure ulcer</td></tr><tr><td style=\"white-space:nowrap\">deep-tissue<a name=\"onc-observation-codes-deep-tissue\"> </a></td><td>Deep Tissue Injury</td><td>Deep tissue injury</td></tr><tr><td style=\"white-space:nowrap\">risk-falls<a name=\"onc-observation-codes-risk-falls\"> </a></td><td>Risk of Falls</td><td>Risk of falls diagnosis</td></tr><tr><td style=\"white-space:nowrap\">fitzpatrick-1<a name=\"onc-observation-codes-fitzpatrick-1\"> </a></td><td>Type I</td><td>Pale white; always burns, never tans</td></tr><tr><td style=\"white-space:nowrap\">fitzpatrick-2<a name=\"onc-observation-codes-fitzpatrick-2\"> </a></td><td>Type II</td><td>White; usually burns, tans with difficulty</td></tr><tr><td style=\"white-space:nowrap\">fitzpatrick-3<a name=\"onc-observation-codes-fitzpatrick-3\"> </a></td><td>Type III</td><td>Cream white; sometimes mild burn, gradually tans</td></tr><tr><td style=\"white-space:nowrap\">fitzpatrick-4<a name=\"onc-observation-codes-fitzpatrick-4\"> </a></td><td>Type IV</td><td>Moderate brown; rarely burns, tans with ease</td></tr><tr><td style=\"white-space:nowrap\">fitzpatrick-5<a name=\"onc-observation-codes-fitzpatrick-5\"> </a></td><td>Type V</td><td>Dark brown; very rarely burns, tans very easily</td></tr><tr><td style=\"white-space:nowrap\">fitzpatrick-6<a name=\"onc-observation-codes-fitzpatrick-6\"> </a></td><td>Type VI</td><td>Deeply pigmented dark brown to black; never burns, tans very easily</td></tr></table></div>"
  },
  "url" : "https://clinyqai.github.io/open-nursing-core-ig/CodeSystem/onc-observation-codes",
  "version" : "0.1.0",
  "name" : "ONCObservationCodes",
  "title" : "ONC Observation Codes",
  "status" : "draft",
  "date" : "2025-12-26T14:13:58+00:00",
  "description" : "Custom observation codes for Open Nursing Core",
  "content" : "complete",
  "count" : 30,
  "concept" : [{
    "code" : "mst-score",
    "display" : "Monk Skin Tone Score",
    "definition" : "Assessment of skin tone using the Monk Skin Tone Scale"
  },
  {
    "code" : "waterlow-score",
    "display" : "Waterlow Score",
    "definition" : "Total score for Waterlow pressure ulcer risk assessment"
  },
  {
    "code" : "must-score",
    "display" : "MUST Score",
    "definition" : "Malnutrition Universal Screening Tool total score"
  },
  {
    "code" : "must-bmi-score",
    "display" : "MUST BMI Score",
    "definition" : "Malnutrition Universal Screening Tool BMI score"
  },
  {
    "code" : "must-weight-loss-score",
    "display" : "MUST Weight Loss Score",
    "definition" : "Malnutrition Universal Screening Tool weight loss score"
  },
  {
    "code" : "must-acute-disease-score",
    "display" : "MUST Acute Disease Score",
    "definition" : "Malnutrition Universal Screening Tool acute disease effect score"
  },
  {
    "code" : "braden-total-score",
    "display" : "Braden Total Score",
    "definition" : "Braden scale total score"
  },
  {
    "code" : "braden-sensory",
    "display" : "Braden Sensory Perception",
    "definition" : "Sensory perception Braden scale"
  },
  {
    "code" : "braden-moisture",
    "display" : "Braden Moisture",
    "definition" : "Moisture Braden scale"
  },
  {
    "code" : "braden-activity",
    "display" : "Braden Activity",
    "definition" : "Activity Braden scale"
  },
  {
    "code" : "braden-mobility",
    "display" : "Braden Mobility",
    "definition" : "Mobility Braden scale"
  },
  {
    "code" : "braden-nutrition",
    "display" : "Braden Nutrition",
    "definition" : "Nutrition Braden scale"
  },
  {
    "code" : "braden-friction",
    "display" : "Braden Friction/Shear",
    "definition" : "Friction and shear Braden scale"
  },
  {
    "code" : "barthel-score",
    "display" : "Barthel Index Score",
    "definition" : "Total score for Barthel Index assessment"
  },
  {
    "code" : "news2-score",
    "display" : "NEWS2 Score",
    "definition" : "National Early Warning Score 2 Total Score"
  },
  {
    "code" : "news2-subscore",
    "display" : "NEWS2 Sub-score",
    "definition" : "Sub-score for NEWS2 parameter"
  },
  {
    "code" : "wound-stage",
    "display" : "Wound Stage",
    "definition" : "Stage of the wound"
  },
  {
    "code" : "stage-1",
    "display" : "Stage 1",
    "definition" : "Stage 1 pressure ulcer"
  },
  {
    "code" : "stage-2",
    "display" : "Stage 2",
    "definition" : "Stage 2 pressure ulcer"
  },
  {
    "code" : "stage-3",
    "display" : "Stage 3",
    "definition" : "Stage 3 pressure ulcer"
  },
  {
    "code" : "stage-4",
    "display" : "Stage 4",
    "definition" : "Stage 4 pressure ulcer"
  },
  {
    "code" : "unstageable",
    "display" : "Unstageable",
    "definition" : "Unstageable pressure ulcer"
  },
  {
    "code" : "deep-tissue",
    "display" : "Deep Tissue Injury",
    "definition" : "Deep tissue injury"
  },
  {
    "code" : "risk-falls",
    "display" : "Risk of Falls",
    "definition" : "Risk of falls diagnosis"
  },
  {
    "code" : "fitzpatrick-1",
    "display" : "Type I",
    "definition" : "Pale white; always burns, never tans"
  },
  {
    "code" : "fitzpatrick-2",
    "display" : "Type II",
    "definition" : "White; usually burns, tans with difficulty"
  },
  {
    "code" : "fitzpatrick-3",
    "display" : "Type III",
    "definition" : "Cream white; sometimes mild burn, gradually tans"
  },
  {
    "code" : "fitzpatrick-4",
    "display" : "Type IV",
    "definition" : "Moderate brown; rarely burns, tans with ease"
  },
  {
    "code" : "fitzpatrick-5",
    "display" : "Type V",
    "definition" : "Dark brown; very rarely burns, tans very easily"
  },
  {
    "code" : "fitzpatrick-6",
    "display" : "Type VI",
    "definition" : "Deeply pigmented dark brown to black; never burns, tans very easily"
  }]
}