<?xml version="1.0" encoding="UTF-8"?>

<CodeSystem xmlns="http://hl7.org/fhir">
  <id value="onc-observation-codes"/>
  <text>
    <status value="generated"/><div xmlns="http://www.w3.org/1999/xhtml"><p class="res-header-id"><b>Generated Narrative: CodeSystem onc-observation-codes</b></p><a name="onc-observation-codes"> </a><a name="hconc-observation-codes"> </a><p>This  code system <code>https://clinyqai.github.io/open-nursing-core-ig/CodeSystem/onc-observation-codes</code> defines the following codes:</p><table class="codes"><tr><td style="white-space:nowrap"><b>Code</b></td><td><b>Display</b></td><td><b>Definition</b></td></tr><tr><td style="white-space:nowrap">mst-score<a name="onc-observation-codes-mst-score"> </a></td><td>Monk Skin Tone Score</td><td>Assessment of skin tone using the Monk Skin Tone Scale</td></tr><tr><td style="white-space:nowrap">waterlow-score<a name="onc-observation-codes-waterlow-score"> </a></td><td>Waterlow Score</td><td>Total score for Waterlow pressure ulcer risk assessment</td></tr><tr><td style="white-space:nowrap">must-score<a name="onc-observation-codes-must-score"> </a></td><td>MUST Score</td><td>Malnutrition Universal Screening Tool total score</td></tr><tr><td style="white-space:nowrap">must-bmi-score<a name="onc-observation-codes-must-bmi-score"> </a></td><td>MUST BMI Score</td><td>Malnutrition Universal Screening Tool BMI score</td></tr><tr><td style="white-space:nowrap">must-weight-loss-score<a name="onc-observation-codes-must-weight-loss-score"> </a></td><td>MUST Weight Loss Score</td><td>Malnutrition Universal Screening Tool weight loss score</td></tr><tr><td style="white-space:nowrap">must-acute-disease-score<a name="onc-observation-codes-must-acute-disease-score"> </a></td><td>MUST Acute Disease Score</td><td>Malnutrition Universal Screening Tool acute disease effect score</td></tr><tr><td style="white-space:nowrap">braden-total-score<a name="onc-observation-codes-braden-total-score"> </a></td><td>Braden Total Score</td><td>Braden scale total score</td></tr><tr><td style="white-space:nowrap">braden-sensory<a name="onc-observation-codes-braden-sensory"> </a></td><td>Braden Sensory Perception</td><td>Sensory perception Braden scale</td></tr><tr><td style="white-space:nowrap">braden-moisture<a name="onc-observation-codes-braden-moisture"> </a></td><td>Braden Moisture</td><td>Moisture Braden scale</td></tr><tr><td style="white-space:nowrap">braden-activity<a name="onc-observation-codes-braden-activity"> </a></td><td>Braden Activity</td><td>Activity Braden scale</td></tr><tr><td style="white-space:nowrap">braden-mobility<a name="onc-observation-codes-braden-mobility"> </a></td><td>Braden Mobility</td><td>Mobility Braden scale</td></tr><tr><td style="white-space:nowrap">braden-nutrition<a name="onc-observation-codes-braden-nutrition"> </a></td><td>Braden Nutrition</td><td>Nutrition Braden scale</td></tr><tr><td style="white-space:nowrap">braden-friction<a name="onc-observation-codes-braden-friction"> </a></td><td>Braden Friction/Shear</td><td>Friction and shear Braden scale</td></tr><tr><td style="white-space:nowrap">barthel-score<a name="onc-observation-codes-barthel-score"> </a></td><td>Barthel Index Score</td><td>Total score for Barthel Index assessment</td></tr><tr><td style="white-space:nowrap">news2-score<a name="onc-observation-codes-news2-score"> </a></td><td>NEWS2 Score</td><td>National Early Warning Score 2 Total Score</td></tr><tr><td style="white-space:nowrap">news2-subscore<a name="onc-observation-codes-news2-subscore"> </a></td><td>NEWS2 Sub-score</td><td>Sub-score for NEWS2 parameter</td></tr><tr><td style="white-space:nowrap">wound-stage<a name="onc-observation-codes-wound-stage"> </a></td><td>Wound Stage</td><td>Stage of the wound</td></tr><tr><td style="white-space:nowrap">stage-1<a name="onc-observation-codes-stage-1"> </a></td><td>Stage 1</td><td>Stage 1 pressure ulcer</td></tr><tr><td style="white-space:nowrap">stage-2<a name="onc-observation-codes-stage-2"> </a></td><td>Stage 2</td><td>Stage 2 pressure ulcer</td></tr><tr><td style="white-space:nowrap">stage-3<a name="onc-observation-codes-stage-3"> </a></td><td>Stage 3</td><td>Stage 3 pressure ulcer</td></tr><tr><td style="white-space:nowrap">stage-4<a name="onc-observation-codes-stage-4"> </a></td><td>Stage 4</td><td>Stage 4 pressure ulcer</td></tr><tr><td style="white-space:nowrap">unstageable<a name="onc-observation-codes-unstageable"> </a></td><td>Unstageable</td><td>Unstageable pressure ulcer</td></tr><tr><td style="white-space:nowrap">deep-tissue<a name="onc-observation-codes-deep-tissue"> </a></td><td>Deep Tissue Injury</td><td>Deep tissue injury</td></tr><tr><td style="white-space:nowrap">risk-falls<a name="onc-observation-codes-risk-falls"> </a></td><td>Risk of Falls</td><td>Risk of falls diagnosis</td></tr><tr><td style="white-space:nowrap">fitzpatrick-1<a name="onc-observation-codes-fitzpatrick-1"> </a></td><td>Type I</td><td>Pale white; always burns, never tans</td></tr><tr><td style="white-space:nowrap">fitzpatrick-2<a name="onc-observation-codes-fitzpatrick-2"> </a></td><td>Type II</td><td>White; usually burns, tans with difficulty</td></tr><tr><td style="white-space:nowrap">fitzpatrick-3<a name="onc-observation-codes-fitzpatrick-3"> </a></td><td>Type III</td><td>Cream white; sometimes mild burn, gradually tans</td></tr><tr><td style="white-space:nowrap">fitzpatrick-4<a name="onc-observation-codes-fitzpatrick-4"> </a></td><td>Type IV</td><td>Moderate brown; rarely burns, tans with ease</td></tr><tr><td style="white-space:nowrap">fitzpatrick-5<a name="onc-observation-codes-fitzpatrick-5"> </a></td><td>Type V</td><td>Dark brown; very rarely burns, tans very easily</td></tr><tr><td style="white-space:nowrap">fitzpatrick-6<a name="onc-observation-codes-fitzpatrick-6"> </a></td><td>Type VI</td><td>Deeply pigmented dark brown to black; never burns, tans very easily</td></tr></table></div>
  </text>
  <url value="https://clinyqai.github.io/open-nursing-core-ig/CodeSystem/onc-observation-codes"/>
  <version value="0.1.0"/>
  <name value="ONCObservationCodes"/>
  <title value="ONC Observation Codes"/>
  <status value="draft"/>
  <date value="2025-12-26T14:13:58+00:00"/>
  <description value="Custom observation codes for Open Nursing Core"/>
  <content value="complete"/>
  <count value="30"/>
  <concept>
    <code value="mst-score"/>
    <display value="Monk Skin Tone Score"/>
    <definition value="Assessment of skin tone using the Monk Skin Tone Scale"/>
  </concept>
  <concept>
    <code value="waterlow-score"/>
    <display value="Waterlow Score"/>
    <definition value="Total score for Waterlow pressure ulcer risk assessment"/>
  </concept>
  <concept>
    <code value="must-score"/>
    <display value="MUST Score"/>
    <definition value="Malnutrition Universal Screening Tool total score"/>
  </concept>
  <concept>
    <code value="must-bmi-score"/>
    <display value="MUST BMI Score"/>
    <definition value="Malnutrition Universal Screening Tool BMI score"/>
  </concept>
  <concept>
    <code value="must-weight-loss-score"/>
    <display value="MUST Weight Loss Score"/>
    <definition value="Malnutrition Universal Screening Tool weight loss score"/>
  </concept>
  <concept>
    <code value="must-acute-disease-score"/>
    <display value="MUST Acute Disease Score"/>
    <definition value="Malnutrition Universal Screening Tool acute disease effect score"/>
  </concept>
  <concept>
    <code value="braden-total-score"/>
    <display value="Braden Total Score"/>
    <definition value="Braden scale total score"/>
  </concept>
  <concept>
    <code value="braden-sensory"/>
    <display value="Braden Sensory Perception"/>
    <definition value="Sensory perception Braden scale"/>
  </concept>
  <concept>
    <code value="braden-moisture"/>
    <display value="Braden Moisture"/>
    <definition value="Moisture Braden scale"/>
  </concept>
  <concept>
    <code value="braden-activity"/>
    <display value="Braden Activity"/>
    <definition value="Activity Braden scale"/>
  </concept>
  <concept>
    <code value="braden-mobility"/>
    <display value="Braden Mobility"/>
    <definition value="Mobility Braden scale"/>
  </concept>
  <concept>
    <code value="braden-nutrition"/>
    <display value="Braden Nutrition"/>
    <definition value="Nutrition Braden scale"/>
  </concept>
  <concept>
    <code value="braden-friction"/>
    <display value="Braden Friction/Shear"/>
    <definition value="Friction and shear Braden scale"/>
  </concept>
  <concept>
    <code value="barthel-score"/>
    <display value="Barthel Index Score"/>
    <definition value="Total score for Barthel Index assessment"/>
  </concept>
  <concept>
    <code value="news2-score"/>
    <display value="NEWS2 Score"/>
    <definition value="National Early Warning Score 2 Total Score"/>
  </concept>
  <concept>
    <code value="news2-subscore"/>
    <display value="NEWS2 Sub-score"/>
    <definition value="Sub-score for NEWS2 parameter"/>
  </concept>
  <concept>
    <code value="wound-stage"/>
    <display value="Wound Stage"/>
    <definition value="Stage of the wound"/>
  </concept>
  <concept>
    <code value="stage-1"/>
    <display value="Stage 1"/>
    <definition value="Stage 1 pressure ulcer"/>
  </concept>
  <concept>
    <code value="stage-2"/>
    <display value="Stage 2"/>
    <definition value="Stage 2 pressure ulcer"/>
  </concept>
  <concept>
    <code value="stage-3"/>
    <display value="Stage 3"/>
    <definition value="Stage 3 pressure ulcer"/>
  </concept>
  <concept>
    <code value="stage-4"/>
    <display value="Stage 4"/>
    <definition value="Stage 4 pressure ulcer"/>
  </concept>
  <concept>
    <code value="unstageable"/>
    <display value="Unstageable"/>
    <definition value="Unstageable pressure ulcer"/>
  </concept>
  <concept>
    <code value="deep-tissue"/>
    <display value="Deep Tissue Injury"/>
    <definition value="Deep tissue injury"/>
  </concept>
  <concept>
    <code value="risk-falls"/>
    <display value="Risk of Falls"/>
    <definition value="Risk of falls diagnosis"/>
  </concept>
  <concept>
    <code value="fitzpatrick-1"/>
    <display value="Type I"/>
    <definition value="Pale white; always burns, never tans"/>
  </concept>
  <concept>
    <code value="fitzpatrick-2"/>
    <display value="Type II"/>
    <definition value="White; usually burns, tans with difficulty"/>
  </concept>
  <concept>
    <code value="fitzpatrick-3"/>
    <display value="Type III"/>
    <definition value="Cream white; sometimes mild burn, gradually tans"/>
  </concept>
  <concept>
    <code value="fitzpatrick-4"/>
    <display value="Type IV"/>
    <definition value="Moderate brown; rarely burns, tans with ease"/>
  </concept>
  <concept>
    <code value="fitzpatrick-5"/>
    <display value="Type V"/>
    <definition value="Dark brown; very rarely burns, tans very easily"/>
  </concept>
  <concept>
    <code value="fitzpatrick-6"/>
    <display value="Type VI"/>
    <definition value="Deeply pigmented dark brown to black; never burns, tans very easily"/>
  </concept>
</CodeSystem>