{
  "codeSystems" : [
    {
      "url" : "http://snomed.info/sct",
      "version" : null,
      "status" : "active",
      "name" : "SNOMED_CT",
      "title" : "SNOMED CT (all versions)",
      "description" : "SNOMED CT is the most comprehensive and precise clinical health terminology product in the world, owned and distributed around the world by The International Health Terminology Standards Development Organisation (IHTSDO).",
      "oids" : ["2.16.840.1.113883.6.96"],
      "uses" : {
      },
      "ValueSet-nursing-problem-valueset.html" : "Nursing Problem Value Set",
      "ValueSet-skintone-vs.html" : "Fitzpatrick Skin Tone Value Set",
      "ValueSet-goal-evaluation-valueset.html" : "Goal Evaluation Value Set",
      "ValueSet-nursing-intervention-valueset.html" : "Nursing Intervention Value Set"
    }
  ]
}
