{
  "resourceType" : "Observation",
  "id" : "example-news2-assessment",
  "meta" : {
    "profile" : ["http://open-nursing-core.org/StructureDefinition/onc-news2-assessment"]
  },
  "text" : {
    "status" : "generated",
    "div" : "<div xmlns=\"http://www.w3.org/1999/xhtml\"><p class=\"res-header-id\"><b>Generated Narrative: Observation example-news2-assessment</b></p><a name=\"example-news2-assessment\"> </a><a name=\"hcexample-news2-assessment\"> </a><div style=\"display: inline-block; background-color: #d9e0e7; padding: 6px; margin: 4px; border: 1px solid #8da1b4; border-radius: 5px; line-height: 60%\"><p style=\"margin-bottom: 0px\"/><p style=\"margin-bottom: 0px\">Profile: <a href=\"StructureDefinition-onc-news2-assessment.html\">ONC NEWS2 Assessment</a></p></div><p><b>status</b>: Final</p><p><b>category</b>: <span title=\"Codes:{http://terminology.hl7.org/CodeSystem/observation-category nursing}\">nursing</span></p><p><b>code</b>: <span title=\"Codes:{http://loinc.org 86585-7}\">NEWS2 total score</span></p><p><b>subject</b>: <a href=\"Patient-patient-example.html\">John Smith  Male, DoB Unknown</a></p><p><b>performer</b>: <a href=\"Practitioner-practitioner-example.html\">Practitioner Florence Nightingale </a></p><p><b>value</b>: 5 {score}<span style=\"background: LightGoldenRodYellow\"> (Details: UCUM  code{score} = '{score}')</span></p><blockquote><p><b>component</b></p><p><b>code</b>: <span title=\"Codes:{http://loinc.org 9279-1}\">Respiratory rate</span></p><p><b>value</b>: 22 /min<span style=\"background: LightGoldenRodYellow\"> (Details: UCUM  code/min = '/min')</span></p></blockquote><blockquote><p><b>component</b></p><p><b>code</b>: <span title=\"Codes:{http://loinc.org 2708-6}\">Oxygen saturation in Arterial blood</span></p><p><b>value</b>: 95 %<span style=\"background: LightGoldenRodYellow\"> (Details: UCUM  code% = '%')</span></p></blockquote><blockquote><p><b>component</b></p><p><b>code</b>: <span title=\"Codes:{http://loinc.org 8310-5}\">Body temperature</span></p><p><b>value</b>: 38.5 Cel<span style=\"background: LightGoldenRodYellow\"> (Details: UCUM  codeCel = 'Cel')</span></p></blockquote><blockquote><p><b>component</b></p><p><b>code</b>: <span title=\"Codes:{http://loinc.org 8480-6}\">Systolic blood pressure</span></p><p><b>value</b>: 100 mm[Hg]<span style=\"background: LightGoldenRodYellow\"> (Details: UCUM  codemm[Hg] = 'mm[Hg]')</span></p></blockquote><blockquote><p><b>component</b></p><p><b>code</b>: <span title=\"Codes:{http://loinc.org 8867-4}\">Heart rate</span></p><p><b>value</b>: 100 /min<span style=\"background: LightGoldenRodYellow\"> (Details: UCUM  code/min = '/min')</span></p></blockquote><blockquote><p><b>component</b></p><p><b>code</b>: <span title=\"Codes:{http://loinc.org 11454-5}\">11454-5</span></p><p><b>value</b>: <span title=\"Codes:{http://snomed.info/sct 248234008}\">Mentally alert</span></p></blockquote><blockquote><p><b>component</b></p><p><b>code</b>: <span title=\"Codes:{http://loinc.org 72274-4}\">t(15;17)(q24.1;q21.1)(PML,RARA) fusion transcript/control transcript [# Ratio] in Blood or Tissue by Molecular genetics method</span></p><p><b>value</b>: <span title=\"Codes:{http://snomed.info/sct 373066001}\">Yes</span></p></blockquote></div>"
  },
  "status" : "final",
  "category" : [{
    "coding" : [{
      "system" : "http://terminology.hl7.org/CodeSystem/observation-category",
      "code" : "nursing"
    }]
  }],
  "code" : {
    "coding" : [{
      "system" : "http://loinc.org",
      "code" : "86585-7",
      "display" : "NEWS2 total score"
    }]
  },
  "subject" : {
    "reference" : "Patient/patient-example"
  },
  "performer" : [{
    "reference" : "Practitioner/practitioner-example"
  }],
  "valueQuantity" : {
    "value" : 5,
    "system" : "http://unitsofmeasure.org",
    "code" : "{score}"
  },
  "component" : [{
    "code" : {
      "coding" : [{
        "system" : "http://loinc.org",
        "code" : "9279-1"
      }]
    },
    "valueQuantity" : {
      "value" : 22,
      "system" : "http://unitsofmeasure.org",
      "code" : "/min"
    }
  },
  {
    "code" : {
      "coding" : [{
        "system" : "http://loinc.org",
        "code" : "2708-6"
      }]
    },
    "valueQuantity" : {
      "value" : 95,
      "system" : "http://unitsofmeasure.org",
      "code" : "%"
    }
  },
  {
    "code" : {
      "coding" : [{
        "system" : "http://loinc.org",
        "code" : "8310-5"
      }]
    },
    "valueQuantity" : {
      "value" : 38.5,
      "system" : "http://unitsofmeasure.org",
      "code" : "Cel"
    }
  },
  {
    "code" : {
      "coding" : [{
        "system" : "http://loinc.org",
        "code" : "8480-6"
      }]
    },
    "valueQuantity" : {
      "value" : 100,
      "system" : "http://unitsofmeasure.org",
      "code" : "mm[Hg]"
    }
  },
  {
    "code" : {
      "coding" : [{
        "system" : "http://loinc.org",
        "code" : "8867-4"
      }]
    },
    "valueQuantity" : {
      "value" : 100,
      "system" : "http://unitsofmeasure.org",
      "code" : "/min"
    }
  },
  {
    "code" : {
      "coding" : [{
        "system" : "http://loinc.org",
        "code" : "11454-5"
      }]
    },
    "valueCodeableConcept" : {
      "coding" : [{
        "system" : "http://snomed.info/sct",
        "code" : "248234008",
        "display" : "Mentally alert"
      }]
    }
  },
  {
    "code" : {
      "coding" : [{
        "system" : "http://loinc.org",
        "code" : "72274-4"
      }]
    },
    "valueCodeableConcept" : {
      "coding" : [{
        "system" : "http://snomed.info/sct",
        "code" : "373066001",
        "display" : "Yes"
      }]
    }
  }]
}