{
  "resourceType" : "Patient",
  "id" : "patient-example",
  "text" : {
    "status" : "generated",
    "div" : "<div xmlns=\"http://www.w3.org/1999/xhtml\"><p class=\"res-header-id\"><b>Generated Narrative: Patient patient-example</b></p><a name=\"patient-example\"> </a><a name=\"hcpatient-example\"> </a><p style=\"border: 1px #661aff solid; background-color: #e6e6ff; padding: 10px;\">John Smith  Male, DoB Unknown</p><hr/></div>"
  },
  "name" : [{
    "family" : "Smith",
    "given" : ["John"]
  }],
  "gender" : "male"
}