<?xml version="1.0" encoding="UTF-8"?>

<Patient xmlns="http://hl7.org/fhir">
  <id value="patient-example"/>
  <text>
    <status value="generated"/><div xmlns="http://www.w3.org/1999/xhtml"><p class="res-header-id"><b>Generated Narrative: Patient patient-example</b></p><a name="patient-example"> </a><a name="hcpatient-example"> </a><p style="border: 1px #661aff solid; background-color: #e6e6ff; padding: 10px;">John Smith  Male, DoB Unknown</p><hr/></div>
  </text>
  <name>
    <family value="Smith"/>
    <given value="John"/>
  </name>
  <gender value="male"/>
</Patient>