{
  "package": "onc.ig",
  "version": "0.1.0",
  "fhirVersion": "4.0.1",
  "extensions": [
    {
      "url": "http://open-nursing-core.org/StructureDefinition/intervention-goal-reference",
      "title": "Intervention Goal Reference",
      "types": [
        "Reference"
      ]
    },
    {
      "url": "http://open-nursing-core.org/StructureDefinition/observation-goal-reference",
      "title": "Observation Goal Reference",
      "types": [
        "Reference"
      ]
    }
  ],
  "profiles": {
    "Observation": [
      {
        "url": "http://open-nursing-core.org/StructureDefinition/onc-braden-scale-assessment",
        "title": "Open Nursing Core Braden Scale Assessment"
      },
      {
        "url": "http://open-nursing-core.org/StructureDefinition/onc-goal-evaluation",
        "title": "Open Nursing Core Goal Evaluation"
      },
      {
        "url": "http://open-nursing-core.org/StructureDefinition/onc-nursing-assessment",
        "title": "Open Nursing Core Assessment"
      }
    ],
    "CarePlan": [
      {
        "url": "http://open-nursing-core.org/StructureDefinition/onc-nursing-care-plan",
        "title": "Open Nursing Core Nursing Care Plan"
      }
    ],
    "Procedure": [
      {
        "url": "http://open-nursing-core.org/StructureDefinition/onc-nursing-intervention",
        "title": "Open Nursing Core Nursing Intervention"
      }
    ],
    "Condition": [
      {
        "url": "http://open-nursing-core.org/StructureDefinition/onc-nursing-problem",
        "title": "Open Nursing Core Nursing Problem"
      }
    ],
    "Goal": [
      {
        "url": "http://open-nursing-core.org/StructureDefinition/onc-patient-goal",
        "title": "Open Nursing Core Patient Goal"
      }
    ]
  },
  "usage": {
    "http://hl7.org/fhir/StructureDefinition/elementdefinition-bestpractice": [
      "StructureDefinition.snapshot.element.constraint"
    ],
    "http://hl7.org/fhir/StructureDefinition/elementdefinition-bestpractice-explanation": [
      "StructureDefinition.snapshot.element.constraint"
    ],
    "http://hl7.org/fhir/StructureDefinition/elementdefinition-bindingName": [
      "StructureDefinition.snapshot.element.binding"
    ],
    "http://hl7.org/fhir/StructureDefinition/elementdefinition-maxValueSet": [
      "StructureDefinition.snapshot.element.binding"
    ],
    "http://hl7.org/fhir/StructureDefinition/elementdefinition-translatable": [
      "StructureDefinition.snapshot.element"
    ],
    "http://hl7.org/fhir/StructureDefinition/structuredefinition-display-hint": [
      "StructureDefinition.snapshot.element"
    ],
    "http://hl7.org/fhir/StructureDefinition/structuredefinition-fhir-type": [
      "StructureDefinition.snapshot.element.type"
    ],
    "http://hl7.org/fhir/StructureDefinition/structuredefinition-hierarchy": [
      "StructureDefinition.snapshot.element.type"
    ],
    "http://hl7.org/fhir/tools/StructureDefinition/ig-internal-dependency": [
      "ImplementationGuide.definition"
    ],
    "http://hl7.org/fhir/tools/StructureDefinition/ig-page-name": [
      "ImplementationGuide.definition.page",
      "ImplementationGuide.definition.page.page"
    ],
    "http://hl7.org/fhir/tools/StructureDefinition/ig-parameter": [
      "ImplementationGuide.definition"
    ],
    "http://hl7.org/fhir/tools/StructureDefinition/implementationguide-dependency-comment": [
      "ImplementationGuide.dependsOn"
    ],
    "http://hl7.org/fhir/tools/StructureDefinition/resource-information": [
      "ImplementationGuide.definition.resource"
    ],
    "http://hl7.org/fhir/tools/StructureDefinition/snapshot-base-version": [
      "StructureDefinition.snapshot"
    ],
    "http://open-nursing-core.org/StructureDefinition/intervention-goal-reference": [
      "Procedure"
    ],
    "http://open-nursing-core.org/StructureDefinition/observation-goal-reference": [
      "Observation"
    ]
  }
}