URL,Version,Status,OIDs,Name,Title,Descriptino,Uses,Used,Sources
http://open-nursing-core.org/ValueSet/goal-evaluation-valueset,0.1.0,draft,,GoalEvaluationValueSet,Goal Evaluation Value Set,"",,"SCT"
http://open-nursing-core.org/ValueSet/nursing-intervention-valueset,0.1.0,draft,,NursingInterventionValueSet,Nursing Intervention Value Set,"",,"SCT,FHIR"
http://open-nursing-core.org/ValueSet/nursing-problem-valueset,0.1.0,draft,,NursingProblemValueSet,Nursing Problem Value Set,"",,"SCT,FHIR"
http://open-nursing-core.org/ValueSet/skintone-vs,0.1.0,draft,,SkinToneVS,Fitzpatrick Skin Tone Value Set,"Values for Fitzpatrick Skin Type I-VI using standard SNOMED CT codes.",,"SCT"
