{
  "codeSystems" : [
    {
      "url" : "http://hl7.org/fhir/ValueSet/body-site",
      "version" : "4.0.1",
      "status" : "draft",
      "name" : "SNOMEDCTBodyStructures",
      "title" : "SNOMED CT Body Structures",
      "description" : "This value set includes all codes from [SNOMED CT](http://snomed.info/sct) where concept is-a 442083009 (Anatomical or acquired body site (body structure)).",
      "systems" : ["http://snomed.info/sct"],
      "oids" : ["2.16.840.1.113883.4.642.3.141"],
      "sources" : ["2.16.840.1.113883.4.642.3.141"],
      "uses" : {
      },
      "StructureDefinition-onc-goal-evaluation.html" : "Open Nursing Core Goal Evaluation",
      "StructureDefinition-onc-nursing-intervention.html" : "Open Nursing Core Nursing Intervention",
      "StructureDefinition-onc-braden-scale-assessment.html" : "Open Nursing Core Braden Scale Assessment",
      "StructureDefinition-onc-nursing-assessment.html" : "Open Nursing Core Assessment",
      "StructureDefinition-onc-nursing-problem.html" : "Open Nursing Core Nursing Problem"
    },
    {
      "url" : "http://hl7.org/fhir/ValueSet/care-plan-activity-kind",
      "version" : "4.0.1",
      "status" : "draft",
      "name" : "CarePlanActivityKind",
      "title" : "Care Plan Activity Kind",
      "description" : "Resource types defined as part of FHIR that can be represented as in-line definitions of a care plan activity.",
      "systems" : ["http://hl7.org/fhir/resource-types"],
      "oids" : ["2.16.840.1.113883.4.642.3.145"],
      "sources" : ["2.16.840.1.113883.4.642.3.145"],
      "uses" : {
      },
      "StructureDefinition-onc-nursing-care-plan.html" : "Open Nursing Core Nursing Care Plan"
    },
    {
      "url" : "http://hl7.org/fhir/ValueSet/care-plan-activity-outcome",
      "version" : "4.0.1",
      "status" : "draft",
      "name" : "CarePlanActivityOutcome",
      "title" : "Care Plan Activity Outcome",
      "description" : "Example codes indicating the outcome of a care plan activity. Note that these are in no way complete and might not even be appropriate for some uses.",
      "systems" : ["http://snomed.info/sct"],
      "oids" : ["2.16.840.1.113883.4.642.3.149"],
      "sources" : ["2.16.840.1.113883.4.642.3.149"],
      "uses" : {
      },
      "StructureDefinition-onc-nursing-care-plan.html" : "Open Nursing Core Nursing Care Plan"
    },
    {
      "url" : "http://hl7.org/fhir/ValueSet/care-plan-activity-status",
      "version" : "4.0.1",
      "status" : "draft",
      "name" : "CarePlanActivityStatus",
      "title" : "CarePlanActivityStatus",
      "description" : "Codes that reflect the current state of a care plan activity within its overall life cycle.",
      "systems" : ["http://hl7.org/fhir/care-plan-activity-status"],
      "oids" : ["2.16.840.1.113883.4.642.3.146"],
      "sources" : ["2.16.840.1.113883.4.642.3.146"],
      "uses" : {
      },
      "StructureDefinition-onc-nursing-care-plan.html" : "Open Nursing Core Nursing Care Plan"
    },
    {
      "url" : "http://hl7.org/fhir/ValueSet/care-plan-category",
      "version" : "4.0.1",
      "status" : "draft",
      "name" : "CarePlanCategory",
      "title" : "Care Plan Category",
      "description" : "Example codes indicating the category a care plan falls within.  Note that these are in no way complete and might not even be appropriate for some uses.",
      "systems" : ["http://snomed.info/sct"],
      "oids" : ["2.16.840.1.113883.4.642.3.148"],
      "sources" : ["2.16.840.1.113883.4.642.3.148"],
      "uses" : {
      },
      "StructureDefinition-onc-nursing-care-plan.html" : "Open Nursing Core Nursing Care Plan"
    },
    {
      "url" : "http://hl7.org/fhir/ValueSet/care-plan-intent",
      "version" : "4.0.1",
      "status" : "draft",
      "name" : "CarePlanIntent",
      "title" : "Care Plan Intent",
      "description" : "Codes indicating the degree of authority/intentionality associated with a care plan.",
      "systems" : ["http://hl7.org/fhir/request-intent"],
      "oids" : ["2.16.840.1.113883.4.642.3.150"],
      "sources" : ["2.16.840.1.113883.4.642.3.150"],
      "uses" : {
      },
      "StructureDefinition-onc-nursing-care-plan.html" : "Open Nursing Core Nursing Care Plan"
    },
    {
      "url" : "http://hl7.org/fhir/ValueSet/clinical-findings",
      "version" : "4.0.1",
      "status" : "draft",
      "name" : "SNOMEDCTClinicalFindings",
      "title" : "SNOMED CT Clinical Findings",
      "description" : "This value set includes all the \"Clinical finding\" [SNOMED CT](http://snomed.info/sct) codes - concepts where concept is-a 404684003 (Clinical finding (finding)).",
      "systems" : ["http://snomed.info/sct"],
      "oids" : ["2.16.840.1.113883.4.642.3.232"],
      "sources" : ["2.16.840.1.113883.4.642.3.232"],
      "uses" : {
      },
      "StructureDefinition-onc-nursing-care-plan.html" : "Open Nursing Core Nursing Care Plan",
      "StructureDefinition-onc-patient-goal.html" : "Open Nursing Core Patient Goal"
    },
    {
      "url" : "http://hl7.org/fhir/ValueSet/condition-category",
      "version" : "4.0.1",
      "status" : "draft",
      "name" : "ConditionCategoryCodes",
      "title" : "Condition Category Codes",
      "description" : "Preferred value set for Condition Categories.",
      "systems" : ["http://terminology.hl7.org/CodeSystem/condition-category"],
      "oids" : ["2.16.840.1.113883.4.642.3.162"],
      "sources" : ["2.16.840.1.113883.4.642.3.162"],
      "uses" : {
      },
      "StructureDefinition-onc-nursing-problem.html" : "Open Nursing Core Nursing Problem"
    },
    {
      "url" : "http://hl7.org/fhir/ValueSet/condition-clinical",
      "version" : "4.0.1",
      "status" : "draft",
      "name" : "ConditionClinicalStatusCodes",
      "title" : "Condition Clinical Status Codes",
      "description" : "Preferred value set for Condition Clinical Status.",
      "systems" : ["http://terminology.hl7.org/CodeSystem/condition-clinical"],
      "oids" : ["2.16.840.1.113883.4.642.3.164"],
      "sources" : ["2.16.840.1.113883.4.642.3.164"],
      "uses" : {
      },
      "StructureDefinition-onc-nursing-problem.html" : "Open Nursing Core Nursing Problem"
    },
    {
      "url" : "http://hl7.org/fhir/ValueSet/condition-code",
      "version" : "4.0.1",
      "status" : "draft",
      "name" : "Condition/Problem/DiagnosisCodes",
      "title" : "Condition/Problem/Diagnosis Codes",
      "description" : "Example value set for Condition/Problem/Diagnosis codes.",
      "systems" : ["http://snomed.info/sct"],
      "oids" : ["2.16.840.1.113883.4.642.3.161"],
      "sources" : ["2.16.840.1.113883.4.642.3.161"],
      "uses" : {
      },
      "StructureDefinition-onc-nursing-intervention.html" : "Open Nursing Core Nursing Intervention"
    },
    {
      "url" : "http://hl7.org/fhir/ValueSet/condition-severity",
      "version" : "4.0.1",
      "status" : "draft",
      "name" : "Condition/DiagnosisSeverity",
      "title" : "Condition/Diagnosis Severity",
      "description" : "Preferred value set for Condition/Diagnosis severity grading.",
      "systems" : ["http://snomed.info/sct"],
      "oids" : ["2.16.840.1.113883.4.642.3.168"],
      "sources" : ["2.16.840.1.113883.4.642.3.168"],
      "uses" : {
      },
      "StructureDefinition-onc-nursing-problem.html" : "Open Nursing Core Nursing Problem"
    },
    {
      "url" : "http://hl7.org/fhir/ValueSet/condition-stage",
      "version" : "4.0.1",
      "status" : "draft",
      "name" : "ConditionStage",
      "title" : "Condition Stage",
      "description" : "Example value set for stages of cancer and other conditions.",
      "systems" : ["http://snomed.info/sct"],
      "oids" : ["2.16.840.1.113883.4.642.3.170"],
      "sources" : ["2.16.840.1.113883.4.642.3.170"],
      "uses" : {
      },
      "StructureDefinition-onc-nursing-problem.html" : "Open Nursing Core Nursing Problem"
    },
    {
      "url" : "http://hl7.org/fhir/ValueSet/condition-stage-type",
      "version" : "4.0.1",
      "status" : "draft",
      "name" : "ConditionStageType",
      "title" : "Condition Stage Type",
      "description" : "Example value set for the type of stages of cancer and other conditions",
      "systems" : ["http://snomed.info/sct"],
      "oids" : ["2.16.840.1.113883.4.642.3.171"],
      "sources" : ["2.16.840.1.113883.4.642.3.171"],
      "uses" : {
      },
      "StructureDefinition-onc-nursing-problem.html" : "Open Nursing Core Nursing Problem"
    },
    {
      "url" : "http://hl7.org/fhir/ValueSet/condition-ver-status",
      "version" : "4.0.1",
      "status" : "draft",
      "name" : "ConditionVerificationStatus",
      "title" : "ConditionVerificationStatus",
      "description" : "The verification status to support or decline the clinical status of the condition or diagnosis.",
      "systems" : ["http://terminology.hl7.org/CodeSystem/condition-ver-status"],
      "oids" : ["2.16.840.1.113883.4.642.3.166"],
      "sources" : ["2.16.840.1.113883.4.642.3.166"],
      "uses" : {
      },
      "StructureDefinition-onc-nursing-problem.html" : "Open Nursing Core Nursing Problem"
    },
    {
      "url" : "http://hl7.org/fhir/ValueSet/data-absent-reason",
      "version" : "4.0.1",
      "status" : "active",
      "name" : "DataAbsentReason",
      "title" : "DataAbsentReason",
      "description" : "Used to specify why the normally expected content of the data element is missing.",
      "systems" : ["http://terminology.hl7.org/CodeSystem/data-absent-reason"],
      "oids" : ["2.16.840.1.113883.4.642.3.5"],
      "sources" : ["2.16.840.1.113883.4.642.3.5"],
      "uses" : {
      },
      "StructureDefinition-onc-goal-evaluation.html" : "Open Nursing Core Goal Evaluation",
      "StructureDefinition-onc-braden-scale-assessment.html" : "Open Nursing Core Braden Scale Assessment",
      "StructureDefinition-onc-nursing-assessment.html" : "Open Nursing Core Assessment"
    },
    {
      "url" : "http://hl7.org/fhir/ValueSet/device-action",
      "version" : "4.0.1",
      "status" : "draft",
      "name" : "ProcedureDeviceActionCodes",
      "title" : "Procedure Device Action Codes",
      "description" : "Example codes indicating the change that happened to the device during the procedure.  Note that these are in no way complete and might not even be appropriate for some uses.",
      "systems" : ["http://snomed.info/sct"],
      "oids" : ["2.16.840.1.113883.4.642.3.425"],
      "sources" : ["2.16.840.1.113883.4.642.3.425"],
      "uses" : {
      },
      "StructureDefinition-onc-nursing-intervention.html" : "Open Nursing Core Nursing Intervention"
    },
    {
      "url" : "http://hl7.org/fhir/ValueSet/device-kind",
      "version" : "4.0.1",
      "status" : "draft",
      "name" : "FHIRDeviceTypes",
      "title" : "FHIR Device Types",
      "description" : "Codes used to identify medical devices. Includes concepts from SNOMED CT (http://www.snomed.org/) where concept is-a 49062001 (Device)  and is provided as a suggestive example.",
      "systems" : ["http://snomed.info/sct"],
      "oids" : ["2.16.840.1.113883.4.642.3.208"],
      "sources" : ["2.16.840.1.113883.4.642.3.208"],
      "uses" : {
      },
      "StructureDefinition-onc-nursing-intervention.html" : "Open Nursing Core Nursing Intervention"
    },
    {
      "url" : "http://hl7.org/fhir/ValueSet/event-status",
      "version" : "4.0.1",
      "status" : "draft",
      "name" : "EventStatus",
      "title" : "EventStatus",
      "description" : "Codes identifying the lifecycle stage of an event.",
      "systems" : ["http://hl7.org/fhir/event-status"],
      "oids" : ["2.16.840.1.113883.4.642.3.109"],
      "sources" : ["2.16.840.1.113883.4.642.3.109"],
      "uses" : {
      },
      "StructureDefinition-onc-nursing-intervention.html" : "Open Nursing Core Nursing Intervention"
    },
    {
      "url" : "http://hl7.org/fhir/ValueSet/goal-achievement",
      "version" : "4.0.1",
      "status" : "draft",
      "name" : "GoalAchievementStatus",
      "title" : "Goal achievement status",
      "description" : "Describes the progression, or lack thereof, towards the goal against the target.",
      "systems" : ["http://terminology.hl7.org/CodeSystem/goal-achievement"],
      "oids" : ["2.16.840.1.113883.4.642.3.1374"],
      "sources" : ["2.16.840.1.113883.4.642.3.1374"],
      "uses" : {
      },
      "StructureDefinition-onc-patient-goal.html" : "Open Nursing Core Patient Goal"
    },
    {
      "url" : "http://hl7.org/fhir/ValueSet/goal-category",
      "version" : "4.0.1",
      "status" : "draft",
      "name" : "GoalCategory",
      "title" : "Goal category",
      "description" : "Example codes for grouping goals to use for filtering or presentation.",
      "systems" : ["http://terminology.hl7.org/CodeSystem/goal-category"],
      "oids" : ["2.16.840.1.113883.4.642.3.275"],
      "sources" : ["2.16.840.1.113883.4.642.3.275"],
      "uses" : {
      },
      "StructureDefinition-onc-patient-goal.html" : "Open Nursing Core Patient Goal"
    },
    {
      "url" : "http://hl7.org/fhir/ValueSet/goal-priority",
      "version" : "4.0.1",
      "status" : "draft",
      "name" : "GoalPriority",
      "title" : "Goal priority",
      "description" : "Indicates the level of importance associated with reaching or sustaining a goal.",
      "systems" : ["http://terminology.hl7.org/CodeSystem/goal-priority"],
      "oids" : ["2.16.840.1.113883.4.642.3.273"],
      "sources" : ["2.16.840.1.113883.4.642.3.273"],
      "uses" : {
      },
      "StructureDefinition-onc-patient-goal.html" : "Open Nursing Core Patient Goal"
    },
    {
      "url" : "http://hl7.org/fhir/ValueSet/goal-start-event",
      "version" : "4.0.1",
      "status" : "draft",
      "name" : "GoalStartEvent",
      "title" : "Goal start event",
      "description" : "Identifies types of events that might trigger the start of a goal.",
      "systems" : ["http://snomed.info/sct"],
      "oids" : ["2.16.840.1.113883.4.642.3.279"],
      "sources" : ["2.16.840.1.113883.4.642.3.279"],
      "uses" : {
      },
      "StructureDefinition-onc-patient-goal.html" : "Open Nursing Core Patient Goal"
    },
    {
      "url" : "http://hl7.org/fhir/ValueSet/goal-status",
      "version" : "4.0.1",
      "status" : "draft",
      "name" : "GoalLifecycleStatus",
      "title" : "GoalLifecycleStatus",
      "description" : "Codes that reflect the current state of a goal and whether the goal is still being targeted.",
      "systems" : ["http://hl7.org/fhir/goal-status"],
      "oids" : ["2.16.840.1.113883.4.642.3.271"],
      "sources" : ["2.16.840.1.113883.4.642.3.271"],
      "uses" : {
      },
      "StructureDefinition-onc-patient-goal.html" : "Open Nursing Core Patient Goal"
    },
    {
      "url" : "http://hl7.org/fhir/ValueSet/languages",
      "version" : "4.0.1",
      "status" : "draft",
      "name" : "CommonLanguages",
      "title" : "Common Languages",
      "description" : "This value set includes common codes from BCP-47 (http://tools.ietf.org/html/bcp47)",
      "systems" : ["urn:ietf:bcp:47"],
      "oids" : ["2.16.840.1.113883.4.642.3.20"],
      "sources" : ["2.16.840.1.113883.4.642.3.20"],
      "uses" : {
      },
      "StructureDefinition-onc-nursing-care-plan.html" : "Open Nursing Core Nursing Care Plan",
      "StructureDefinition-onc-goal-evaluation.html" : "Open Nursing Core Goal Evaluation",
      "StructureDefinition-onc-nursing-intervention.html" : "Open Nursing Core Nursing Intervention",
      "StructureDefinition-onc-braden-scale-assessment.html" : "Open Nursing Core Braden Scale Assessment",
      "StructureDefinition-onc-patient-goal.html" : "Open Nursing Core Patient Goal",
      "StructureDefinition-onc-nursing-assessment.html" : "Open Nursing Core Assessment",
      "StructureDefinition-onc-nursing-problem.html" : "Open Nursing Core Nursing Problem"
    },
    {
      "url" : "http://hl7.org/fhir/ValueSet/manifestation-or-symptom",
      "version" : "4.0.1",
      "status" : "draft",
      "name" : "ManifestationAndSymptomCodes",
      "title" : "Manifestation and Symptom Codes",
      "description" : "Example value set for Manifestation and Symptom codes.",
      "systems" : ["http://snomed.info/sct"],
      "oids" : ["2.16.840.1.113883.4.642.3.169"],
      "sources" : ["2.16.840.1.113883.4.642.3.169"],
      "uses" : {
      },
      "StructureDefinition-onc-nursing-problem.html" : "Open Nursing Core Nursing Problem"
    },
    {
      "url" : "http://hl7.org/fhir/ValueSet/medication-codes",
      "version" : "4.0.1",
      "status" : "draft",
      "name" : "SNOMEDCTMedicationCodes",
      "title" : "SNOMED CT Medication Codes",
      "description" : "This value set includes all drug or medicament substance codes and all pharmaceutical/biologic products from SNOMED CT - provided as an exemplar value set.",
      "systems" : ["http://snomed.info/sct"],
      "oids" : ["2.16.840.1.113883.4.642.3.375"],
      "sources" : ["2.16.840.1.113883.4.642.3.375"],
      "uses" : {
      },
      "StructureDefinition-onc-nursing-care-plan.html" : "Open Nursing Core Nursing Care Plan"
    },
    {
      "url" : "http://hl7.org/fhir/ValueSet/observation-category",
      "version" : "4.0.1",
      "status" : "draft",
      "name" : "ObservationCategoryCodes",
      "title" : "Observation Category Codes",
      "description" : "Observation Category codes.",
      "systems" : ["http://terminology.hl7.org/CodeSystem/observation-category"],
      "oids" : ["2.16.840.1.113883.4.642.3.403"],
      "sources" : ["2.16.840.1.113883.4.642.3.403"],
      "uses" : {
      },
      "StructureDefinition-onc-goal-evaluation.html" : "Open Nursing Core Goal Evaluation",
      "StructureDefinition-onc-braden-scale-assessment.html" : "Open Nursing Core Braden Scale Assessment",
      "StructureDefinition-onc-nursing-assessment.html" : "Open Nursing Core Assessment"
    },
    {
      "url" : "http://hl7.org/fhir/ValueSet/observation-codes",
      "version" : "4.0.1",
      "status" : "draft",
      "name" : "LOINCCodes",
      "title" : "LOINC Codes",
      "description" : "This value set includes all LOINC codes",
      "systems" : ["http://loinc.org"],
      "oids" : ["2.16.840.1.113883.4.642.3.396"],
      "sources" : ["2.16.840.1.113883.4.642.3.396"],
      "uses" : {
      },
      "StructureDefinition-onc-goal-evaluation.html" : "Open Nursing Core Goal Evaluation",
      "StructureDefinition-onc-braden-scale-assessment.html" : "Open Nursing Core Braden Scale Assessment",
      "StructureDefinition-onc-patient-goal.html" : "Open Nursing Core Patient Goal",
      "StructureDefinition-onc-nursing-assessment.html" : "Open Nursing Core Assessment"
    },
    {
      "url" : "http://hl7.org/fhir/ValueSet/observation-interpretation",
      "version" : "4.0.1",
      "status" : "active",
      "name" : "ObservationInterpretationCodes",
      "title" : "Observation Interpretation Codes",
      "description" : "A categorical assessment, providing a rough qualitative interpretation of the observation value,    such as “normal”/ “abnormal”,”low” / “high”, “better” / “worse”, “susceptible” / “resistant”, “expected”/ “not expected”.    The value set is intended to be for ANY use where coded representation of an interpretation is needed.   \r\n   \r\n   Notes:\r\n   \r\n   This is being communicated in v2.x in OBX-8 (Observation Interpretation), in v3 in ObservationInterpretation (CWE) in R1 (Representative Realm) and in FHIR in    Observation.interpretation. Historically these values come from the laboratory domain, and these codes are extensively    used. The value set binding is extensible, so codes outside the value set that are needed for interpretation concepts    (i.e. particular meanings) that are not included in the value set can be used, and these new codes may also be added to    the value set and published in a future version.",
      "systems" : [
        "http://terminology.hl7.org/CodeSystem/v3-ObservationInterpretation"
      ],
      "oids" : ["2.16.840.1.113883.4.642.3.399"],
      "sources" : ["2.16.840.1.113883.4.642.3.399"],
      "uses" : {
      },
      "StructureDefinition-onc-goal-evaluation.html" : "Open Nursing Core Goal Evaluation",
      "StructureDefinition-onc-braden-scale-assessment.html" : "Open Nursing Core Braden Scale Assessment",
      "StructureDefinition-onc-nursing-assessment.html" : "Open Nursing Core Assessment"
    },
    {
      "url" : "http://hl7.org/fhir/ValueSet/observation-methods",
      "version" : "4.0.1",
      "status" : "draft",
      "name" : "ObservationMethods",
      "title" : "Observation Methods",
      "description" : "Observation Method codes from [SNOMED CT](http://snomed.info/sct) where concept is-a 272394005 (Technique (qualifier value)) or is-a 129264002 (Action (qualifier value)) or is-a 386053000 (Evaluation procedure(procedure))",
      "systems" : ["http://snomed.info/sct"],
      "oids" : ["2.16.840.1.113883.4.642.3.395"],
      "sources" : ["2.16.840.1.113883.4.642.3.395"],
      "uses" : {
      },
      "StructureDefinition-onc-goal-evaluation.html" : "Open Nursing Core Goal Evaluation",
      "StructureDefinition-onc-braden-scale-assessment.html" : "Open Nursing Core Braden Scale Assessment",
      "StructureDefinition-onc-nursing-assessment.html" : "Open Nursing Core Assessment"
    },
    {
      "url" : "http://hl7.org/fhir/ValueSet/observation-status",
      "version" : "4.0.1",
      "status" : "active",
      "name" : "ObservationStatus",
      "title" : "ObservationStatus",
      "description" : "Codes providing the status of an observation.",
      "systems" : ["http://hl7.org/fhir/observation-status"],
      "oids" : ["2.16.840.1.113883.4.642.3.400"],
      "sources" : ["2.16.840.1.113883.4.642.3.400"],
      "uses" : {
      },
      "StructureDefinition-onc-goal-evaluation.html" : "Open Nursing Core Goal Evaluation",
      "StructureDefinition-onc-braden-scale-assessment.html" : "Open Nursing Core Braden Scale Assessment",
      "StructureDefinition-onc-nursing-assessment.html" : "Open Nursing Core Assessment"
    },
    {
      "url" : "http://hl7.org/fhir/ValueSet/performer-role",
      "version" : "4.0.1",
      "status" : "draft",
      "name" : "ProcedurePerformerRoleCodes",
      "title" : "Procedure Performer Role Codes",
      "description" : "This example value set defines the set of codes that can be used to indicate a role of a procedure performer.",
      "systems" : ["http://snomed.info/sct"],
      "oids" : ["2.16.840.1.113883.4.642.3.433"],
      "sources" : ["2.16.840.1.113883.4.642.3.433"],
      "uses" : {
      },
      "StructureDefinition-onc-nursing-intervention.html" : "Open Nursing Core Nursing Intervention"
    },
    {
      "url" : "http://hl7.org/fhir/ValueSet/procedure-category",
      "version" : "4.0.1",
      "status" : "draft",
      "name" : "ProcedureCategoryCodes(SNOMEDCT)",
      "title" : "Procedure Category Codes (SNOMED CT)",
      "description" : "Procedure Category code: A selection of relevant SNOMED CT codes.",
      "systems" : ["http://snomed.info/sct"],
      "oids" : ["2.16.840.1.113883.4.642.3.430"],
      "sources" : ["2.16.840.1.113883.4.642.3.430"],
      "uses" : {
      },
      "StructureDefinition-onc-nursing-intervention.html" : "Open Nursing Core Nursing Intervention"
    },
    {
      "url" : "http://hl7.org/fhir/ValueSet/procedure-followup",
      "version" : "4.0.1",
      "status" : "draft",
      "name" : "ProcedureFollowUpCodes(SNOMEDCT)",
      "title" : "Procedure Follow up Codes (SNOMED CT)",
      "description" : "Procedure follow up codes: A selection of SNOMED CT codes relevant to procedure follow up.",
      "systems" : ["http://snomed.info/sct"],
      "oids" : ["2.16.840.1.113883.4.642.3.429"],
      "sources" : ["2.16.840.1.113883.4.642.3.429"],
      "uses" : {
      },
      "StructureDefinition-onc-nursing-intervention.html" : "Open Nursing Core Nursing Intervention"
    },
    {
      "url" : "http://hl7.org/fhir/ValueSet/procedure-not-performed-reason",
      "version" : "4.0.1",
      "status" : "active",
      "name" : "ProcedureNotPerformedReason(SNOMED-CT)",
      "title" : "Procedure Not Performed Reason (SNOMED-CT)",
      "description" : "Situation codes describing the reason that a procedure, which might otherwise be expected, was not performed, or a procedure that was started and was not completed. Consists of SNOMED CT codes, children of procedure contraindicated (183932001), procedure discontinued (416406003), procedure not done (416237000), procedure not indicated (428119001), procedure not offered (416064006), procedure not wanted (416432009), procedure refused (183944003), and procedure stopped (394908001).",
      "systems" : ["http://snomed.info/sct"],
      "oids" : ["2.16.840.1.113883.4.642.3.431"],
      "sources" : ["2.16.840.1.113883.4.642.3.431"],
      "uses" : {
      },
      "StructureDefinition-onc-nursing-intervention.html" : "Open Nursing Core Nursing Intervention"
    },
    {
      "url" : "http://hl7.org/fhir/ValueSet/procedure-outcome",
      "version" : "4.0.1",
      "status" : "draft",
      "name" : "ProcedureOutcomeCodes(SNOMEDCT)",
      "title" : "Procedure Outcome Codes (SNOMED CT)",
      "description" : "Procedure Outcome code: A selection of relevant SNOMED CT codes.",
      "systems" : ["http://snomed.info/sct"],
      "oids" : ["2.16.840.1.113883.4.642.3.428"],
      "sources" : ["2.16.840.1.113883.4.642.3.428"],
      "uses" : {
      },
      "StructureDefinition-onc-nursing-intervention.html" : "Open Nursing Core Nursing Intervention"
    },
    {
      "url" : "http://hl7.org/fhir/ValueSet/procedure-reason",
      "version" : "4.0.1",
      "status" : "draft",
      "name" : "ProcedureReasonCodes",
      "title" : "Procedure Reason Codes",
      "description" : "This example value set defines the set of codes that can be used to indicate a reason for a procedure.",
      "systems" : ["http://snomed.info/sct"],
      "oids" : ["2.16.840.1.113883.4.642.3.432"],
      "sources" : ["2.16.840.1.113883.4.642.3.432"],
      "uses" : {
      },
      "StructureDefinition-onc-nursing-intervention.html" : "Open Nursing Core Nursing Intervention"
    },
    {
      "url" : "http://hl7.org/fhir/ValueSet/quantity-comparator",
      "version" : "4.0.1",
      "status" : "active",
      "name" : "QuantityComparator",
      "title" : "QuantityComparator",
      "description" : "How the Quantity should be understood and represented.",
      "systems" : ["http://hl7.org/fhir/quantity-comparator"],
      "oids" : ["2.16.840.1.113883.4.642.3.59"],
      "sources" : ["2.16.840.1.113883.4.642.3.59"],
      "uses" : {
      },
      "StructureDefinition-onc-braden-scale-assessment.html" : "Open Nursing Core Braden Scale Assessment"
    },
    {
      "url" : "http://hl7.org/fhir/ValueSet/referencerange-appliesto",
      "version" : "4.0.1",
      "status" : "draft",
      "name" : "ObservationReferenceRangeAppliesToCodes",
      "title" : "Observation Reference Range Applies To Codes",
      "description" : "This value set defines a set of codes that can be used to indicate the particular target population the reference range applies to.",
      "systems" : [
        "http://terminology.hl7.org/CodeSystem/v3-Race",
        "http://snomed.info/sct"
      ],
      "oids" : ["2.16.840.1.113883.4.642.3.407"],
      "sources" : ["2.16.840.1.113883.4.642.3.407"],
      "uses" : {
      },
      "StructureDefinition-onc-goal-evaluation.html" : "Open Nursing Core Goal Evaluation",
      "StructureDefinition-onc-braden-scale-assessment.html" : "Open Nursing Core Braden Scale Assessment",
      "StructureDefinition-onc-nursing-assessment.html" : "Open Nursing Core Assessment"
    },
    {
      "url" : "http://hl7.org/fhir/ValueSet/referencerange-meaning",
      "version" : "4.0.1",
      "status" : "draft",
      "name" : "ObservationReferenceRangeMeaningCodes",
      "title" : "Observation Reference Range Meaning Codes",
      "description" : "This value set defines a set of codes that can be used to indicate the meaning/use of a reference range for a particular target population.",
      "systems" : [
        "http://terminology.hl7.org/CodeSystem/referencerange-meaning"
      ],
      "oids" : ["2.16.840.1.113883.4.642.3.397"],
      "sources" : ["2.16.840.1.113883.4.642.3.397"],
      "uses" : {
      },
      "StructureDefinition-onc-goal-evaluation.html" : "Open Nursing Core Goal Evaluation",
      "StructureDefinition-onc-braden-scale-assessment.html" : "Open Nursing Core Braden Scale Assessment",
      "StructureDefinition-onc-nursing-assessment.html" : "Open Nursing Core Assessment"
    },
    {
      "url" : "http://hl7.org/fhir/ValueSet/request-status",
      "version" : "4.0.1",
      "status" : "draft",
      "name" : "RequestStatus",
      "title" : "RequestStatus",
      "description" : "Codes identifying the lifecycle stage of a request.",
      "systems" : ["http://hl7.org/fhir/request-status"],
      "oids" : ["2.16.840.1.113883.4.642.3.111"],
      "sources" : ["2.16.840.1.113883.4.642.3.111"],
      "uses" : {
      },
      "StructureDefinition-onc-nursing-care-plan.html" : "Open Nursing Core Nursing Care Plan"
    },
    {
      "url" : "http://open-nursing-core.org/ValueSet/goal-evaluation-valueset",
      "version" : "0.1.0",
      "status" : "draft",
      "name" : "GoalEvaluationValueSet",
      "title" : "Goal Evaluation Value Set",
      "description" : "",
      "systems" : ["http://snomed.info/sct"],
      "uses" : {
      },
      "StructureDefinition-onc-goal-evaluation.html" : "Open Nursing Core Goal Evaluation"
    },
    {
      "url" : "http://open-nursing-core.org/ValueSet/nursing-intervention-valueset",
      "version" : "0.1.0",
      "status" : "draft",
      "name" : "NursingInterventionValueSet",
      "title" : "Nursing Intervention Value Set",
      "description" : "",
      "systems" : ["http://hl7.org/fhir/sid/icnp", "http://snomed.info/sct"],
      "uses" : {
      },
      "StructureDefinition-onc-nursing-care-plan.html" : "Open Nursing Core Nursing Care Plan",
      "StructureDefinition-onc-nursing-intervention.html" : "Open Nursing Core Nursing Intervention"
    },
    {
      "url" : "http://open-nursing-core.org/ValueSet/nursing-problem-valueset",
      "version" : "0.1.0",
      "status" : "draft",
      "name" : "NursingProblemValueSet",
      "title" : "Nursing Problem Value Set",
      "description" : "",
      "systems" : ["http://hl7.org/fhir/sid/icnp", "http://snomed.info/sct"],
      "uses" : {
      },
      "StructureDefinition-onc-nursing-problem.html" : "Open Nursing Core Nursing Problem"
    }
  ]
}
