<?xml version="1.0" encoding="UTF-8"?>

<ValueSet xmlns="http://hl7.org/fhir">
  <id value="housing-status-vs"/>
  <text>
    <status value="generated"/><div xmlns="http://www.w3.org/1999/xhtml"><p class="res-header-id"><b>Generated Narrative: ValueSet housing-status-vs</b></p><a name="housing-status-vs"> </a><a name="hchousing-status-vs"> </a><ul><li>Include these codes as defined in <a href="http://www.snomed.org/"><code>http://snomed.info/sct</code></a><span title="Version is not explicity stated. No matching Code System found"> version Not Stated (use latest from terminology server)</span><table class="none"><tr><td style="white-space:nowrap"><b>Code</b></td><td><b>Display</b></td></tr><tr><td><a href="http://snomed.info/id/32911000">32911000</a></td><td>Homeless</td></tr><tr><td><a href="http://snomed.info/id/105529008">105529008</a></td><td>Lives alone</td></tr><tr><td><a href="http://snomed.info/id/160753008">160753008</a></td><td>Lives with family</td></tr><tr><td><a href="http://snomed.info/id/394923006">394923006</a></td><td>Lives in a nursing home</td></tr></table></li></ul></div>
  </text>
  <url value="http://open-nursing-core.org/ValueSet/housing-status-vs"/>
  <version value="0.1.0"/>
  <name value="HousingStatusVS"/>
  <title value="Housing Status Value Set"/>
  <status value="draft"/>
  <experimental value="false"/>
  <date value="2025-11-23T22:00:06+00:00"/>
  <description value="Codes representing the housing status of a patient."/>
  <compose>
    <include>
      <system value="http://snomed.info/sct"/>
      <concept>
        <code value="32911000"/>
        <display value="Homeless"/>
      </concept>
      <concept>
        <code value="105529008"/>
        <display value="Lives alone"/>
      </concept>
      <concept>
        <code value="160753008"/>
        <display value="Lives with family"/>
      </concept>
      <concept>
        <code value="394923006"/>
        <display value="Lives in a nursing home"/>
      </concept>
    </include>
  </compose>
</ValueSet>