{
  "codeSystems" : [
    {
      "url" : "https://clinyqai.github.io/open-nursing-core-ig/ValueSet/goal-evaluation-valueset",
      "version" : "1.0.0",
      "status" : "active",
      "name" : "GoalEvaluationValueSet",
      "title" : "Goal Evaluation Value Set",
      "description" : "",
      "systems" : ["http://snomed.info/sct"]
    },
    {
      "url" : "https://clinyqai.github.io/open-nursing-core-ig/ValueSet/housing-status-vs",
      "version" : "1.0.0",
      "status" : "active",
      "name" : "HousingStatusVS",
      "title" : "Housing Status Value Set",
      "description" : "",
      "systems" : ["http://snomed.info/sct"]
    },
    {
      "url" : "https://clinyqai.github.io/open-nursing-core-ig/ValueSet/nursing-intervention-valueset",
      "version" : "1.0.0",
      "status" : "active",
      "name" : "NursingInterventionValueSet",
      "title" : "Nursing Intervention Value Set",
      "description" : "",
      "systems" : ["http://snomed.info/sct"]
    },
    {
      "url" : "https://clinyqai.github.io/open-nursing-core-ig/ValueSet/nursing-problem-valueset",
      "version" : "1.0.0",
      "status" : "active",
      "name" : "NursingProblemValueSet",
      "title" : "Nursing Problem Value Set",
      "description" : "",
      "systems" : ["http://snomed.info/sct"]
    },
    {
      "url" : "https://clinyqai.github.io/open-nursing-core-ig/ValueSet/problem-category-valueset",
      "version" : "1.0.0",
      "status" : "active",
      "name" : "ProblemCategoryValueSet",
      "title" : "Problem Category Value Set",
      "description" : "",
      "systems" : [
        "https://clinyqai.github.io/open-nursing-core-ig/CodeSystem/onc-problem-type"
      ]
    },
    {
      "url" : "https://clinyqai.github.io/open-nursing-core-ig/ValueSet/skintone-vs",
      "version" : "1.0.0",
      "status" : "active",
      "name" : "SkinToneVS",
      "title" : "Fitzpatrick Skin Tone Value Set",
      "description" : "",
      "systems" : ["http://snomed.info/sct"]
    }
  ]
}
