{"resourceType":"CodeSystem","id":"onc-monk-scale","text":{"status":"generated","div":"<div xmlns=\"http://www.w3.org/1999/xhtml\"><p class=\"res-header-id\"><b>Generated Narrative: CodeSystem onc-monk-scale</b></p><a name=\"onc-monk-scale\"> </a><a name=\"hconc-monk-scale\"> </a><p>This  code system <code>https://clinyqai.github.io/open-nursing-core-ig/CodeSystem/onc-monk-scale</code> defines the following codes:</p><table class=\"codes\"><tr><td style=\"white-space:nowrap\"><b>Code</b></td><td><b>Display</b></td></tr><tr><td style=\"white-space:nowrap\">A<a name=\"onc-monk-scale-A\"> </a></td><td>Light Skin</td></tr><tr><td style=\"white-space:nowrap\">B<a name=\"onc-monk-scale-B\"> </a></td><td>Light-Medium Skin</td></tr><tr><td style=\"white-space:nowrap\">C<a name=\"onc-monk-scale-C\"> </a></td><td>Medium Skin</td></tr><tr><td style=\"white-space:nowrap\">D<a name=\"onc-monk-scale-D\"> </a></td><td>Medium-Dark Skin</td></tr><tr><td style=\"white-space:nowrap\">E<a name=\"onc-monk-scale-E\"> </a></td><td>Dark Skin</td></tr><tr><td style=\"white-space:nowrap\">F<a name=\"onc-monk-scale-F\"> </a></td><td>Deep Dark Skin</td></tr><tr><td style=\"white-space:nowrap\">G<a name=\"onc-monk-scale-G\"> </a></td><td>Very Dark Skin</td></tr><tr><td style=\"white-space:nowrap\">H<a name=\"onc-monk-scale-H\"> </a></td><td>Deepest Dark Skin</td></tr><tr><td style=\"white-space:nowrap\">I<a name=\"onc-monk-scale-I\"> </a></td><td>Ultra Dark Skin</td></tr><tr><td style=\"white-space:nowrap\">J<a name=\"onc-monk-scale-J\"> </a></td><td>Black Skin</td></tr></table></div>"},"url":"https://clinyqai.github.io/open-nursing-core-ig/CodeSystem/onc-monk-scale","version":"1.0.0","name":"ONCMonkScale","title":"Monk Skin Tone Scale CodeSystem","status":"active","date":"2025-12-26T00:14:27+00:00","content":"complete","count":10,"concept":[{"code":"A","display":"Light Skin","designation":[{"use":{"system":"http://terminology.hl7.org/CodeSystem/hl7TermMaintInfra","code":"preferredForLanguage"},"value":"Light Skin"}]},{"code":"B","display":"Light-Medium Skin","designation":[{"use":{"system":"http://terminology.hl7.org/CodeSystem/hl7TermMaintInfra","code":"preferredForLanguage"},"value":"Light-Medium Skin"}]},{"code":"C","display":"Medium Skin","designation":[{"use":{"system":"http://terminology.hl7.org/CodeSystem/hl7TermMaintInfra","code":"preferredForLanguage"},"value":"Medium Skin"}]},{"code":"D","display":"Medium-Dark Skin","designation":[{"use":{"system":"http://terminology.hl7.org/CodeSystem/hl7TermMaintInfra","code":"preferredForLanguage"},"value":"Medium-Dark Skin"}]},{"code":"E","display":"Dark Skin","designation":[{"use":{"system":"http://terminology.hl7.org/CodeSystem/hl7TermMaintInfra","code":"preferredForLanguage"},"value":"Dark Skin"}]},{"code":"F","display":"Deep Dark Skin","designation":[{"use":{"system":"http://terminology.hl7.org/CodeSystem/hl7TermMaintInfra","code":"preferredForLanguage"},"value":"Deep Dark Skin"}]},{"code":"G","display":"Very Dark Skin","designation":[{"use":{"system":"http://terminology.hl7.org/CodeSystem/hl7TermMaintInfra","code":"preferredForLanguage"},"value":"Very Dark Skin"}]},{"code":"H","display":"Deepest Dark Skin","designation":[{"use":{"system":"http://terminology.hl7.org/CodeSystem/hl7TermMaintInfra","code":"preferredForLanguage"},"value":"Deepest Dark Skin"}]},{"code":"I","display":"Ultra Dark Skin","designation":[{"use":{"system":"http://terminology.hl7.org/CodeSystem/hl7TermMaintInfra","code":"preferredForLanguage"},"value":"Ultra Dark Skin"}]},{"code":"J","display":"Black Skin","designation":[{"use":{"system":"http://terminology.hl7.org/CodeSystem/hl7TermMaintInfra","code":"preferredForLanguage"},"value":"Black Skin"}]}]}