{"resourceType":"CodeSystem","id":"onc-observation-codes","text":{"status":"generated","div":"<div xmlns=\"http://www.w3.org/1999/xhtml\"><p class=\"res-header-id\"><b>Generated Narrative: CodeSystem onc-observation-codes</b></p><a name=\"onc-observation-codes\"> </a><a name=\"hconc-observation-codes\"> </a><p>This  code system <code>http://open-nursing-core.org/CodeSystem/onc-observation-codes</code> defines the following code:</p><table class=\"codes\"><tr><td style=\"white-space:nowrap\"><b>Code</b></td><td><b>Display</b></td><td><b>Definition</b></td></tr><tr><td style=\"white-space:nowrap\">mst-score<a name=\"onc-observation-codes-mst-score\"> </a></td><td>Monk Skin Tone Score</td><td>Assessment of skin tone using the Monk Skin Tone Scale</td></tr></table></div>"},"url":"http://open-nursing-core.org/CodeSystem/onc-observation-codes","version":"1.0.0","name":"ONCObservationCodes","title":"ONC Observation Codes","status":"active","date":"2025-12-26T11:28:30+00:00","description":"Custom observation codes for Open Nursing Core","content":"complete","count":1,"concept":[{"code":"mst-score","display":"Monk Skin Tone Score","definition":"Assessment of skin tone using the Monk Skin Tone Scale"}]}