{"resourceType":"ConceptMap","id":"ONCToNandaMapping","text":{"status":"generated","div":"<div xmlns=\"http://www.w3.org/1999/xhtml\"><p class=\"res-header-id\"><b>Generated Narrative: ConceptMap ONCToNandaMapping</b></p><a name=\"ONCToNandaMapping\"> </a><a name=\"hcONCToNandaMapping\"> </a><p>Mapping from https://fhir.clinyq.ai/ValueSet/onc-relational-findings-vs to http://terminology.hl7.org/CodeSystem/nanda-i</p><br/><p><b>Group 1 </b>Mapping from <code>https://fhir.clinyq.ai/CodeSystem/onc-observation-codes</code> to <code>http://terminology.hl7.org/CodeSystem/nanda-i</code></p><table class=\"grid\"><tr><td><b>Source Code</b></td><td><b>Relationship</b></td><td><b>Target Code</b></td></tr><tr><td>patient-story</td><td><a href=\"http://hl7.org/fhir/R5/codesystem-concept-map-relationship.html#relatedto\" title=\"relatedto\">is related to</a></td><td>00053 (Social Isolation)</td></tr><tr><td>relational-engagement</td><td><a href=\"http://hl7.org/fhir/R5/codesystem-concept-map-relationship.html#relatedto\" title=\"relatedto\">is related to</a></td><td>00054 (Risk for Loneliness)</td></tr><tr><td>skintone-observation</td><td><a href=\"http://hl7.org/fhir/R5/codesystem-concept-map-relationship.html#specializes\" title=\"specializes\">has specialization</a></td><td>399912005 (Wound Assessment)</td></tr></table></div>"},"url":"https://fhir.clinyq.ai/ConceptMap/onc-to-nanda","version":"0.1.0","name":"ONCToNandaMapping","title":"Mapping ONC Relational Concepts to NANDA-I","status":"draft","date":"2026-01-02T23:43:46+00:00","publisher":"The Open Nursing Community","description":"Maps Open Nursing Core clinical findings to NANDA-I Nursing Diagnoses.","sourceCanonical":"https://fhir.clinyq.ai/ValueSet/onc-relational-findings-vs","targetCanonical":"http://terminology.hl7.org/CodeSystem/nanda-i","group":[{"source":"https://fhir.clinyq.ai/CodeSystem/onc-observation-codes","target":"http://terminology.hl7.org/CodeSystem/nanda-i","element":[{"code":"patient-story","target":[{"code":"00053","display":"Social Isolation","equivalence":"relatedto"}]},{"code":"relational-engagement","target":[{"code":"00054","display":"Risk for Loneliness","equivalence":"relatedto"}]},{"code":"skintone-observation","target":[{"code":"399912005","display":"Wound Assessment","equivalence":"specializes"}]}]}]}