{"resourceType":"ValueSet","id":"nursing-problem-valueset","text":{"status":"generated","div":"<div xmlns=\"http://www.w3.org/1999/xhtml\"><p class=\"res-header-id\"><b>Generated Narrative: ValueSet nursing-problem-valueset</b></p><a name=\"nursing-problem-valueset\"> </a><a name=\"hcnursing-problem-valueset\"> </a><ul><li>Include codes from<a href=\"http://www.snomed.org/\"><code>http://snomed.info/sct</code></a><span title=\"Version is not explicitly stated. No matching Code System found\"> version Not Stated (use latest from terminology server)</span> where concept  is-a 409586006 (Complaint (finding))</li></ul></div>"},"url":"https://clinyqai.github.io/open-nursing-core-ig/ValueSet/nursing-problem-valueset","version":"1.0.0","name":"NursingProblemValueSet","title":"Nursing Problem Value Set","status":"active","date":"2025-11-29T22:30:40+00:00","compose":{"include":[{"system":"http://snomed.info/sct","filter":[{"property":"concept","op":"is-a","value":"409586006"}]}]}}