{"resourceType":"ValueSet","id":"onc-goal-target-measure-vs","text":{"status":"generated","div":"<div xmlns=\"http://www.w3.org/1999/xhtml\"><p class=\"res-header-id\"><b>Generated Narrative: ValueSet onc-goal-target-measure-vs</b></p><a name=\"onc-goal-target-measure-vs\"> </a><a name=\"hconc-goal-target-measure-vs\"> </a><p>This value set includes codes based on the following rules:</p><ul><li>Include these codes as defined in <a href=\"http://loinc.org\"><code>http://loinc.org</code></a><span title=\"Version is not explicitly stated. No matching Code System found\"> version Not Stated (use latest from terminology server)</span><table class=\"none\"><tr><td style=\"white-space:nowrap\"><b>Code</b></td><td><b>Display</b></td></tr><tr><td><a href=\"https://loinc.org/59408-5/\">59408-5</a></td><td>Oxygen saturation</td></tr></table></li><li>Include these codes as defined in <a href=\"http://www.snomed.org/\"><code>http://snomed.info/sct</code></a><span title=\"Version is not explicitly stated. No matching Code System found\"> version Not Stated (use latest from terminology server)</span><table class=\"none\"><tr><td style=\"white-space:nowrap\"><b>Code</b></td><td><b>Display</b></td></tr><tr><td><a href=\"http://snomed.info/id/225358003\">225358003</a></td><td>Wound care</td></tr></table></li></ul></div>"},"url":"https://opennursingcoreig.com/ValueSet/onc-goal-target-measure-vs","version":"0.1.0","name":"ONCGoalTargetMeasureVS","title":"Goal Target Measure ValueSet","status":"draft","date":"2026-01-02T23:54:54+00:00","publisher":"The Open Nursing Community","description":"Codes used for goal target measures","compose":{"include":[{"system":"http://loinc.org","concept":[{"code":"59408-5","display":"Oxygen saturation"}]},{"system":"http://snomed.info/sct","concept":[{"code":"225358003","display":"Wound care"}]}]}}