{"resourceType":"ValueSet","id":"news2-code-vs","text":{"status":"generated","div":"<div xmlns=\"http://www.w3.org/1999/xhtml\"><p class=\"res-header-id\"><b>Generated Narrative: ValueSet news2-code-vs</b></p><a name=\"news2-code-vs\"> </a><a name=\"hcnews2-code-vs\"> </a><p>This value set includes codes based on the following rules:</p><ul><li>Include these codes as defined in <a href=\"http://loinc.org\"><code>http://loinc.org</code></a><span title=\"Version is not explicitly stated. No matching Code System found\"> version Not Stated (use latest from terminology server)</span><table class=\"none\"><tr><td style=\"white-space:nowrap\"><b>Code</b></td><td><b>Display</b></td></tr><tr><td><a href=\"https://loinc.org/88330-6/\">88330-6</a></td><td>National Early Warning Score [NEWS]</td></tr></table></li><li>Include these codes as defined in <a href=\"http://www.snomed.org/\"><code>http://snomed.info/sct</code></a><span title=\"Version is not explicitly stated. No matching Code System found\"> version Not Stated (use latest from terminology server)</span><table class=\"none\"><tr><td style=\"white-space:nowrap\"><b>Code</b></td><td><b>Display</b></td></tr><tr><td><a href=\"http://snomed.info/id/1104051000000101\">1104051000000101</a></td><td>National Early Warning Score 2 (observable entity)</td></tr></table></li></ul></div>"},"url":"https://clinyqai.github.io/open-nursing-core-ig/ValueSet/news2-code-vs","version":"1.0.0","name":"NEWS2CodeValueSet","title":"NEWS2 Code Value Set","status":"active","date":"2025-12-26T00:05:34+00:00","description":"LOINC and SNOMED codes for NEWS2","compose":{"include":[{"system":"http://loinc.org","concept":[{"code":"88330-6","display":"National Early Warning Score [NEWS]"}]},{"system":"http://snomed.info/sct","concept":[{"code":"1104051000000101","display":"National Early Warning Score 2 (observable entity)"}]}]}}