{"resourceType":"ValueSet","id":"onc-monk-scale-vs","text":{"status":"generated","div":"<div xmlns=\"http://www.w3.org/1999/xhtml\"><p class=\"res-header-id\"><b>Generated Narrative: ValueSet onc-monk-scale-vs</b></p><a name=\"onc-monk-scale-vs\"> </a><a name=\"hconc-monk-scale-vs\"> </a><ul><li>Include all codes defined in <a href=\"CodeSystem-onc-monk-scale.html\"><code>https://clinyqai.github.io/open-nursing-core-ig/CodeSystem/onc-monk-scale</code></a><span title=\"Version is not explicitly stated, which means it is fixed to the version provided in this specification\"> version &#x1F4E6;1.0.0</span></li></ul></div>"},"url":"https://clinyqai.github.io/open-nursing-core-ig/ValueSet/onc-monk-scale-vs","version":"1.0.0","name":"ONCMonkScaleVS","title":"Monk Skin Tone Scale ValueSet","status":"active","date":"2025-12-26T00:13:32+00:00","compose":{"include":[{"system":"https://clinyqai.github.io/open-nursing-core-ig/CodeSystem/onc-monk-scale"}]}}