{"resourceType":"ValueSet","id":"housing-status-vs","text":{"status":"generated","div":"<div xmlns=\"http://www.w3.org/1999/xhtml\"><p class=\"res-header-id\"><b>Generated Narrative: ValueSet housing-status-vs</b></p><a name=\"housing-status-vs\"> </a><a name=\"hchousing-status-vs\"> </a><ul><li>Include these codes as defined in <a href=\"http://www.snomed.org/\"><code>http://snomed.info/sct</code></a><span title=\"Version is not explicitly stated. No matching Code System found\"> version Not Stated (use latest from terminology server)</span><table class=\"none\"><tr><td style=\"white-space:nowrap\"><b>Code</b></td><td><b>Display</b></td></tr><tr><td><a href=\"http://snomed.info/id/266935003\">266935003</a></td><td>Housing lack</td></tr><tr><td><a href=\"http://snomed.info/id/224224003\">224224003</a></td><td>Lives in staffed home</td></tr></table></li></ul></div>"},"url":"https://clinyqai.github.io/open-nursing-core-ig/ValueSet/housing-status-vs","version":"0.1.0","name":"HousingStatusVS","title":"Housing Status Value Set","status":"draft","experimental":false,"date":"2026-01-02T16:06:53+00:00","description":"Value set for patient housing status","compose":{"include":[{"system":"http://snomed.info/sct","concept":[{"code":"266935003","display":"Housing lack"},{"code":"224224003","display":"Lives in staffed home"}]}]}}