{"resourceType":"ValueSet","id":"wound-stage-vs","text":{"status":"generated","div":"<div xmlns=\"http://www.w3.org/1999/xhtml\"><p class=\"res-header-id\"><b>Generated Narrative: ValueSet wound-stage-vs</b></p><a name=\"wound-stage-vs\"> </a><a name=\"hcwound-stage-vs\"> </a><ul><li>Include these codes as defined in <a href=\"http://www.snomed.org/\"><code>http://snomed.info/sct</code></a><span title=\"Version is not explicitly stated. No matching Code System found\"> version Not Stated (use latest from terminology server)</span><table class=\"none\"><tr><td style=\"white-space:nowrap\"><b>Code</b></td><td><b>Display</b></td></tr><tr><td><a href=\"http://snomed.info/id/421257003\">421257003</a></td><td>Stage 1 pressure ulcer</td></tr><tr><td><a href=\"http://snomed.info/id/420226007\">420226007</a></td><td>Stage 2 pressure ulcer</td></tr><tr><td><a href=\"http://snomed.info/id/420555000\">420555000</a></td><td>Stage 3 pressure ulcer</td></tr><tr><td><a href=\"http://snomed.info/id/420324007\">420324007</a></td><td>Stage 4 pressure ulcer</td></tr><tr><td><a href=\"http://snomed.info/id/421076008\">421076008</a></td><td>Unstageable pressure ulcer</td></tr><tr><td><a href=\"http://snomed.info/id/723071003\">723071003</a></td><td>Deep tissue injury</td></tr></table></li></ul></div>"},"url":"https://clinyqai.github.io/open-nursing-core-ig/ValueSet/wound-stage-vs","version":"1.0.0","name":"WoundStageValueSet","title":"Wound Stage Value Set","status":"active","date":"2025-12-26T11:33:23+00:00","description":"SNOMED CT codes for pressure ulcer staging","compose":{"include":[{"system":"http://snomed.info/sct","concept":[{"code":"421257003","display":"Stage 1 pressure ulcer"},{"code":"420226007","display":"Stage 2 pressure ulcer"},{"code":"420555000","display":"Stage 3 pressure ulcer"},{"code":"420324007","display":"Stage 4 pressure ulcer"},{"code":"421076008","display":"Unstageable pressure ulcer"},{"code":"723071003","display":"Deep tissue injury"}]}]}}