{
  "resourceType" : "Condition",
  "id" : "example-nursing-problem",
  "meta" : {
    "profile" : ["https://opennursingcoreig.com/StructureDefinition/onc-nursing-problem"]
  },
  "text" : {
    "status" : "generated",
    "div" : "<div xmlns=\"http://www.w3.org/1999/xhtml\"><p class=\"res-header-id\"><b>Generated Narrative: Condition example-nursing-problem</b></p><a name=\"example-nursing-problem\"> </a><a name=\"hcexample-nursing-problem\"> </a><div style=\"display: inline-block; background-color: #d9e0e7; padding: 6px; margin: 4px; border: 1px solid #8da1b4; border-radius: 5px; line-height: 60%\"><p style=\"margin-bottom: 0px\"/><p style=\"margin-bottom: 0px\">Profile: <a href=\"StructureDefinition-onc-nursing-problem.html\">Nursing Problem</a></p></div><p><b>clinicalStatus</b>: <span title=\"Codes:{http://terminology.hl7.org/CodeSystem/condition-clinical active}\">Active</span></p><p><b>category</b>: <span title=\"Codes:{https://opennursingcoreig.com/CodeSystem/onc-problem-type nursing-diagnosis}\">Nursing Diagnosis</span></p><p><b>code</b>: <span title=\"Codes:{https://opennursingcoreig.com/CodeSystem/onc-observation-codes risk-falls}\">Risk of falls</span></p><p><b>subject</b>: <a href=\"Patient-patient-example-jane.html\">Jane Doe  Female, DoB Unknown</a></p></div>"
  },
  "clinicalStatus" : {
    "coding" : [{
      "system" : "http://terminology.hl7.org/CodeSystem/condition-clinical",
      "code" : "active",
      "display" : "Active"
    }]
  },
  "category" : [{
    "coding" : [{
      "system" : "https://opennursingcoreig.com/CodeSystem/onc-problem-type",
      "code" : "nursing-diagnosis",
      "display" : "Nursing Diagnosis"
    }]
  }],
  "code" : {
    "coding" : [{
      "system" : "https://opennursingcoreig.com/CodeSystem/onc-observation-codes",
      "code" : "risk-falls",
      "display" : "Risk of falls"
    }]
  },
  "subject" : {
    "reference" : "Patient/patient-example-jane"
  }
}