{
  "resourceType" : "Observation",
  "id" : "example-clinical-frailty",
  "meta" : {
    "profile" : ["https://fhir.clinyq.ai/StructureDefinition/onc-clinical-frailty-scale"]
  },
  "text" : {
    "status" : "generated",
    "div" : "<div xmlns=\"http://www.w3.org/1999/xhtml\"><p class=\"res-header-id\"><b>Generated Narrative: Observation example-clinical-frailty</b></p><a name=\"example-clinical-frailty\"> </a><a name=\"hcexample-clinical-frailty\"> </a><div style=\"display: inline-block; background-color: #d9e0e7; padding: 6px; margin: 4px; border: 1px solid #8da1b4; border-radius: 5px; line-height: 60%\"><p style=\"margin-bottom: 0px\"/><p style=\"margin-bottom: 0px\">Profile: <a href=\"StructureDefinition-onc-clinical-frailty-scale.html\">Clinical Frailty Scale (CFS)</a></p></div><p><b>status</b>: Final</p><p><b>category</b>: <span title=\"Codes:{http://terminology.hl7.org/CodeSystem/observation-category survey}\">Survey</span></p><p><b>code</b>: <span title=\"Codes:{https://opennursingcoreig.com/CodeSystem/onc-observation-codes cfs-score}\">Clinical Frailty Scale Score</span></p><p><b>subject</b>: <a href=\"Patient-patient-example-jane.html\">Jane Doe  Female, DoB Unknown</a></p><p><b>performer</b>: <a href=\"Practitioner-practitioner-example.html\">Practitioner Nightingale </a></p><p><b>value</b>: <span title=\"Codes:{https://opennursingcoreig.com/CodeSystem/onc-observation-codes cfs-5}\">Mildly Frail</span></p><p><b>note</b>: </p><blockquote><div><p>Mildly Frail - slowing up, needs help with high order IADLs</p>\n</div></blockquote></div>"
  },
  "status" : "final",
  "category" : [{
    "coding" : [{
      "system" : "http://terminology.hl7.org/CodeSystem/observation-category",
      "code" : "survey"
    }]
  }],
  "code" : {
    "coding" : [{
      "system" : "https://opennursingcoreig.com/CodeSystem/onc-observation-codes",
      "code" : "cfs-score"
    }]
  },
  "subject" : {
    "reference" : "Patient/patient-example-jane"
  },
  "performer" : [{
    "reference" : "Practitioner/practitioner-example"
  }],
  "valueCodeableConcept" : {
    "coding" : [{
      "system" : "https://opennursingcoreig.com/CodeSystem/onc-observation-codes",
      "code" : "cfs-5",
      "display" : "Mildly Frail"
    }]
  },
  "note" : [{
    "text" : "Mildly Frail - slowing up, needs help with high order IADLs"
  }]
}