{
  "resourceType" : "Observation",
  "id" : "example-seizure-record",
  "meta" : {
    "profile" : ["https://fhir.clinyq.ai/StructureDefinition/onc-seizure-record"]
  },
  "text" : {
    "status" : "generated",
    "div" : "<div xmlns=\"http://www.w3.org/1999/xhtml\"><p class=\"res-header-id\"><b>Generated Narrative: Observation example-seizure-record</b></p><a name=\"example-seizure-record\"> </a><a name=\"hcexample-seizure-record\"> </a><div style=\"display: inline-block; background-color: #d9e0e7; padding: 6px; margin: 4px; border: 1px solid #8da1b4; border-radius: 5px; line-height: 60%\"><p style=\"margin-bottom: 0px\"/><p style=\"margin-bottom: 0px\">Profile: <a href=\"StructureDefinition-onc-seizure-record.html\">Seizure Record</a></p></div><p><b>status</b>: Final</p><p><b>category</b>: <span title=\"Codes:{http://terminology.hl7.org/CodeSystem/observation-category exam}\">Exam</span></p><p><b>code</b>: <span title=\"Codes:{https://clinyqai.github.io/open-nursing-core-ig/CodeSystem/onc-observation-codes seizure-record}\">Seizure Record</span></p><p><b>subject</b>: <a href=\"Patient-patient-example-jane.html\">Jane Doe  Female, DoB Unknown</a></p><p><b>performer</b>: <a href=\"Practitioner-practitioner-example.html\">Practitioner Nightingale </a></p><p><b>value</b>: Tonic-clonic seizure lasting 2 mins</p><blockquote><p><b>component</b></p><p><b>code</b>: <span title=\"Codes:{https://clinyqai.github.io/open-nursing-core-ig/CodeSystem/onc-observation-codes seizure-type}\">Seizure Type</span></p><p><b>value</b>: Tonic-Clonic</p></blockquote><blockquote><p><b>component</b></p><p><b>code</b>: <span title=\"Codes:{https://clinyqai.github.io/open-nursing-core-ig/CodeSystem/onc-observation-codes seizure-duration}\">Seizure Duration</span></p><p><b>value</b>: 2 min</p></blockquote><blockquote><p><b>component</b></p><p><b>code</b>: <span title=\"Codes:{https://clinyqai.github.io/open-nursing-core-ig/CodeSystem/onc-observation-codes seizure-recovery}\">Recovery Phase</span></p><p><b>value</b>: Sleepy for 30 mins post-ictal</p></blockquote></div>"
  },
  "status" : "final",
  "category" : [{
    "coding" : [{
      "system" : "http://terminology.hl7.org/CodeSystem/observation-category",
      "code" : "exam"
    }]
  }],
  "code" : {
    "coding" : [{
      "system" : "https://clinyqai.github.io/open-nursing-core-ig/CodeSystem/onc-observation-codes",
      "code" : "seizure-record"
    }]
  },
  "subject" : {
    "reference" : "Patient/patient-example-jane"
  },
  "performer" : [{
    "reference" : "Practitioner/practitioner-example"
  }],
  "valueString" : "Tonic-clonic seizure lasting 2 mins",
  "component" : [{
    "code" : {
      "coding" : [{
        "system" : "https://clinyqai.github.io/open-nursing-core-ig/CodeSystem/onc-observation-codes",
        "code" : "seizure-type"
      }]
    },
    "valueString" : "Tonic-Clonic"
  },
  {
    "code" : {
      "coding" : [{
        "system" : "https://clinyqai.github.io/open-nursing-core-ig/CodeSystem/onc-observation-codes",
        "code" : "seizure-duration"
      }]
    },
    "valueQuantity" : {
      "value" : 2,
      "unit" : "min"
    }
  },
  {
    "code" : {
      "coding" : [{
        "system" : "https://clinyqai.github.io/open-nursing-core-ig/CodeSystem/onc-observation-codes",
        "code" : "seizure-recovery"
      }]
    },
    "valueString" : "Sleepy for 30 mins post-ictal"
  }]
}