{
  "resourceType" : "Observation",
  "id" : "example-urinalysis",
  "meta" : {
    "profile" : ["https://fhir.clinyq.ai/StructureDefinition/onc-urinalysis"]
  },
  "text" : {
    "status" : "generated",
    "div" : "<div xmlns=\"http://www.w3.org/1999/xhtml\"><p class=\"res-header-id\"><b>Generated Narrative: Observation example-urinalysis</b></p><a name=\"example-urinalysis\"> </a><a name=\"hcexample-urinalysis\"> </a><div style=\"display: inline-block; background-color: #d9e0e7; padding: 6px; margin: 4px; border: 1px solid #8da1b4; border-radius: 5px; line-height: 60%\"><p style=\"margin-bottom: 0px\"/><p style=\"margin-bottom: 0px\">Profile: <a href=\"StructureDefinition-onc-urinalysis.html\">Urinalysis</a></p></div><p><b>status</b>: Final</p><p><b>category</b>: <span title=\"Codes:{http://terminology.hl7.org/CodeSystem/observation-category exam}\">Exam</span></p><p><b>code</b>: <span title=\"Codes:{https://clinyqai.github.io/open-nursing-core-ig/CodeSystem/onc-observation-codes urinalysis-panel}\">Urinalysis Panel</span></p><p><b>subject</b>: <a href=\"Patient-patient-example-jane.html\">Jane Doe  Female, DoB Unknown</a></p><p><b>performer</b>: <a href=\"Practitioner-practitioner-example.html\">Practitioner Nightingale </a></p><p><b>value</b>: Suggestive of UTI</p><blockquote><p><b>component</b></p><p><b>code</b>: <span title=\"Codes:{https://clinyqai.github.io/open-nursing-core-ig/CodeSystem/onc-observation-codes ua-leukocytes}\">Leukocytes</span></p><p><b>value</b>: ++</p></blockquote><blockquote><p><b>component</b></p><p><b>code</b>: <span title=\"Codes:{https://clinyqai.github.io/open-nursing-core-ig/CodeSystem/onc-observation-codes ua-nitrites}\">Nitrites</span></p><p><b>value</b>: Positive</p></blockquote><blockquote><p><b>component</b></p><p><b>code</b>: <span title=\"Codes:{https://clinyqai.github.io/open-nursing-core-ig/CodeSystem/onc-observation-codes ua-blood}\">Blood</span></p><p><b>value</b>: Negative</p></blockquote><blockquote><p><b>component</b></p><p><b>code</b>: <span title=\"Codes:{https://clinyqai.github.io/open-nursing-core-ig/CodeSystem/onc-observation-codes ua-ph}\">pH</span></p><p><b>value</b>: 6 {pH}</p></blockquote></div>"
  },
  "status" : "final",
  "category" : [{
    "coding" : [{
      "system" : "http://terminology.hl7.org/CodeSystem/observation-category",
      "code" : "exam"
    }]
  }],
  "code" : {
    "coding" : [{
      "system" : "https://clinyqai.github.io/open-nursing-core-ig/CodeSystem/onc-observation-codes",
      "code" : "urinalysis-panel"
    }]
  },
  "subject" : {
    "reference" : "Patient/patient-example-jane"
  },
  "performer" : [{
    "reference" : "Practitioner/practitioner-example"
  }],
  "valueString" : "Suggestive of UTI",
  "component" : [{
    "code" : {
      "coding" : [{
        "system" : "https://clinyqai.github.io/open-nursing-core-ig/CodeSystem/onc-observation-codes",
        "code" : "ua-leukocytes"
      }]
    },
    "valueString" : "++"
  },
  {
    "code" : {
      "coding" : [{
        "system" : "https://clinyqai.github.io/open-nursing-core-ig/CodeSystem/onc-observation-codes",
        "code" : "ua-nitrites"
      }]
    },
    "valueString" : "Positive"
  },
  {
    "code" : {
      "coding" : [{
        "system" : "https://clinyqai.github.io/open-nursing-core-ig/CodeSystem/onc-observation-codes",
        "code" : "ua-blood"
      }]
    },
    "valueString" : "Negative"
  },
  {
    "code" : {
      "coding" : [{
        "system" : "https://clinyqai.github.io/open-nursing-core-ig/CodeSystem/onc-observation-codes",
        "code" : "ua-ph"
      }]
    },
    "valueQuantity" : {
      "value" : 6,
      "unit" : "{pH}"
    }
  }]
}