{
  "resourceType" : "Observation",
  "id" : "example-bristol-stool",
  "meta" : {
    "profile" : ["https://fhir.clinyq.ai/StructureDefinition/onc-bristol-stool-chart"]
  },
  "text" : {
    "status" : "generated",
    "div" : "<div xmlns=\"http://www.w3.org/1999/xhtml\"><p class=\"res-header-id\"><b>Generated Narrative: Observation example-bristol-stool</b></p><a name=\"example-bristol-stool\"> </a><a name=\"hcexample-bristol-stool\"> </a><div style=\"display: inline-block; background-color: #d9e0e7; padding: 6px; margin: 4px; border: 1px solid #8da1b4; border-radius: 5px; line-height: 60%\"><p style=\"margin-bottom: 0px\"/><p style=\"margin-bottom: 0px\">Profile: <a href=\"StructureDefinition-onc-bristol-stool-chart.html\">Bristol Stool Chart</a></p></div><p><b>status</b>: Final</p><p><b>category</b>: <span title=\"Codes:{http://terminology.hl7.org/CodeSystem/observation-category exam}\">Exam</span></p><p><b>code</b>: <span title=\"Codes:{https://clinyqai.github.io/open-nursing-core-ig/CodeSystem/onc-observation-codes bristol-score}\">Bristol Stool Score</span></p><p><b>subject</b>: <a href=\"Patient-patient-example-jane.html\">Jane Doe  Female, DoB Unknown</a></p><p><b>performer</b>: <a href=\"Practitioner-practitioner-example.html\">Practitioner Nightingale </a></p><p><b>value</b>: 4 {score}</p></div>"
  },
  "status" : "final",
  "category" : [{
    "coding" : [{
      "system" : "http://terminology.hl7.org/CodeSystem/observation-category",
      "code" : "exam"
    }]
  }],
  "code" : {
    "coding" : [{
      "system" : "https://clinyqai.github.io/open-nursing-core-ig/CodeSystem/onc-observation-codes",
      "code" : "bristol-score"
    }]
  },
  "subject" : {
    "reference" : "Patient/patient-example-jane"
  },
  "performer" : [{
    "reference" : "Practitioner/practitioner-example"
  }],
  "valueQuantity" : {
    "value" : 4,
    "unit" : "{score}"
  }
}