{
  "resourceType" : "Observation",
  "id" : "example-reasonable-adjustment",
  "meta" : {
    "profile" : ["https://opennursingcoreig.com/StructureDefinition/onc-reasonable-adjustment"]
  },
  "text" : {
    "status" : "generated",
    "div" : "<div xmlns=\"http://www.w3.org/1999/xhtml\"><p class=\"res-header-id\"><b>Generated Narrative: Observation example-reasonable-adjustment</b></p><a name=\"example-reasonable-adjustment\"> </a><a name=\"hcexample-reasonable-adjustment\"> </a><div style=\"display: inline-block; background-color: #d9e0e7; padding: 6px; margin: 4px; border: 1px solid #8da1b4; border-radius: 5px; line-height: 60%\"><p style=\"margin-bottom: 0px\"/><p style=\"margin-bottom: 0px\">Profile: <a href=\"StructureDefinition-onc-reasonable-adjustment.html\">Reasonable Adjustment</a></p></div><p><b>status</b>: Final</p><p><b>category</b>: <span title=\"Codes:{http://terminology.hl7.org/CodeSystem/observation-category survey}\">Survey</span></p><p><b>code</b>: <span title=\"Codes:{https://opennursingcoreig.com/CodeSystem/onc-observation-codes reasonable-adjustment}\">Reasonable Adjustment</span></p><p><b>subject</b>: <a href=\"Patient-patient-example-jane.html\">Jane Doe  Female, DoB Unknown</a></p><p><b>performer</b>: <a href=\"Practitioner-practitioner-example.html\">Practitioner Nightingale </a></p><p><b>value</b>: Requires large print documents (Font size 16+).</p></div>"
  },
  "status" : "final",
  "category" : [{
    "coding" : [{
      "system" : "http://terminology.hl7.org/CodeSystem/observation-category",
      "code" : "survey"
    }]
  }],
  "code" : {
    "coding" : [{
      "system" : "https://opennursingcoreig.com/CodeSystem/onc-observation-codes",
      "code" : "reasonable-adjustment"
    }]
  },
  "subject" : {
    "reference" : "Patient/patient-example-jane"
  },
  "performer" : [{
    "reference" : "Practitioner/practitioner-example"
  }],
  "valueString" : "Requires large print documents (Font size 16+)."
}