{
  "resourceType" : "Observation",
  "id" : "observation-braden-scale",
  "meta" : {
    "profile" : ["https://opennursingcoreig.com/StructureDefinition/onc-braden-scale-assessment"]
  },
  "text" : {
    "status" : "generated",
    "div" : "<div xmlns=\"http://www.w3.org/1999/xhtml\"><p class=\"res-header-id\"><b>Generated Narrative: Observation observation-braden-scale</b></p><a name=\"observation-braden-scale\"> </a><a name=\"hcobservation-braden-scale\"> </a><div style=\"display: inline-block; background-color: #d9e0e7; padding: 6px; margin: 4px; border: 1px solid #8da1b4; border-radius: 5px; line-height: 60%\"><p style=\"margin-bottom: 0px\"/><p style=\"margin-bottom: 0px\">Profile: <a href=\"StructureDefinition-onc-braden-scale-assessment.html\">Braden Scale Assessment</a></p></div><p><b>status</b>: Final</p><p><b>category</b>: <span title=\"Codes:{http://terminology.hl7.org/CodeSystem/observation-category survey}\">Survey</span></p><p><b>code</b>: <span title=\"Codes:{https://opennursingcoreig.com/CodeSystem/onc-observation-codes braden-total-score}\">Braden Total Score</span></p><p><b>subject</b>: <a href=\"Patient-patient-example-jane.html\">Jane Doe  Female, DoB Unknown</a></p><p><b>performer</b>: <a href=\"Practitioner-practitioner-example.html\">Practitioner Nightingale </a></p><p><b>value</b>: 18 {score}<span style=\"background: LightGoldenRodYellow\"> (Details: UCUM  code1 = '1')</span></p><p><b>hasMember</b>: <a href=\"Observation-observation-skin-tone.html\">Observation Skin type [Fitzpatrick Classification Scale]</a></p><blockquote><p><b>component</b></p><p><b>code</b>: <span title=\"Codes:{https://opennursingcoreig.com/CodeSystem/onc-observation-codes braden-sensory}\">Braden Sensory Perception</span></p><p><b>value</b>: 3 {score}<span style=\"background: LightGoldenRodYellow\"> (Details: UCUM  code1 = '1')</span></p></blockquote><blockquote><p><b>component</b></p><p><b>code</b>: <span title=\"Codes:{https://opennursingcoreig.com/CodeSystem/onc-observation-codes braden-moisture}\">Braden Moisture</span></p><p><b>value</b>: 4 {score}<span style=\"background: LightGoldenRodYellow\"> (Details: UCUM  code1 = '1')</span></p></blockquote><blockquote><p><b>component</b></p><p><b>code</b>: <span title=\"Codes:{https://opennursingcoreig.com/CodeSystem/onc-observation-codes braden-activity}\">Braden Activity</span></p><p><b>value</b>: 2 {score}<span style=\"background: LightGoldenRodYellow\"> (Details: UCUM  code1 = '1')</span></p></blockquote><blockquote><p><b>component</b></p><p><b>code</b>: <span title=\"Codes:{https://opennursingcoreig.com/CodeSystem/onc-observation-codes braden-mobility}\">Braden Mobility</span></p><p><b>value</b>: 3 {score}<span style=\"background: LightGoldenRodYellow\"> (Details: UCUM  code1 = '1')</span></p></blockquote><blockquote><p><b>component</b></p><p><b>code</b>: <span title=\"Codes:{https://opennursingcoreig.com/CodeSystem/onc-observation-codes braden-nutrition}\">Braden Nutrition</span></p><p><b>value</b>: 3 {score}<span style=\"background: LightGoldenRodYellow\"> (Details: UCUM  code1 = '1')</span></p></blockquote><blockquote><p><b>component</b></p><p><b>code</b>: <span title=\"Codes:{https://opennursingcoreig.com/CodeSystem/onc-observation-codes braden-friction}\">Braden Friction/Shear</span></p><p><b>value</b>: 3 {score}<span style=\"background: LightGoldenRodYellow\"> (Details: UCUM  code1 = '1')</span></p></blockquote></div>"
  },
  "status" : "final",
  "category" : [{
    "coding" : [{
      "system" : "http://terminology.hl7.org/CodeSystem/observation-category",
      "code" : "survey"
    }]
  }],
  "code" : {
    "coding" : [{
      "system" : "https://opennursingcoreig.com/CodeSystem/onc-observation-codes",
      "code" : "braden-total-score",
      "display" : "Braden Total Score"
    }]
  },
  "subject" : {
    "reference" : "Patient/patient-example-jane"
  },
  "performer" : [{
    "reference" : "Practitioner/practitioner-example"
  }],
  "valueQuantity" : {
    "value" : 18,
    "unit" : "{score}",
    "system" : "http://unitsofmeasure.org",
    "code" : "1"
  },
  "hasMember" : [{
    "reference" : "Observation/observation-skin-tone"
  }],
  "component" : [{
    "code" : {
      "coding" : [{
        "system" : "https://opennursingcoreig.com/CodeSystem/onc-observation-codes",
        "code" : "braden-sensory",
        "display" : "Braden Sensory Perception"
      }]
    },
    "valueQuantity" : {
      "value" : 3,
      "unit" : "{score}",
      "system" : "http://unitsofmeasure.org",
      "code" : "1"
    }
  },
  {
    "code" : {
      "coding" : [{
        "system" : "https://opennursingcoreig.com/CodeSystem/onc-observation-codes",
        "code" : "braden-moisture",
        "display" : "Braden Moisture"
      }]
    },
    "valueQuantity" : {
      "value" : 4,
      "unit" : "{score}",
      "system" : "http://unitsofmeasure.org",
      "code" : "1"
    }
  },
  {
    "code" : {
      "coding" : [{
        "system" : "https://opennursingcoreig.com/CodeSystem/onc-observation-codes",
        "code" : "braden-activity",
        "display" : "Braden Activity"
      }]
    },
    "valueQuantity" : {
      "value" : 2,
      "unit" : "{score}",
      "system" : "http://unitsofmeasure.org",
      "code" : "1"
    }
  },
  {
    "code" : {
      "coding" : [{
        "system" : "https://opennursingcoreig.com/CodeSystem/onc-observation-codes",
        "code" : "braden-mobility",
        "display" : "Braden Mobility"
      }]
    },
    "valueQuantity" : {
      "value" : 3,
      "unit" : "{score}",
      "system" : "http://unitsofmeasure.org",
      "code" : "1"
    }
  },
  {
    "code" : {
      "coding" : [{
        "system" : "https://opennursingcoreig.com/CodeSystem/onc-observation-codes",
        "code" : "braden-nutrition",
        "display" : "Braden Nutrition"
      }]
    },
    "valueQuantity" : {
      "value" : 3,
      "unit" : "{score}",
      "system" : "http://unitsofmeasure.org",
      "code" : "1"
    }
  },
  {
    "code" : {
      "coding" : [{
        "system" : "https://opennursingcoreig.com/CodeSystem/onc-observation-codes",
        "code" : "braden-friction",
        "display" : "Braden Friction/Shear"
      }]
    },
    "valueQuantity" : {
      "value" : 3,
      "unit" : "{score}",
      "system" : "http://unitsofmeasure.org",
      "code" : "1"
    }
  }]
}