{
  "resourceType" : "Observation",
  "id" : "observation-braden-scale",
  "meta" : {
    "profile" : ["https://clinyqai.github.io/open-nursing-core-ig/StructureDefinition/onc-braden-scale-assessment"]
  },
  "text" : {
    "status" : "generated",
    "div" : "<div xmlns=\"http://www.w3.org/1999/xhtml\"><p class=\"res-header-id\"><b>Generated Narrative: Observation observation-braden-scale</b></p><a name=\"observation-braden-scale\"> </a><a name=\"hcobservation-braden-scale\"> </a><div style=\"display: inline-block; background-color: #d9e0e7; padding: 6px; margin: 4px; border: 1px solid #8da1b4; border-radius: 5px; line-height: 60%\"><p style=\"margin-bottom: 0px\"/><p style=\"margin-bottom: 0px\">Profile: <a href=\"StructureDefinition-onc-braden-scale-assessment.html\">Braden Scale Assessment</a></p></div><p><b>status</b>: Final</p><p><b>category</b>: <span title=\"Codes:{http://terminology.hl7.org/CodeSystem/observation-category nursing}\">nursing</span></p><p><b>code</b>: <span title=\"Codes:{http://loinc.org 9017-7}\">Braden Scale total score</span></p><p><b>subject</b>: <a href=\"Patient-patient-example-jane.html\">Jane Doe  Female, DoB Unknown</a></p><p><b>performer</b>: <a href=\"Practitioner-practitioner-example.html\">Practitioner Nightingale </a></p><p><b>value</b>: 18 score<span style=\"background: LightGoldenRodYellow\"> (Details: UCUM  code{score} = '{score}')</span></p><blockquote><p><b>component</b></p><p><b>code</b>: <span title=\"Codes:{http://loinc.org 74012-8}\">Sensory Perception</span></p><p><b>value</b>: 3 score<span style=\"background: LightGoldenRodYellow\"> (Details: UCUM  code{score} = '{score}')</span></p></blockquote><blockquote><p><b>component</b></p><p><b>code</b>: <span title=\"Codes:{http://loinc.org 74013-6}\">Moisture</span></p><p><b>value</b>: 4 score<span style=\"background: LightGoldenRodYellow\"> (Details: UCUM  code{score} = '{score}')</span></p></blockquote><blockquote><p><b>component</b></p><p><b>code</b>: <span title=\"Codes:{http://loinc.org 74014-4}\">Activity</span></p><p><b>value</b>: 2 score<span style=\"background: LightGoldenRodYellow\"> (Details: UCUM  code{score} = '{score}')</span></p></blockquote><blockquote><p><b>component</b></p><p><b>code</b>: <span title=\"Codes:{http://loinc.org 74015-1}\">Mobility</span></p><p><b>value</b>: 3 score<span style=\"background: LightGoldenRodYellow\"> (Details: UCUM  code{score} = '{score}')</span></p></blockquote><blockquote><p><b>component</b></p><p><b>code</b>: <span title=\"Codes:{http://loinc.org 74016-9}\">Nutrition</span></p><p><b>value</b>: 3 score<span style=\"background: LightGoldenRodYellow\"> (Details: UCUM  code{score} = '{score}')</span></p></blockquote><blockquote><p><b>component</b></p><p><b>code</b>: <span title=\"Codes:{http://loinc.org 74017-7}\">Friction and Shear</span></p><p><b>value</b>: 3 score<span style=\"background: LightGoldenRodYellow\"> (Details: UCUM  code{score} = '{score}')</span></p></blockquote></div>"
  },
  "status" : "final",
  "category" : [{
    "coding" : [{
      "system" : "http://terminology.hl7.org/CodeSystem/observation-category",
      "code" : "nursing"
    }]
  }],
  "code" : {
    "coding" : [{
      "system" : "http://loinc.org",
      "code" : "9017-7",
      "display" : "Braden Scale total score"
    }]
  },
  "subject" : {
    "reference" : "Patient/patient-example-jane"
  },
  "performer" : [{
    "reference" : "Practitioner/practitioner-example"
  }],
  "valueQuantity" : {
    "value" : 18,
    "unit" : "score",
    "system" : "http://unitsofmeasure.org",
    "code" : "{score}"
  },
  "component" : [{
    "code" : {
      "coding" : [{
        "system" : "http://loinc.org",
        "code" : "74012-8",
        "display" : "Sensory Perception"
      }]
    },
    "valueQuantity" : {
      "value" : 3,
      "unit" : "score",
      "system" : "http://unitsofmeasure.org",
      "code" : "{score}"
    }
  },
  {
    "code" : {
      "coding" : [{
        "system" : "http://loinc.org",
        "code" : "74013-6",
        "display" : "Moisture"
      }]
    },
    "valueQuantity" : {
      "value" : 4,
      "unit" : "score",
      "system" : "http://unitsofmeasure.org",
      "code" : "{score}"
    }
  },
  {
    "code" : {
      "coding" : [{
        "system" : "http://loinc.org",
        "code" : "74014-4",
        "display" : "Activity"
      }]
    },
    "valueQuantity" : {
      "value" : 2,
      "unit" : "score",
      "system" : "http://unitsofmeasure.org",
      "code" : "{score}"
    }
  },
  {
    "code" : {
      "coding" : [{
        "system" : "http://loinc.org",
        "code" : "74015-1",
        "display" : "Mobility"
      }]
    },
    "valueQuantity" : {
      "value" : 3,
      "unit" : "score",
      "system" : "http://unitsofmeasure.org",
      "code" : "{score}"
    }
  },
  {
    "code" : {
      "coding" : [{
        "system" : "http://loinc.org",
        "code" : "74016-9",
        "display" : "Nutrition"
      }]
    },
    "valueQuantity" : {
      "value" : 3,
      "unit" : "score",
      "system" : "http://unitsofmeasure.org",
      "code" : "{score}"
    }
  },
  {
    "code" : {
      "coding" : [{
        "system" : "http://loinc.org",
        "code" : "74017-7",
        "display" : "Friction and Shear"
      }]
    },
    "valueQuantity" : {
      "value" : 3,
      "unit" : "score",
      "system" : "http://unitsofmeasure.org",
      "code" : "{score}"
    }
  }]
}