{
  "resourceType" : "Observation",
  "id" : "example-abc-chart",
  "meta" : {
    "profile" : ["https://fhir.clinyq.ai/StructureDefinition/onc-abc-chart"]
  },
  "text" : {
    "status" : "generated",
    "div" : "<div xmlns=\"http://www.w3.org/1999/xhtml\"><p class=\"res-header-id\"><b>Generated Narrative: Observation example-abc-chart</b></p><a name=\"example-abc-chart\"> </a><a name=\"hcexample-abc-chart\"> </a><div style=\"display: inline-block; background-color: #d9e0e7; padding: 6px; margin: 4px; border: 1px solid #8da1b4; border-radius: 5px; line-height: 60%\"><p style=\"margin-bottom: 0px\"/><p style=\"margin-bottom: 0px\">Profile: <a href=\"StructureDefinition-onc-abc-chart.html\">PBS ABC Chart</a></p></div><p><b>status</b>: Final</p><p><b>category</b>: <span title=\"Codes:{http://terminology.hl7.org/CodeSystem/observation-category survey}\">Survey</span></p><p><b>code</b>: <span title=\"Codes:{https://opennursingcoreig.com/CodeSystem/onc-observation-codes abc-chart}\">ABC Chart</span></p><p><b>subject</b>: <a href=\"Patient-patient-example-jane.html\">Jane Doe  Female, DoB Unknown</a></p><p><b>performer</b>: <a href=\"Practitioner-practitioner-example.html\">Practitioner Nightingale </a></p><p><b>value</b>: <span title=\"Codes:\">Frustration/Tangible</span></p><p><b>note</b>: </p><blockquote><div><p>Aggressive episode managed with de-escalation.</p>\n</div></blockquote><blockquote><p><b>component</b></p><p><b>code</b>: <span title=\"Codes:{https://opennursingcoreig.com/CodeSystem/onc-observation-codes abc-antecedent}\">Antecedent</span></p><p><b>value</b>: Denied access to garden due to rain.</p></blockquote><blockquote><p><b>component</b></p><p><b>code</b>: <span title=\"Codes:{https://opennursingcoreig.com/CodeSystem/onc-observation-codes abc-behaviour}\">Behaviour</span></p><p><b>value</b>: Shouting and hitting door.</p></blockquote><blockquote><p><b>component</b></p><p><b>code</b>: <span title=\"Codes:{https://opennursingcoreig.com/CodeSystem/onc-observation-codes abc-consequence}\">Consequence</span></p><p><b>value</b>: Verbal de-escalation, distraction with music.</p></blockquote></div>"
  },
  "status" : "final",
  "category" : [{
    "coding" : [{
      "system" : "http://terminology.hl7.org/CodeSystem/observation-category",
      "code" : "survey"
    }]
  }],
  "code" : {
    "coding" : [{
      "system" : "https://opennursingcoreig.com/CodeSystem/onc-observation-codes",
      "code" : "abc-chart"
    }]
  },
  "subject" : {
    "reference" : "Patient/patient-example-jane"
  },
  "performer" : [{
    "reference" : "Practitioner/practitioner-example"
  }],
  "valueCodeableConcept" : {
    "text" : "Frustration/Tangible"
  },
  "note" : [{
    "text" : "Aggressive episode managed with de-escalation."
  }],
  "component" : [{
    "code" : {
      "coding" : [{
        "system" : "https://opennursingcoreig.com/CodeSystem/onc-observation-codes",
        "code" : "abc-antecedent"
      }]
    },
    "valueString" : "Denied access to garden due to rain."
  },
  {
    "code" : {
      "coding" : [{
        "system" : "https://opennursingcoreig.com/CodeSystem/onc-observation-codes",
        "code" : "abc-behaviour"
      }]
    },
    "valueString" : "Shouting and hitting door."
  },
  {
    "code" : {
      "coding" : [{
        "system" : "https://opennursingcoreig.com/CodeSystem/onc-observation-codes",
        "code" : "abc-consequence"
      }]
    },
    "valueString" : "Verbal de-escalation, distraction with music."
  }]
}