{
  "resourceType" : "Observation",
  "id" : "observation-braden-scale",
  "meta" : {
    "profile" : ["https://clinyqai.github.io/open-nursing-core-ig/StructureDefinition/onc-braden-scale-assessment"]
  },
  "text" : {
    "status" : "generated",
    "div" : "<div xmlns=\"http://www.w3.org/1999/xhtml\"><p class=\"res-header-id\"><b>Generated Narrative: Observation observation-braden-scale</b></p><a name=\"observation-braden-scale\"> </a><a name=\"hcobservation-braden-scale\"> </a><div style=\"display: inline-block; background-color: #d9e0e7; padding: 6px; margin: 4px; border: 1px solid #8da1b4; border-radius: 5px; line-height: 60%\"><p style=\"margin-bottom: 0px\"/><p style=\"margin-bottom: 0px\">Profile: <a href=\"StructureDefinition-onc-braden-scale-assessment.html\">Braden Scale Assessment</a></p></div><p><b>status</b>: Final</p><p><b>category</b>: <span title=\"Codes:{http://terminology.hl7.org/CodeSystem/observation-category nursing}\">nursing</span></p><p><b>code</b>: <span title=\"Codes:{http://loinc.org 38227-0}\">Braden scale total score</span></p><p><b>subject</b>: <a href=\"Patient-patient-example-jane.html\">Jane Doe  Female, DoB Unknown</a></p><p><b>performer</b>: <a href=\"Practitioner-practitioner-example.html\">Practitioner Nightingale </a></p><p><b>value</b>: 18 {score}<span style=\"background: LightGoldenRodYellow\"> (Details: UCUM  code1 = '1')</span></p><blockquote><p><b>component</b></p><p><b>code</b>: <span title=\"Codes:{http://loinc.org 38222-1}\">Sensory perception Braden scale</span></p><p><b>value</b>: 3 {score}<span style=\"background: LightGoldenRodYellow\"> (Details: UCUM  code1 = '1')</span></p></blockquote><blockquote><p><b>component</b></p><p><b>code</b>: <span title=\"Codes:{http://loinc.org 38229-6}\">Moisture Braden scale</span></p><p><b>value</b>: 4 {score}<span style=\"background: LightGoldenRodYellow\"> (Details: UCUM  code1 = '1')</span></p></blockquote><blockquote><p><b>component</b></p><p><b>code</b>: <span title=\"Codes:{http://loinc.org 38223-9}\">Activity Braden scale</span></p><p><b>value</b>: 2 {score}<span style=\"background: LightGoldenRodYellow\"> (Details: UCUM  code1 = '1')</span></p></blockquote><blockquote><p><b>component</b></p><p><b>code</b>: <span title=\"Codes:{http://loinc.org 38224-7}\">Mobility Braden scale</span></p><p><b>value</b>: 3 {score}<span style=\"background: LightGoldenRodYellow\"> (Details: UCUM  code1 = '1')</span></p></blockquote><blockquote><p><b>component</b></p><p><b>code</b>: <span title=\"Codes:{http://loinc.org 38225-4}\">Nutrition Braden scale</span></p><p><b>value</b>: 3 {score}<span style=\"background: LightGoldenRodYellow\"> (Details: UCUM  code1 = '1')</span></p></blockquote><blockquote><p><b>component</b></p><p><b>code</b>: <span title=\"Codes:{http://loinc.org 38226-2}\">Friction and shear Braden scale</span></p><p><b>value</b>: 3 {score}<span style=\"background: LightGoldenRodYellow\"> (Details: UCUM  code1 = '1')</span></p></blockquote></div>"
  },
  "status" : "final",
  "category" : [{
    "coding" : [{
      "system" : "http://terminology.hl7.org/CodeSystem/observation-category",
      "code" : "nursing"
    }]
  }],
  "code" : {
    "coding" : [{
      "system" : "http://loinc.org",
      "code" : "38227-0",
      "display" : "Braden scale total score"
    }]
  },
  "subject" : {
    "reference" : "Patient/patient-example-jane"
  },
  "performer" : [{
    "reference" : "Practitioner/practitioner-example"
  }],
  "valueQuantity" : {
    "value" : 18,
    "unit" : "{score}",
    "system" : "http://unitsofmeasure.org",
    "code" : "1"
  },
  "component" : [{
    "code" : {
      "coding" : [{
        "system" : "http://loinc.org",
        "code" : "38222-1",
        "display" : "Sensory perception Braden scale"
      }]
    },
    "valueQuantity" : {
      "value" : 3,
      "unit" : "{score}",
      "system" : "http://unitsofmeasure.org",
      "code" : "1"
    }
  },
  {
    "code" : {
      "coding" : [{
        "system" : "http://loinc.org",
        "code" : "38229-6",
        "display" : "Moisture Braden scale"
      }]
    },
    "valueQuantity" : {
      "value" : 4,
      "unit" : "{score}",
      "system" : "http://unitsofmeasure.org",
      "code" : "1"
    }
  },
  {
    "code" : {
      "coding" : [{
        "system" : "http://loinc.org",
        "code" : "38223-9",
        "display" : "Activity Braden scale"
      }]
    },
    "valueQuantity" : {
      "value" : 2,
      "unit" : "{score}",
      "system" : "http://unitsofmeasure.org",
      "code" : "1"
    }
  },
  {
    "code" : {
      "coding" : [{
        "system" : "http://loinc.org",
        "code" : "38224-7",
        "display" : "Mobility Braden scale"
      }]
    },
    "valueQuantity" : {
      "value" : 3,
      "unit" : "{score}",
      "system" : "http://unitsofmeasure.org",
      "code" : "1"
    }
  },
  {
    "code" : {
      "coding" : [{
        "system" : "http://loinc.org",
        "code" : "38225-4",
        "display" : "Nutrition Braden scale"
      }]
    },
    "valueQuantity" : {
      "value" : 3,
      "unit" : "{score}",
      "system" : "http://unitsofmeasure.org",
      "code" : "1"
    }
  },
  {
    "code" : {
      "coding" : [{
        "system" : "http://loinc.org",
        "code" : "38226-2",
        "display" : "Friction and shear Braden scale"
      }]
    },
    "valueQuantity" : {
      "value" : 3,
      "unit" : "{score}",
      "system" : "http://unitsofmeasure.org",
      "code" : "1"
    }
  }]
}