{
  "resourceType" : "Goal",
  "id" : "example-patient-goal",
  "meta" : {
    "profile" : ["http://open-nursing-core.org/StructureDefinition/onc-patient-goal"]
  },
  "text" : {
    "status" : "generated",
    "div" : "<div xmlns=\"http://www.w3.org/1999/xhtml\"><p class=\"res-header-id\"><b>Generated Narrative: Goal example-patient-goal</b></p><a name=\"example-patient-goal\"> </a><a name=\"hcexample-patient-goal\"> </a><div style=\"display: inline-block; background-color: #d9e0e7; padding: 6px; margin: 4px; border: 1px solid #8da1b4; border-radius: 5px; line-height: 60%\"><p style=\"margin-bottom: 0px\"/><p style=\"margin-bottom: 0px\">Profile: <a href=\"StructureDefinition-onc-patient-goal.html\">Open Nursing Core Patient Goal</a></p></div><p><b>lifecycleStatus</b>: Active</p><p><b>description</b>: <span title=\"Codes:\">Patient will remain free from falls throughout the hospital stay.</span></p><p><b>subject</b>: <a href=\"Patient-patient-example.html\">John Smith  Male, DoB Unknown</a></p><p><b>addresses</b>: <a href=\"Condition-example-nursing-problem.html\">Condition Risk of falls (finding)</a></p></div>"
  },
  "lifecycleStatus" : "active",
  "description" : {
    "text" : "Patient will remain free from falls throughout the hospital stay."
  },
  "subject" : {
    "reference" : "Patient/patient-example"
  },
  "addresses" : [{
    "reference" : "Condition/example-nursing-problem"
  }]
}