{
  "resourceType" : "Observation",
  "id" : "example-oral-health",
  "meta" : {
    "profile" : ["https://fhir.clinyq.ai/StructureDefinition/onc-oral-health"]
  },
  "text" : {
    "status" : "generated",
    "div" : "<div xmlns=\"http://www.w3.org/1999/xhtml\"><p class=\"res-header-id\"><b>Generated Narrative: Observation example-oral-health</b></p><a name=\"example-oral-health\"> </a><a name=\"hcexample-oral-health\"> </a><div style=\"display: inline-block; background-color: #d9e0e7; padding: 6px; margin: 4px; border: 1px solid #8da1b4; border-radius: 5px; line-height: 60%\"><p style=\"margin-bottom: 0px\"/><p style=\"margin-bottom: 0px\">Profile: <a href=\"StructureDefinition-onc-oral-health.html\">Oral Health Assessment</a></p></div><p><b>status</b>: Final</p><p><b>category</b>: <span title=\"Codes:{http://terminology.hl7.org/CodeSystem/observation-category exam}\">Exam</span></p><p><b>code</b>: <span title=\"Codes:{https://clinyqai.github.io/open-nursing-core-ig/CodeSystem/onc-observation-codes oral-health-score}\">Oral Health Score</span></p><p><b>subject</b>: <a href=\"Patient-patient-example-jane.html\">Jane Doe  Female, DoB Unknown</a></p><p><b>performer</b>: <a href=\"Practitioner-practitioner-example.html\">Practitioner Nightingale </a></p><p><b>value</b>: 0 {score}</p><blockquote><p><b>component</b></p><p><b>code</b>: <span title=\"Codes:{https://clinyqai.github.io/open-nursing-core-ig/CodeSystem/onc-observation-codes oral-lips}\">Lips</span></p><p><b>value</b>: Pink, moist</p></blockquote><blockquote><p><b>component</b></p><p><b>code</b>: <span title=\"Codes:{https://clinyqai.github.io/open-nursing-core-ig/CodeSystem/onc-observation-codes oral-tongue}\">Tongue</span></p><p><b>value</b>: Pink, moist</p></blockquote><blockquote><p><b>component</b></p><p><b>code</b>: <span title=\"Codes:{https://clinyqai.github.io/open-nursing-core-ig/CodeSystem/onc-observation-codes oral-gums}\">Gums</span></p><p><b>value</b>: Healthy</p></blockquote><blockquote><p><b>component</b></p><p><b>code</b>: <span title=\"Codes:{https://clinyqai.github.io/open-nursing-core-ig/CodeSystem/onc-observation-codes oral-teeth}\">Teeth/Dentures</span></p><p><b>value</b>: Own teeth, good repair</p></blockquote></div>"
  },
  "status" : "final",
  "category" : [{
    "coding" : [{
      "system" : "http://terminology.hl7.org/CodeSystem/observation-category",
      "code" : "exam"
    }]
  }],
  "code" : {
    "coding" : [{
      "system" : "https://clinyqai.github.io/open-nursing-core-ig/CodeSystem/onc-observation-codes",
      "code" : "oral-health-score"
    }]
  },
  "subject" : {
    "reference" : "Patient/patient-example-jane"
  },
  "performer" : [{
    "reference" : "Practitioner/practitioner-example"
  }],
  "valueQuantity" : {
    "value" : 0,
    "unit" : "{score}"
  },
  "component" : [{
    "code" : {
      "coding" : [{
        "system" : "https://clinyqai.github.io/open-nursing-core-ig/CodeSystem/onc-observation-codes",
        "code" : "oral-lips"
      }]
    },
    "valueString" : "Pink, moist"
  },
  {
    "code" : {
      "coding" : [{
        "system" : "https://clinyqai.github.io/open-nursing-core-ig/CodeSystem/onc-observation-codes",
        "code" : "oral-tongue"
      }]
    },
    "valueString" : "Pink, moist"
  },
  {
    "code" : {
      "coding" : [{
        "system" : "https://clinyqai.github.io/open-nursing-core-ig/CodeSystem/onc-observation-codes",
        "code" : "oral-gums"
      }]
    },
    "valueString" : "Healthy"
  },
  {
    "code" : {
      "coding" : [{
        "system" : "https://clinyqai.github.io/open-nursing-core-ig/CodeSystem/onc-observation-codes",
        "code" : "oral-teeth"
      }]
    },
    "valueString" : "Own teeth, good repair"
  }]
}