{
  "resourceType" : "Observation",
  "id" : "example-fluid-balance",
  "meta" : {
    "profile" : ["https://fhir.clinyq.ai/StructureDefinition/onc-fluid-balance"]
  },
  "text" : {
    "status" : "generated",
    "div" : "<div xmlns=\"http://www.w3.org/1999/xhtml\"><p class=\"res-header-id\"><b>Generated Narrative: Observation example-fluid-balance</b></p><a name=\"example-fluid-balance\"> </a><a name=\"hcexample-fluid-balance\"> </a><div style=\"display: inline-block; background-color: #d9e0e7; padding: 6px; margin: 4px; border: 1px solid #8da1b4; border-radius: 5px; line-height: 60%\"><p style=\"margin-bottom: 0px\"/><p style=\"margin-bottom: 0px\">Profile: <a href=\"StructureDefinition-onc-fluid-balance.html\">Fluid Balance</a></p></div><p><b>status</b>: Final</p><p><b>category</b>: <span title=\"Codes:{http://terminology.hl7.org/CodeSystem/observation-category exam}\">Exam</span></p><p><b>code</b>: <span title=\"Codes:{https://clinyqai.github.io/open-nursing-core-ig/CodeSystem/onc-observation-codes fluid-balance}\">Fluid Balance</span></p><p><b>subject</b>: <a href=\"Patient-patient-example-jane.html\">Jane Doe  Female, DoB Unknown</a></p><p><b>performer</b>: <a href=\"Practitioner-practitioner-example.html\">Practitioner Nightingale </a></p><p><b>value</b>: 500 mL</p><blockquote><p><b>component</b></p><p><b>code</b>: <span title=\"Codes:{https://clinyqai.github.io/open-nursing-core-ig/CodeSystem/onc-observation-codes fluid-input-total}\">Total Fluid Input</span></p><p><b>value</b>: 2000 mL</p></blockquote><blockquote><p><b>component</b></p><p><b>code</b>: <span title=\"Codes:{https://clinyqai.github.io/open-nursing-core-ig/CodeSystem/onc-observation-codes fluid-output-total}\">Total Fluid Output</span></p><p><b>value</b>: 1500 mL</p></blockquote></div>"
  },
  "status" : "final",
  "category" : [{
    "coding" : [{
      "system" : "http://terminology.hl7.org/CodeSystem/observation-category",
      "code" : "exam"
    }]
  }],
  "code" : {
    "coding" : [{
      "system" : "https://clinyqai.github.io/open-nursing-core-ig/CodeSystem/onc-observation-codes",
      "code" : "fluid-balance"
    }]
  },
  "subject" : {
    "reference" : "Patient/patient-example-jane"
  },
  "performer" : [{
    "reference" : "Practitioner/practitioner-example"
  }],
  "valueQuantity" : {
    "value" : 500,
    "unit" : "mL"
  },
  "component" : [{
    "code" : {
      "coding" : [{
        "system" : "https://clinyqai.github.io/open-nursing-core-ig/CodeSystem/onc-observation-codes",
        "code" : "fluid-input-total"
      }]
    },
    "valueQuantity" : {
      "value" : 2000,
      "unit" : "mL"
    }
  },
  {
    "code" : {
      "coding" : [{
        "system" : "https://clinyqai.github.io/open-nursing-core-ig/CodeSystem/onc-observation-codes",
        "code" : "fluid-output-total"
      }]
    },
    "valueQuantity" : {
      "value" : 1500,
      "unit" : "mL"
    }
  }]
}