{
  "resourceType" : "Observation",
  "id" : "example-what-matters",
  "meta" : {
    "profile" : ["https://fhir.clinyq.ai/StructureDefinition/onc-what-matters"]
  },
  "text" : {
    "status" : "generated",
    "div" : "<div xmlns=\"http://www.w3.org/1999/xhtml\"><p class=\"res-header-id\"><b>Generated Narrative: Observation example-what-matters</b></p><a name=\"example-what-matters\"> </a><a name=\"hcexample-what-matters\"> </a><div style=\"display: inline-block; background-color: #d9e0e7; padding: 6px; margin: 4px; border: 1px solid #8da1b4; border-radius: 5px; line-height: 60%\"><p style=\"margin-bottom: 0px\"/><p style=\"margin-bottom: 0px\">Profile: <a href=\"StructureDefinition-onc-what-matters.html\">What Matters to Me</a></p></div><p><b>status</b>: Final</p><p><b>category</b>: <span title=\"Codes:{http://terminology.hl7.org/CodeSystem/observation-category social-history}\">Social History</span></p><p><b>code</b>: <span title=\"Codes:{https://clinyqai.github.io/open-nursing-core-ig/CodeSystem/onc-observation-codes what-matters}\">What Matters to Me</span></p><p><b>subject</b>: <a href=\"Patient-patient-example-jane.html\">Jane Doe  Female, DoB Unknown</a></p><p><b>performer</b>: <a href=\"Practitioner-practitioner-example.html\">Practitioner Nightingale </a></p><p><b>value</b>: Being able to walk her dog (Buster) daily.</p><p><b>note</b>: </p><blockquote><div><p>This is her primary motivation for physiotherapy.</p>\n</div></blockquote></div>"
  },
  "status" : "final",
  "category" : [{
    "coding" : [{
      "system" : "http://terminology.hl7.org/CodeSystem/observation-category",
      "code" : "social-history"
    }]
  }],
  "code" : {
    "coding" : [{
      "system" : "https://clinyqai.github.io/open-nursing-core-ig/CodeSystem/onc-observation-codes",
      "code" : "what-matters"
    }]
  },
  "subject" : {
    "reference" : "Patient/patient-example-jane"
  },
  "performer" : [{
    "reference" : "Practitioner/practitioner-example"
  }],
  "valueString" : "Being able to walk her dog (Buster) daily.",
  "note" : [{
    "text" : "This is her primary motivation for physiotherapy."
  }]
}